title,report_date,detail_url,bog_pvoil
Báo cáo quỹ bình ổn giá xăng dầu ngày 04/6/2026,04/6/2026,https://www.pvoil.com.vn/bao-cao-quy-binh-on-gia-xang-dau-ngay-0462026,"-1.556,33 tỷ đồng"
Báo cáo quỹ bình ổn giá xăng dầu ngày 28/5/2026,28/5/2026,https://www.pvoil.com.vn/bao-cao-quy-binh-on-gia-xang-dau-ngay-2852026,"-1.611,45 tỷ đồng"
Báo cáo quỹ bình ổn giá xăng dầu ngày 21/5/2026,21/5/2026,https://www.pvoil.com.vn/bao-cao-quy-binh-on-gia-xang-dau-ngay-2152026,"-1.611,45 tỷ đồng"
Báo cáo quỹ bình ổn giá xăng dầu ngày 14/5/2026,14/5/2026,https://www.pvoil.com.vn/bao-cao-quy-binh-on-gia-xang-dau-ngay-1452026,"-1.611,45 tỷ đồng"
Báo cáo quỹ bình ổn giá xăng dầu ngày 07/05/2026,07/05/2026,https://www.pvoil.com.vn/bao-cao-quy-binh-on-gia-xang-dau-ngay-07052026,"-1.611,45 tỷ đồng"
Báo cáo quỹ bình ổn giá xăng dầu ngày 29/04/2026,29/04/2026,https://www.pvoil.com.vn/bao-cao-quy-binh-on-gia-xang-dau-ngay-29042026,"-1.611,45 tỷ đồng"
Báo cáo quỹ bình ổn giá xăng dầu ngày 23/04/2026,23/04/2026,https://www.pvoil.com.vn/bao-cao-quy-binh-on-gia-xang-dau-ngay-23042026,"-1.651,14 tỷ đồng"
Báo cáo quỹ bình ổn giá xăng dầu ngày 21/04/2026,21/04/2026,https://www.pvoil.com.vn/bao-cao-quy-binh-on-gia-xang-dau-ngay-21042026,"-1.670,97 tỷ đồng"
Báo cáo quỹ bình ổn giá xăng dầu ngày 16/04/2026,16/04/2026,https://www.pvoil.com.vn/bao-cao-quy-binh-on-gia-xang-dau-ngay-16042026,"-1.692,18 tỷ đồng"
Báo cáo quỹ bình ổn giá xăng dầu ngày 09/04/2026,09/04/2026,https://www.pvoil.com.vn/bao-cao-quy-binh-on-gia-xang-dau-ngay-09042026,"-1.765,82 tỷ đồng"
Báo cáo quỹ bình ổn giá xăng dầu ngày 08/04/2026,08/04/2026,https://www.pvoil.com.vn/bao-cao-quy-binh-on-gia-xang-dau-ngay-08042026,"-1.765,82 tỷ đồng"
Báo cáo quỹ bình ổn giá xăng dầu ngày 03/04/2026,03/04/2026,https://www.pvoil.com.vn/bao-cao-quy-binh-on-gia-xang-dau-ngay-03042026,"-1.437,74 tỷ đồng"
Báo cáo quỹ bình ổn giá xăng dầu ngày 02/04/2026,02/04/2026,https://www.pvoil.com.vn/bao-cao-quy-binh-on-gia-xang-dau-ngay-02042026,"-1.437,74 tỷ đồng"
Báo cáo quỹ bình ổn giá xăng dầu ngày 26/03/2026,26/03/2026,https://www.pvoil.com.vn/bao-cao-quy-binh-on-gia-xang-dau-ngay-26032026,"-1.437,74 tỷ đồng"
Báo cáo quỹ bình ổn giá xăng dầu ngày 25/03/2026,25/03/2026,https://www.pvoil.com.vn/bao-cao-quy-binh-on-gia-xang-dau-ngay-25032026,"-1.329,27 tỷ đồng"
Báo cáo quỹ bình ổn giá xăng dầu ngày 24/03/2026,24/03/2026,https://www.pvoil.com.vn/bao-cao-quy-binh-on-gia-xang-dau-ngay-24032026,"-1.325,88 tỷ đồng"
Báo cáo quỹ bình ổn giá xăng dầu ngày 23/03/2026,23/03/2026,https://www.pvoil.com.vn/bao-cao-quy-binh-on-gia-xang-dau-ngay-23032026,"-1.224,77 tỷ đồng"
Báo cáo quỹ bình ổn giá xăng dầu ngày 22/03/2026,22/03/2026,https://www.pvoil.com.vn/bao-cao-quy-binh-on-gia-xang-dau-ngay-22032026,"-1.122,39 tỷ đồng"
Báo cáo quỹ bình ổn giá xăng dầu ngày 21/03/2026,21/03/2026,https://www.pvoil.com.vn/bao-cao-quy-binh-on-gia-xang-dau-ngay-21032026,"-1.061,64 tỷ đồng"
Báo cáo quỹ bình ổn giá xăng dầu ngày 20/03/2026,20/03/2026,https://www.pvoil.com.vn/bao-cao-quy-binh-on-gia-xang-dau-ngay-20032026,"-1.027,31 tỷ đồng"
Báo cáo quỹ bình ổn giá xăng dầu ngày 19/03/2026,19/03/2026,https://www.pvoil.com.vn/bao-cao-quy-binh-on-gia-xang-dau-ngay-19032026,"-872,58 tỷ đồng"
Báo cáo quỹ bình ổn giá xăng dầu ngày 18/03/2026,18/03/2026,https://www.pvoil.com.vn/bao-cao-quy-binh-on-gia-xang-dau-ngay-18032026,"-793,52 tỷ đồng"
Báo cáo quỹ bình ổn giá xăng dầu ngày 17/03/2026,17/03/2026,https://www.pvoil.com.vn/bao-cao-quy-binh-on-gia-xang-dau-ngay-17032026,"-702,97 tỷ đồng"
Báo cáo quỹ bình ổn giá xăng dầu ngày 16/03/2026,16/03/2026,https://www.pvoil.com.vn/bao-cao-quy-binh-on-gia-xang-dau-ngay-16032026,"-652,05 tỷ đồng"
Báo cáo quỹ bình ổn giá xăng dầu ngày 15/03/2026,15/03/2026,https://www.pvoil.com.vn/bao-cao-quy-binh-on-gia-xang-dau-ngay-15032026,"-557,34 tỷ đồng"
Báo cáo quỹ bình ổn giá xăng dầu ngày 14/03/2026,14/03/2026,https://www.pvoil.com.vn/bao-cao-quy-binh-on-gia-xang-dau-ngay-14032026,"-482,54 tỷ đồng"
Báo cáo quỹ bình ổn giá xăng dầu ngày 13/03/2026,13/03/2026,https://www.pvoil.com.vn/bao-cao-quy-binh-on-gia-xang-dau-ngay-13032026,"-402,94 tỷ đồng"
Báo cáo quỹ bình ổn giá xăng dầu ngày 12/03/2026,12/03/2026,https://www.pvoil.com.vn/bao-cao-quy-binh-on-gia-xang-dau-ngay-12032026,"-342,17 tỷ đồng"
Báo cáo quỹ bình ổn giá xăng dầu ngày 11/03/2026,11/03/2026,https://www.pvoil.com.vn/bao-cao-quy-binh-on-gia-xang-dau-ngay-11032026,"-216,96 tỷ đồng"
Báo cáo quỹ bình ổn giá xăng dầu ngày 10/03/2026,10/03/2026,https://www.pvoil.com.vn/bao-cao-quy-binh-on-gia-xang-dau-ngay-10032026,"-138,42 tỷ đồng"
Báo cáo quỹ bình ổn giá xăng dầu ngày 05/03/2026,05/03/2026,https://www.pvoil.com.vn/bao-cao-quy-binh-on-gia-xang-dau-ngay-05032026,"-138,42 tỷ đồng"
Báo cáo quỹ bình ổn giá xăng dầu ngày 25/02/2026,25/02/2026,https://www.pvoil.com.vn/bao-cao-quy-binh-on-gia-xang-dau-ngay-25022026,"-138,42 tỷ đồng"
Báo cáo quỹ bình ổn giá xăng dầu ngày 20/02/2026,20/02/2026,https://www.pvoil.com.vn/bao-cao-quy-binh-on-gia-xang-dau-ngay-20022026,"-138,42 tỷ đồng"
Báo cáo quỹ bình ổn giá xăng dầu ngày 12/02/2026,12/02/2026,https://www.pvoil.com.vn/bao-cao-quy-binh-on-gia-xang-dau-ngay-12022026,"-138,42 tỷ đồng"
Báo cáo quỹ bình ổn giá xăng dầu ngày 05/02/2026,05/02/2026,https://www.pvoil.com.vn/bao-cao-quy-binh-on-gia-xang-dau-ngay-05022026,"-138,42 tỷ đồng"
Báo cáo quỹ bình ổn giá xăng dầu ngày 29/01/2026,29/01/2026,https://www.pvoil.com.vn/bao-cao-quy-binh-on-gia-xang-dau-ngay-29012026,"-138,42 tỷ đồng"
Báo cáo quỹ bình ổn giá xăng dầu ngày 22/01/2026,22/01/2026,https://www.pvoil.com.vn/bao-cao-quy-binh-on-gia-xang-dau-ngay-22012026,"-138,42 tỷ đồng"
Báo cáo quỹ bình ổn giá xăng dầu ngày 15/01/2026,15/01/2026,https://www.pvoil.com.vn/bao-cao-quy-binh-on-gia-xang-dau-ngay-15012026,"-138,42 tỷ đồng"
Báo cáo quỹ bình ổn giá xăng dầu ngày 08/01/2026,08/01/2026,https://www.pvoil.com.vn/bao-cao-quy-binh-on-gia-xang-dau-ngay-08012026,"-138,42 tỷ đồng"
Báo cáo quỹ bình ổn giá xăng dầu ngày 31/12/2025,31/12/2025,https://www.pvoil.com.vn/bao-cao-quy-binh-on-gia-xang-dau-ngay-31122025,"-138,42 tỷ đồng"
Báo cáo quỹ bình ổn giá xăng dầu ngày 25/12/2025,25/12/2025,https://www.pvoil.com.vn/bao-cao-quy-binh-on-gia-xang-dau-ngay-25122025-2,"-138,42 tỷ đồng"
Báo cáo quỹ bình ổn giá xăng dầu ngày 18/12/2025,18/12/2025,https://www.pvoil.com.vn/bao-cao-quy-binh-on-gia-xang-dau-ngay-18122025,"-138,42 tỷ đồng"
Báo cáo quỹ bình ổn giá xăng dầu ngày 11/12/2025,11/12/2025,https://www.pvoil.com.vn/bao-cao-quy-binh-on-gia-xang-dau-ngay-11122025,"-138,42 tỷ đồng"
Báo cáo quỹ bình ổn giá xăng dầu ngày 04/12/2025,04/12/2025,https://www.pvoil.com.vn/bao-cao-quy-binh-on-gia-xang-dau-ngay-04122025,"-138,42 tỷ đồng"
Báo cáo quỹ bình ổn giá xăng dầu ngày 27/11/2025,27/11/2025,https://www.pvoil.com.vn/bao-cao-quy-binh-on-gia-xang-dau-ngay-27112025,"-138,42 tỷ đồng"
Báo cáo quỹ bình ổn giá xăng dầu ngày 20/11/2025,20/11/2025,https://www.pvoil.com.vn/bao-cao-quy-binh-on-gia-xang-dau-ngay-20112025,"-138,42 tỷ đồng"
Báo cáo quỹ bình ổn giá xăng dầu ngày 13/11/2025,13/11/2025,https://www.pvoil.com.vn/bao-cao-quy-binh-on-gia-xang-dau-ngay-13112025,"-138,42 tỷ đồng"
Báo cáo quỹ bình ổn giá xăng dầu ngày 06/11/2025,06/11/2025,https://www.pvoil.com.vn/bao-cao-quy-binh-on-gia-xang-dau-ngay-06112025,"-138,42 tỷ đồng"
Báo cáo quỹ bình ổn giá xăng dầu ngày 30/10/2025,30/10/2025,https://www.pvoil.com.vn/bao-cao-quy-binh-on-gia-xang-dau-ngay-30102025,"-138,42 tỷ đồng"
Báo cáo quỹ bình ổn giá xăng dầu ngày 23/10/2025,23/10/2025,https://www.pvoil.com.vn/bao-cao-quy-binh-on-gia-xang-dau-ngay-23102025,"-138,42 tỷ đồng"
Báo cáo quỹ bình ổn giá xăng dầu ngày 16/10/2025,16/10/2025,https://www.pvoil.com.vn/bao-cao-quy-binh-on-gia-xang-dau-ngay-16102025,"-138,42 tỷ đồng"
Báo cáo quỹ bình ổn giá xăng dầu ngày 09/10/2025,09/10/2025,https://www.pvoil.com.vn/bao-cao-quy-binh-on-gia-xang-dau-ngay-09102025,"-138,42 tỷ đồng"
Báo cáo quỹ bình ổn giá xăng dầu ngày 02/10/2025,02/10/2025,https://www.pvoil.com.vn/bao-cao-quy-binh-on-gia-xang-dau-ngay-02102025,"-138,42 tỷ đồng"
Báo cáo quỹ bình ổn giá xăng dầu ngày 25/9/2025,25/9/2025,https://www.pvoil.com.vn/bao-cao-quy-binh-on-gia-xang-dau-ngay-2592025,"-138,42 tỷ đồng"
Báo cáo quỹ bình ổn giá xăng dầu ngày 18/9/2025,18/9/2025,https://www.pvoil.com.vn/bao-cao-quy-binh-on-gia-xang-dau-ngay-1892025,"-138,42 tỷ đồng"
Báo cáo quỹ bình ổn giá xăng dầu ngày 11/9/2025,11/9/2025,https://www.pvoil.com.vn/bao-cao-quy-binh-on-gia-xang-dau-ngay-1192025,"-138,42 tỷ đồng"
Báo cáo quỹ bình ổn giá xăng dầu ngày 04/9/2025,04/9/2025,https://www.pvoil.com.vn/bao-cao-quy-binh-on-gia-xang-dau-ngay-0492025,"-138,42 tỷ đồng"
Báo cáo quỹ bình ổn giá xăng dầu ngày 28/8/2025,28/8/2025,https://www.pvoil.com.vn/bao-cao-quy-binh-on-gia-xang-dau-ngay-2882025,"-138,42 tỷ đồng"
Báo cáo quỹ bình ổn giá xăng dầu ngày 21/8/2025,21/8/2025,https://www.pvoil.com.vn/bao-cao-quy-binh-on-gia-xang-dau-ngay-2182025,"-138,42 tỷ đồng"
Báo cáo quỹ bình ổn giá xăng dầu ngày 14/8/2025,14/8/2025,https://www.pvoil.com.vn/bao-cao-quy-binh-on-gia-xang-dau-ngay-1482025,"-138,42 tỷ đồng"
Báo cáo quỹ bình ổn giá xăng dầu ngày 07/8/2025,07/8/2025,https://www.pvoil.com.vn/bao-cao-quy-binh-on-gia-xang-dau-ngay-0782025,"-138,42 tỷ đồng"
Báo cáo quỹ bình ổn giá xăng dầu ngày 31/7/2025,31/7/2025,https://www.pvoil.com.vn/bao-cao-quy-binh-on-gia-xang-dau-ngay-3172025,"-138,42 tỷ đồng"
Báo cáo quỹ bình ổn giá xăng dầu ngày 24/7/2025,24/7/2025,https://www.pvoil.com.vn/bao-cao-quy-binh-on-gia-xang-dau-ngay-2472025,"-138,42 tỷ đồng"
Báo cáo quỹ bình ổn giá xăng dầu ngày 17/7/2025,17/7/2025,https://www.pvoil.com.vn/bao-cao-quy-binh-on-gia-xang-dau-ngay-1772025,"-138,42 tỷ đồng"
Báo cáo quỹ bình ổn giá xăng dầu ngày 10/7/2025,10/7/2025,https://www.pvoil.com.vn/bao-cao-quy-binh-on-gia-xang-dau-ngay-1072025,"-138,42 tỷ đồng"
Báo cáo quỹ bình ổn giá xăng dầu ngày 03/07/2025,03/07/2025,https://www.pvoil.com.vn/bao-cao-quy-binh-on-gia-xang-dau-ngay-03072025,"-138,42 tỷ đồng"
Báo cáo quỹ bình ổn giá xăng dầu ngày 26/06/2025,26/06/2025,https://www.pvoil.com.vn/bao-cao-quy-binh-on-gia-xang-dau-ngay-26062025,"-138,42 tỷ đồng"
Báo cáo quỹ bình ổn giá xăng dầu ngày 19/06/2025,19/06/2025,https://www.pvoil.com.vn/bao-cao-quy-binh-on-gia-xang-dau-ngay-19062025,"-138,42 tỷ đồng"
Báo cáo quỹ bình ổn giá xăng dầu ngày 12/06/2025,12/06/2025,https://www.pvoil.com.vn/bao-cao-quy-binh-on-gia-xang-dau-ngay-12062025,"-138,42 tỷ đồng"
Báo cáo quỹ bình ổn giá xăng dầu ngày 05/06/2025,05/06/2025,https://www.pvoil.com.vn/bao-cao-quy-binh-on-gia-xang-dau-ngay-05062025,"-138,42 tỷ đồng"
Báo cáo quỹ bình ổn giá xăng dầu ngày 29/05/2025,29/05/2025,https://www.pvoil.com.vn/bao-cao-quy-binh-on-gia-xang-dau-ngay-29052025,"-138,42 tỷ đồng"
Báo cáo quỹ bình ổn giá xăng dầu ngày 22/05/2025,22/05/2025,https://www.pvoil.com.vn/bao-cao-quy-binh-on-gia-xang-dau-ngay-22052025,"-138,42 tỷ đồng"
Báo cáo quỹ bình ổn giá xăng dầu ngày 15/05/2025,15/05/2025,https://www.pvoil.com.vn/bao-cao-quy-binh-on-gia-xang-dau-ngay-15052025,"-138,42 tỷ đồng"
Báo cáo quỹ bình ổn giá xăng dầu ngày 08/05/2025,08/05/2025,https://www.pvoil.com.vn/bao-cao-quy-binh-on-gia-xang-dau-ngay-08052025,"-138,42 tỷ đồng"
Báo cáo quỹ bình ổn giá xăng dầu ngày 05/05/2025,05/05/2025,https://www.pvoil.com.vn/bao-cao-quy-binh-on-gia-xang-dau-ngay-05052025,"-138,42 tỷ đồng"
Báo cáo quỹ bình ổn giá xăng dầu ngày 24/04/2025,24/04/2025,https://www.pvoil.com.vn/bao-cao-quy-binh-on-gia-xang-dau-ngay-24042025,"-138,42 tỷ đồng"
Báo cáo quỹ bình ổn giá xăng dầu ngày 17/04/2025,17/04/2025,https://www.pvoil.com.vn/bao-cao-quy-binh-on-gia-xang-dau-ngay-17042025,"-138,42 tỷ đồng"
Báo cáo quỹ bình ổn giá xăng dầu ngày 10/04/2025,10/04/2025,https://www.pvoil.com.vn/bao-cao-quy-binh-on-gia-xang-dau-ngay-10042025,"-138,42 tỷ đồng"
Báo cáo quỹ bình ổn giá xăng dầu ngày 03/04/2025,03/04/2025,https://www.pvoil.com.vn/bao-cao-quy-binh-on-gia-xang-dau-ngay-03042025,"-138,42 tỷ đồng"
Báo cáo quỹ bình ổn giá xăng dầu ngày 27/03/2025,27/03/2025,https://www.pvoil.com.vn/bao-cao-quy-binh-on-gia-xang-dau-ngay-27032025,"-138,42 tỷ đồng"
Báo cáo quỹ bình ổn giá xăng dầu ngày 20/03/2025,20/03/2025,https://www.pvoil.com.vn/bao-cao-quy-binh-on-gia-xang-dau-ngay-20032025,"-138,42 tỷ đồng"
Báo cáo quỹ bình ổn giá xăng dầu ngày 13/03/2025,13/03/2025,https://www.pvoil.com.vn/bao-cao-quy-binh-on-gia-xang-dau-ngay-13032025,"-138,42 tỷ đồng"
Báo cáo quỹ bình ổn giá xăng dầu ngày 06/03/2025,06/03/2025,https://www.pvoil.com.vn/bao-cao-quy-binh-on-gia-xang-dau-ngay-06032025,"-138,42 tỷ đồng"
Báo cáo quỹ bình ổn giá xăng dầu ngày 27/02/2025,27/02/2025,https://www.pvoil.com.vn/bao-cao-quy-binh-on-gia-xang-dau-ngay-27022025,"-138,42 tỷ đồng"
Báo cáo quỹ bình ổn giá xăng dầu ngày 20/02/2025,20/02/2025,https://www.pvoil.com.vn/bao-cao-quy-binh-on-gia-xang-dau-ngay-20022025,"-138,42 tỷ đồng"
Báo cáo quỹ bình ổn giá xăng dầu ngày 13/02/2025,13/02/2025,https://www.pvoil.com.vn/bao-cao-quy-binh-on-gia-xang-dau-ngay-13022025,"-138,42 tỷ đồng"
Báo cáo quỹ bình ổn giá xăng dầu ngày 06/02/2025,06/02/2025,https://www.pvoil.com.vn/bao-cao-quy-binh-on-gia-xang-dau-ngay-06022025,"-138,42 tỷ đồng"
Báo cáo quỹ bình ổn giá xăng dầu ngày 01/02/2025,01/02/2025,https://www.pvoil.com.vn/bao-cao-quy-binh-on-gia-xang-dau-ngay-01022025,"-138,42 tỷ đồng"
Báo cáo quỹ bình ổn giá xăng dầu ngày 23/01/2025,23/01/2025,https://www.pvoil.com.vn/bao-cao-quy-binh-on-gia-xang-dau-ngay-23012025,"-138,42 tỷ đồng"
Báo cáo quỹ bình ổn giá xăng dầu ngày 16/01/2025,16/01/2025,https://www.pvoil.com.vn/bao-cao-quy-binh-on-gia-xang-dau-ngay-16012025,"-138,42 tỷ đồng"
Báo cáo quỹ bình ổn giá xăng dầu ngày 09/01/2025,09/01/2025,https://www.pvoil.com.vn/bao-cao-quy-binh-on-gia-xang-dau-ngay-09012025,"-138,42 tỷ đồng"
Báo cáo quỹ bình ổn giá xăng dầu ngày 02/01/2025,02/01/2025,https://www.pvoil.com.vn/bao-cao-quy-binh-on-gia-xang-dau-ngay-02012025,"-138,42 tỷ đồng"
Báo cáo quỹ bình ổn giá xăng dầu ngày 26/12/2024,26/12/2024,https://www.pvoil.com.vn/bao-cao-quy-binh-on-gia-xang-dau-ngay-26122024,"-138,42 tỷ đồng"
Báo cáo quỹ bình ổn giá xăng dầu ngày 19/12/2024,19/12/2024,https://www.pvoil.com.vn/bao-cao-quy-binh-on-gia-xang-dau-ngay-19122024,"-138,42 tỷ đồng"
Báo cáo quỹ bình ổn giá xăng dầu ngày 12/12/2024,12/12/2024,https://www.pvoil.com.vn/bao-cao-quy-binh-on-gia-xang-dau-ngay-12122024,"-138,42 tỷ đồng"
Báo cáo quỹ bình ổn giá xăng dầu ngày 05/12/2024,05/12/2024,https://www.pvoil.com.vn/bao-cao-quy-binh-on-gia-xang-dau-ngay-05122024,"-138,42 tỷ đồng"
Báo cáo quỹ bình ổn giá xăng dầu ngày 28/11/2024,28/11/2024,https://www.pvoil.com.vn/bao-cao-quy-binh-on-gia-xang-dau-ngay-28112024,"-138,42 tỷ đồng"
Báo cáo quỹ bình ổn giá xăng dầu ngày 21/11/2024,21/11/2024,https://www.pvoil.com.vn/bao-cao-quy-binh-on-gia-xang-dau-ngay-21112024,"-138,42 tỷ đồng"
Báo cáo quỹ bình ổn giá xăng dầu ngày 31/10/2024,31/10/2024,https://www.pvoil.com.vn/bao-cao-quy-binh-on-gia-xang-dau-ngay-31102024,"-138,42 tỷ đồng"
Báo cáo quỹ bình ổn giá xăng dầu ngày 24/10/2024,24/10/2024,https://www.pvoil.com.vn/bao-cao-quy-binh-on-gia-xang-dau-ngay-24102024,"-138,42 tỷ đồng"
Báo cáo quỹ bình ổn giá xăng dầu ngày 17/10/2024,17/10/2024,https://www.pvoil.com.vn/bao-cao-quy-binh-on-gia-xang-dau-ngay-17102024,"-138,42 tỷ đồng"
Báo cáo quỹ bình ổn giá xăng dầu ngày 10/10/2024,10/10/2024,https://www.pvoil.com.vn/bao-cao-quy-binh-on-gia-xang-dau-ngay-10102024,"-138,42 tỷ đồng"
Báo cáo quỹ bình ổn giá xăng dầu ngày 03/10/2024,03/10/2024,https://www.pvoil.com.vn/bao-cao-quy-binh-on-gia-xang-dau-ngay-03102024,"-138,42 tỷ đồng"
Báo cáo quỹ bình ổn giá xăng dầu ngày 19/9/2024,19/9/2024,https://www.pvoil.com.vn/bao-cao-quy-binh-on-gia-xang-dau-ngay-1992024,"-138,42 tỷ đồng"
Báo cáo quỹ bình ổn giá xăng dầu ngày 12/9/2024,12/9/2024,https://www.pvoil.com.vn/bao-cao-quy-binh-on-gia-xang-dau-ngay-1292024,"-138,42 tỷ đồng"
Báo cáo quỹ bình ổn giá xăng dầu ngày 05/9/2024,05/9/2024,https://www.pvoil.com.vn/bao-cao-quy-binh-on-gia-xang-dau-ngay-0592024,"-138,42 tỷ đồng"
Báo cáo quỹ bình ổn giá xăng dầu ngày 15/08/2024,15/08/2024,https://www.pvoil.com.vn/bao-cao-quy-binh-on-gia-xang-dau-ngay-15082024,"-138,42 tỷ đồng"
Báo cáo quỹ bình ổn giá xăng dầu ngày 08/08/2024,08/08/2024,https://www.pvoil.com.vn/bao-cao-quy-binh-on-gia-xang-dau-ngay-08082024,"-138,42 tỷ đồng"
Báo cáo quỹ bình ổn giá xăng dầu ngày 01/08/2024,01/08/2024,https://www.pvoil.com.vn/bao-cao-quy-binh-on-gia-xang-dau-ngay-01082024,"-138,42 tỷ đồng"
Báo cáo quỹ bình ổn giá xăng dầu ngày 18/07/2024,18/07/2024,https://www.pvoil.com.vn/bao-cao-quy-binh-on-gia-xang-dau-ngay-18072024,"-138,42 tỷ đồng"
Báo cáo quỹ bình ổn giá xăng dầu ngày 11/07/2024,11/07/2024,https://www.pvoil.com.vn/bao-cao-quy-binh-on-gia-xang-dau-ngay-11072024,"-138,42 tỷ đồng"
Báo cáo quỹ bình ổn giá xăng dầu ngày 04/07/2024,04/07/2024,https://www.pvoil.com.vn/bao-cao-quy-binh-on-gia-xang-dau-ngay-04072024,"-138,42 tỷ đồng"
Báo cáo quỹ bình ổn giá xăng dầu ngày 27/06/2024,27/06/2024,https://www.pvoil.com.vn/bao-cao-quy-binh-on-gia-xang-dau-ngay-27062024,"-138,42 tỷ đồng"
Báo cáo quỹ bình ổn giá xăng dầu ngày 20/06/2024,20/06/2024,https://www.pvoil.com.vn/bao-cao-quy-binh-on-gia-xang-dau-ngay-20062024,"-138,42 tỷ đồng"
Báo cáo quỹ bình ổn giá xăng dầu ngày 13/06/2024,13/06/2024,https://www.pvoil.com.vn/bao-cao-quy-binh-on-gia-xang-dau-ngay-13062024,"-138,42 tỷ đồng"
Báo cáo quỹ bình ổn giá xăng dầu ngày 06/06/2024,06/06/2024,https://www.pvoil.com.vn/bao-cao-quy-binh-on-gia-xang-dau-ngay-06062024,"-138,42 tỷ đồng"
Báo cáo quỹ bình ổn giá xăng dầu ngày 30/05/2024,30/05/2024,https://www.pvoil.com.vn/bao-cao-quy-binh-on-gia-xang-dau-ngay-30052024,"-138,42 tỷ đồng"
Báo cáo quỹ bình ổn giá xăng dầu ngày 23/05/2024,23/05/2024,https://www.pvoil.com.vn/bao-cao-quy-binh-on-gia-xang-dau-ngay-23052024,"-144,32 tỷ đồng"
Báo cáo quỹ bình ổn giá xăng dầu ngày 16/05/2024,16/05/2024,https://www.pvoil.com.vn/bao-cao-quy-binh-on-gia-xang-dau-ngay-16052024,"-144,32 tỷ đồng"
Báo cáo quỹ bình ổn giá xăng dầu ngày 09/05/2024,09/05/2024,https://www.pvoil.com.vn/bao-cao-quy-binh-on-gia-xang-dau-ngay-09052024,"-144,32 tỷ đồng"
Báo cáo quỹ bình ổn giá xăng dầu ngày 02/05/2024,02/05/2024,https://www.pvoil.com.vn/bao-cao-quy-binh-on-gia-xang-dau-ngay-02052024,"-144,32 tỷ đồng"
Báo cáo quỹ bình ổn giá xăng dầu ngày 25/04/2024,25/04/2024,https://www.pvoil.com.vn/bao-cao-quy-binh-on-gia-xang-dau-ngay-25042024,"-144,32 tỷ đồng"
Báo cáo quỹ bình ổn giá xăng dầu ngày 17/04/2024,17/04/2024,https://www.pvoil.com.vn/bao-cao-quy-binh-on-gia-xang-dau-ngay-17042024,"-144,32 tỷ đồng"
Báo cáo quỹ bình ổn giá xăng dầu ngày 11/04/2024,11/04/2024,https://www.pvoil.com.vn/bao-cao-quy-binh-on-gia-xang-dau-ngay-11042024,"-144,32 tỷ đồng"
Báo cáo quỹ bình ổn giá xăng dầu ngày 04/04/2024,04/04/2024,https://www.pvoil.com.vn/bao-cao-quy-binh-on-gia-xang-dau-ngay-04042024,"-144,32 tỷ đồng"
Báo cáo quỹ bình ổn giá xăng dầu ngày 28/03/2024,28/03/2024,https://www.pvoil.com.vn/bao-cao-quy-binh-on-gia-xang-dau-ngay-28032024,"-144,32 tỷ đồng"
Báo cáo quỹ bình ổn giá xăng dầu ngày 22/03/2024,22/03/2024,https://www.pvoil.com.vn/bao-cao-quy-binh-on-gia-xang-dau-ngay-22032024,"-144,32 tỷ đồng"
Báo cáo quỹ bình ổn giá xăng dầu ngày 15/03/2024,15/03/2024,https://www.pvoil.com.vn/bao-cao-quy-binh-on-gia-xang-dau-ngay-15032024,"-144,32 tỷ đồng"
Báo cáo quỹ bình ổn giá xăng dầu ngày 7/03/2024,7/03/2024,https://www.pvoil.com.vn/bao-cao-quy-binh-on-gia-xang-dau-ngay-7032024,"-144,32 tỷ đồng"
Báo cáo quỹ bình ổn giá xăng dầu ngày 29/02/2024,29/02/2024,https://www.pvoil.com.vn/bao-cao-quy-binh-on-gia-xang-dau-ngay-29022024,"-144,32 tỷ đồng"
Báo cáo quỹ bình ổn giá xăng dầu ngày 22/02/2024,22/02/2024,https://www.pvoil.com.vn/bao-cao-quy-binh-on-gia-xang-dau-ngay-22022024,"-144,32 tỷ đồng"
Báo cáo quỹ bình ổn giá xăng dầu ngày 08/02/2024,08/02/2024,https://www.pvoil.com.vn/bao-cao-quy-binh-on-gia-xang-dau-ngay-08022024,"-144,32 tỷ đồng"
Báo cáo quỹ bình ổn giá xăng dầu ngày 01/02/2024,01/02/2024,https://www.pvoil.com.vn/bao-cao-quy-binh-on-gia-xang-dau-ngay-01022024,"-144,32 tỷ đồng"
Báo cáo quỹ bình ổn giá xăng dầu ngày 25/01/2024,25/01/2024,https://www.pvoil.com.vn/bao-cao-quy-binh-on-gia-xang-dau-ngay-25012024,"-144,32 tỷ đồng"
Báo cáo quỹ bình ổn giá xăng dầu ngày 18/01/2024,18/01/2024,https://www.pvoil.com.vn/bao-cao-quy-binh-on-gia-xang-dau-ngay-18012024,"-144,32 tỷ đồng"
Báo cáo quỹ bình ổn giá xăng dầu ngày 11/01/2024,11/01/2024,https://www.pvoil.com.vn/bao-cao-quy-binh-on-gia-xang-dau-ngay-11012024,"-144,32 tỷ đồng"
Báo cáo quỹ bình ổn giá xăng dầu ngày 28/12/2023,28/12/2023,https://www.pvoil.com.vn/bao-cao-quy-binh-on-gia-xang-dau-ngay-28122023,"-144,32 tỷ đồng"
Báo cáo quỹ bình ổn giá xăng dầu ngày 21/12/2023,21/12/2023,https://www.pvoil.com.vn/bao-cao-quy-binh-on-gia-xang-dau-ngay-21122023,"-144,32 tỷ đồng"
Báo cáo quỹ bình ổn giá xăng dầu ngày 14/12/2023,14/12/2023,https://www.pvoil.com.vn/bao-cao-quy-binh-on-gia-xang-dau-ngay-14122023,"-144,32 tỷ đồng"
Báo cáo quỹ bình ổn giá xăng dầu ngày 07/12/2023,07/12/2023,https://www.pvoil.com.vn/bao-cao-quy-binh-on-gia-xang-dau-ngay-07122023,"-144,32 tỷ đồng"
Báo cáo quỹ bình ổn giá xăng dầu ngày 30/11/2023,30/11/2023,https://www.pvoil.com.vn/bao-cao-quy-binh-on-gia-xang-dau-ngay-30112023,"-144,32 tỷ đồng"
Báo cáo quỹ bình ổn giá xăng dầu ngày 23/11/2023,23/11/2023,https://www.pvoil.com.vn/bao-cao-quy-binh-on-gia-xang-dau-ngay-23112023,"-144,32 tỷ đồng"
Báo cáo quỹ bình ổn giá xăng dầu ngày 13/11/2023,13/11/2023,https://www.pvoil.com.vn/bao-cao-quy-binh-on-gia-xang-dau-ngay-13112023,"-144,32 tỷ đồng"
Báo cáo quỹ bình ổn giá xăng dầu ngày 01/11/2023,01/11/2023,https://www.pvoil.com.vn/bao-cao-quy-binh-on-gia-xang-dau-ngay-01112023,"-144,32 tỷ đồng"
Báo cáo quỹ bình ổn giá xăng dầu ngày 23/10/2023,23/10/2023,https://www.pvoil.com.vn/bao-cao-quy-binh-on-gia-xang-dau-ngay-23102023,"-144,32 tỷ đồng"
Báo cáo quỹ bình ổn giá xăng dầu ngày 11/10/2023,11/10/2023,https://www.pvoil.com.vn/bao-cao-quy-binh-on-gia-xang-dau-ngay-11102023,"-144,32 tỷ đồng"
Báo cáo quỹ bình ổn giá xăng dầu ngày 02/10/2023,02/10/2023,https://www.pvoil.com.vn/bao-cao-quy-binh-on-gia-xang-dau-ngay-02102023,"-110,75 tỷ đồng"
Báo cáo quỹ bình ổn giá xăng dầu ngày 21/09/2023,21/09/2023,https://www.pvoil.com.vn/bao-cao-quy-binh-on-gia-xang-dau-ngay-21092023,"-62,68 tỷ đồng"
Báo cáo quỹ bình ổn giá xăng dầu ngày 11/09/2023,11/09/2023,https://www.pvoil.com.vn/bao-cao-quy-binh-on-gia-xang-dau-ngay-11092023,"-61,59 tỷ đồng"
Báo cáo quỹ bình ổn giá xăng dầu ngày 05/09/2023,05/09/2023,https://www.pvoil.com.vn/bao-cao-quy-binh-on-gia-xang-dau-ngay-05092023,"-61,59 tỷ đồng"
Báo cáo quỹ bình ổn giá xăng dầu ngày 21/08/2023,21/08/2023,https://www.pvoil.com.vn/bao-cao-quy-binh-on-gia-xang-dau-ngay-21082023,"-61,59 tỷ đồng"
Báo cáo quỹ bình ổn giá xăng dầu ngày 11/08/2023,11/08/2023,https://www.pvoil.com.vn/bao-cao-quy-binh-on-gia-xang-dau-ngay-11082023,"-61,59 tỷ đồng"
Báo cáo quỹ bình ổn giá xăng dầu ngày 01/08/2023,01/08/2023,https://www.pvoil.com.vn/bao-cao-quy-binh-on-gia-xang-dau-ngay-01082023,"-22,08 tỷ đồng"
Báo cáo quỹ bình ổn giá xăng dầu ngày 21/07/2023,21/07/2023,https://www.pvoil.com.vn/bao-cao-quy-binh-on-gia-xang-dau-ngay-21072023,"-22,08 tỷ đồng"
Báo cáo quỹ bình ổn giá xăng dầu ngày 11/07/2023,11/07/2023,https://www.pvoil.com.vn/bao-cao-quy-binh-on-gia-xang-dau-ngay-11072023,"-22,08 tỷ đồng"
Báo cáo quỹ bình ổn giá xăng dầu ngày 03/07/2023,03/07/2023,https://www.pvoil.com.vn/bao-cao-quy-binh-on-gia-xang-dau-ngay-03072023,"-22,08 tỷ đồng"
Báo cáo quỹ bình ổn giá xăng dầu ngày 21/06/2023,21/06/2023,https://www.pvoil.com.vn/bao-cao-quy-binh-on-gia-xang-dau-ngay-21062023,"-38,27 tỷ đồng"
Báo cáo quỹ bình ổn giá xăng dầu ngày 12/06/2023,12/06/2023,https://www.pvoil.com.vn/bao-cao-quy-binh-on-gia-xang-dau-ngay-12062023,"-62,70 tỷ đồng"
Báo cáo quỹ bình ổn giá xăng dầu ngày 01/06/2023,01/06/2023,https://www.pvoil.com.vn/bao-cao-quy-binh-on-gia-xang-dau-ngay-01062023,"-96,72 tỷ đồng"
Báo cáo quỹ bình ổn giá xăng dầu ngày 22/05/2023,22/05/2023,https://www.pvoil.com.vn/bao-cao-quy-binh-on-gia-xang-dau-ngay-22052023,"-139,42 tỷ đồng"
Báo cáo quỹ bình ổn giá xăng dầu ngày 11/05/2023,11/05/2023,https://www.pvoil.com.vn/bao-cao-quy-binh-on-gia-xang-dau-ngay-11052023,"-188,58 tỷ đồng"
Báo cáo quỹ bình ổn giá xăng dầu ngày 04/05/2023,04/05/2023,https://www.pvoil.com.vn/bao-cao-quy-binh-on-gia-xang-dau-ngay-04052023,"-218,75 tỷ đồng"
Báo cáo quỹ bình ổn giá xăng dầu ngày 21/04/2023,21/04/2023,https://www.pvoil.com.vn/bao-cao-quy-binh-on-gia-xang-dau-ngay-21042023,"-266,48 tỷ đồng"
Báo cáo quỹ bình ổn giá xăng dầu ngày 11/04/2023,11/04/2023,https://www.pvoil.com.vn/bao-cao-quy-binh-on-gia-xang-dau-ngay-11042023,"-305,64 tỷ đồng"
Báo cáo quỹ bình ổn giá xăng dầu ngày 03/04/2023,03/04/2023,https://www.pvoil.com.vn/bao-cao-quy-binh-on-gia-xang-dau-ngay-03042023,"-340,71 tỷ đồng"
Báo cáo quỹ bình ổn giá xăng dầu ngày 21/03/2023,21/03/2023,https://www.pvoil.com.vn/bao-cao-quy-binh-on-gia-xang-dau-ngay-21032023,"-375,24 tỷ đồng"
Báo cáo quỹ bình ổn giá xăng dầu ngày 13/03/2023,13/03/2023,https://www.pvoil.com.vn/bao-cao-quy-binh-on-gia-xang-dau-ngay-13032023,"-411,46 tỷ đồng"
Báo cáo quỹ bình ổn giá xăng dầu ngày 01/03/2023,01/03/2023,https://www.pvoil.com.vn/bao-cao-quy-binh-on-gia-xang-dau-ngay-01032023,"-451,79 tỷ đồng"
Báo cáo quỹ bình ổn giá xăng dầu ngày 21/02/2023,21/02/2023,https://www.pvoil.com.vn/bao-cao-quy-binh-on-gia-xang-dau-ngay-21022023,"-482,00 tỷ đồng"
Báo cáo quỹ bình ổn giá xăng dầu ngày 13/02/2023,13/02/2023,https://www.pvoil.com.vn/bao-cao-quy-binh-on-gia-xang-dau-ngay-13022023,"-508,26 tỷ đồng"
Báo cáo quỹ bình ổn giá xăng dầu ngày 30/01/2023,30/01/2023,https://www.pvoil.com.vn/bao-cao-quy-binh-on-gia-xang-dau-ngay-30012023,"-451,28 tỷ đồng"
Báo cáo quỹ bình ổn giá xăng dầu ngày 11/01/2023,11/01/2023,https://www.pvoil.com.vn/bao-cao-quy-binh-on-gia-xang-dau-ngay-11012023,"-485,96 tỷ đồng"
Báo cáo quỹ bình ổn giá xăng dầu ngày 03/01/2023,03/01/2023,https://www.pvoil.com.vn/bao-cao-quy-binh-on-gia-xang-dau-ngay-03012023,"-511,27 tỷ đồng"
Báo cáo quỹ bình ổn giá xăng dầu ngày 21/12/2022,21/12/2022,https://www.pvoil.com.vn/bao-cao-quy-binh-on-gia-xang-dau-ngay-21122022,"-557,86 tỷ đồng"
Báo cáo quỹ bình ổn giá xăng dầu ngày 11/12/2022,11/12/2022,https://www.pvoil.com.vn/bao-cao-quy-binh-on-gia-xang-dau-ngay-11122022,"-626,37 tỷ đồng"
Báo cáo quỹ bình ổn giá xăng dầu ngày 01/12/2022,01/12/2022,https://www.pvoil.com.vn/bao-cao-quy-binh-on-gia-xang-dau-ngay-01122022,"-679,48 tỷ đồng"
Báo cáo quỹ bình ổn giá xăng dầu ngày 21/11/2022,21/11/2022,https://www.pvoil.com.vn/bao-cao-quy-binh-on-gia-xang-dau-ngay-21112022,"-7113,40 tỷ đồng"
Báo cáo quỹ bình ổn giá xăng dầu ngày 11/11/2022,11/11/2022,https://www.pvoil.com.vn/bao-cao-quy-binh-on-gia-xang-dau-ngay-11112022,"-723,702 tỷ đồng"
Báo cáo quỹ bình ổn giá xăng dầu ngày 01/11/2022,01/11/2022,https://www.pvoil.com.vn/bao-cao-quy-binh-on-gia-xang-dau-ngay-01112022,"-736,319 tỷ đồng"
Báo cáo quỹ bình ổn giá xăng dầu ngày 21/10/2022,21/10/2022,https://www.pvoil.com.vn/bao-cao-quy-binh-on-gia-xang-dau-ngay-21102022,"-747,181 tỷ đồng"
Báo cáo quỹ bình ổn giá xăng dầu ngày 11/10/2022,11/10/2022,https://www.pvoil.com.vn/bao-cao-quy-binh-on-gia-xang-dau-ngay-11102022,"-750,050 tỷ đồng"
Báo cáo quỹ bình ổn giá xăng dầu ngày 03/10/2022,03/10/2022,https://www.pvoil.com.vn/bao-cao-quy-binh-on-gia-xang-dau-ngay-03102022,"-767,673 tỷ đồng"
Báo cáo quỹ bình ổn giá xăng dầu ngày 21/09/2022,21/09/2022,https://www.pvoil.com.vn/bao-cao-quy-binh-on-gia-xang-dau-ngay-21092022,"-795,160 tỷ đồng"
Báo cáo quỹ bình ổn giá xăng dầu ngày 12/09/2022,12/09/2022,https://www.pvoil.com.vn/bao-cao-quy-binh-on-gia-xang-dau-ngay-12092022,"-822,885 tỷ đồng"
Báo cáo quỹ bình ổn giá xăng dầu ngày 05/09/2022,05/09/2022,https://www.pvoil.com.vn/bao-cao-quy-binh-on-gia-xang-dau-ngay-05092022,"-821,023 tỷ đồng"
Báo cáo quỹ bình ổn giá xăng dầu ngày 22/08/2022,22/08/2022,https://www.pvoil.com.vn/bao-cao-quy-binh-on-gia-xang-dau-ngay-22082022,"-862,378 tỷ đồng"
Báo cáo quỹ bình ổn giá xăng dầu ngày 11/08/2022,11/08/2022,https://www.pvoil.com.vn/bao-cao-quy-binh-on-gia-xang-dau-ngay-11082022,"-912,894 tỷ đồng"
Báo cáo quỹ bình ổn giá xăng dầu ngày 01/08/2022,01/08/2022,https://www.pvoil.com.vn/bao-cao-quy-binh-on-gia-xang-dau-ngay-01082022,"-980,749 tỷ đồng"
Báo cáo quỹ bình ổn giá xăng dầu ngày 21/07/2022,21/07/2022,https://www.pvoil.com.vn/bao-cao-quy-binh-on-gia-xang-dau-ngay-21072022,"-1.000,77 tỷ đồng"
Báo cáo quỹ bình ổn giá xăng dầu ngày 11/07/2022,11/07/2022,https://www.pvoil.com.vn/bao-cao-quy-binh-on-gia-xang-dau-ngay-11072022,"-1.098,07 tỷ đồng"
Báo cáo quỹ bình ổn giá xăng dầu ngày 01/07/2022,01/07/2022,https://www.pvoil.com.vn/bao-cao-quy-binh-on-gia-xang-dau-ngay-01072022,"-1.099,74 tỷ đồng"
Báo cáo quỹ bình ổn giá xăng dầu ngày 21/06/2022,21/06/2022,https://www.pvoil.com.vn/bao-cao-quy-binh-on-gia-xang-dau-ngay-21062022,"-1.032,39 tỷ đồng"
Báo cáo quỹ bình ổn giá xăng dầu ngày 13/06/2022,13/06/2022,https://www.pvoil.com.vn/bao-cao-quy-binh-on-gia-xang-dau-ngay-13062022,"-1.032,31 tỷ đồng"
Báo cáo quỹ bình ổn giá xăng dầu ngày 01/06/2022,01/06/2022,https://www.pvoil.com.vn/bao-cao-quy-binh-on-gia-xang-dau-ngay-01062022,"-1.013,37 tỷ đồng"
Báo cáo quỹ bình ổn giá xăng dầu ngày 23/05/2022,23/05/2022,https://www.pvoil.com.vn/bao-cao-quy-binh-on-gia-xang-dau-ngay-23052022,"-1.012,50 tỷ đồng"
Báo cáo quỹ bình ổn giá xăng dầu ngày 11/05/2022,11/05/2022,https://www.pvoil.com.vn/bao-cao-quy-binh-on-gia-xang-dau-ngay-11052022,"-1.030,55 tỷ đồng"
Báo cáo quỹ bình ổn giá xăng dầu ngày 04/05/2022,04/05/2022,https://www.pvoil.com.vn/bao-cao-quy-binh-on-gia-xang-dau-ngay-04052022,"-1.037,89 tỷ đồng"
Báo cáo quỹ bình ổn giá xăng dầu ngày 21/04/2022,21/04/2022,https://www.pvoil.com.vn/bao-cao-quy-binh-on-gia-xang-dau-ngay-21042022,"-1.065,43 tỷ đồng"
Báo cáo quỹ bình ổn giá xăng dầu ngày 12/04/2022,12/04/2022,https://www.pvoil.com.vn/bao-cao-quy-binh-on-gia-xang-dau-ngay-12042022,"-1.068,49 tỷ đồng"
Báo cáo quỹ bình ổn giá xăng dầu ngày 31/03/2022,31/03/2022,https://www.pvoil.com.vn/bao-cao-quy-binh-on-gia-xang-dau-ngay-31032022,"-1.095,52 tỷ đồng"
Báo cáo quỹ bình ổn giá xăng dầu ngày 21/03/2022,21/03/2022,https://www.pvoil.com.vn/bao-cao-quy-binh-on-gia-xang-dau-ngay-21032022,"-1.098,89 tỷ đồng"
Báo cáo quỹ bình ổn giá xăng dầu ngày 11/03/2022,11/03/2022,https://www.pvoil.com.vn/bao-cao-quy-binh-on-gia-xang-dau-ngay-11032022,"-840,08 tỷ đồng"
Báo cáo quỹ bình ổn giá xăng dầu ngày 01/03/2022,01/03/2022,https://www.pvoil.com.vn/bao-cao-quy-binh-on-gia-xang-dau-ngay-01032022,"-827,19 tỷ đồng"
Báo cáo quỹ bình ổn giá xăng dầu ngày 21/02/2022,21/02/2022,https://www.pvoil.com.vn/bao-cao-quy-binh-on-gia-xang-dau-ngay-21022022,"-815,33 tỷ đồng"
Báo cáo quỹ bình ổn giá xăng dầu ngày 11/02/2022,11/02/2022,https://www.pvoil.com.vn/bao-cao-quy-binh-on-gia-xang-dau-ngay-11022022,"-784,92 tỷ đồng"
Báo cáo quỹ bình ổn giá xăng dầu ngày 21/01/2022,21/01/2022,https://www.pvoil.com.vn/bao-cao-quy-binh-on-gia-xang-dau-ngay-21012022,"-745,93 tỷ đồng"
Báo cáo quỹ bình ổn giá xăng dầu ngày 11/01/2022,11/01/2022,https://www.pvoil.com.vn/bao-cao-quy-binh-on-gia-xang-dau-ngay-11012022,"-765,81 tỷ đồng"
Báo cáo quỹ bình ổn giá xăng dầu ngày 25/12/2021,25/12/2021,https://www.pvoil.com.vn/bao-cao-quy-binh-on-gia-xang-dau-ngay-25122021,"-803,78 tỷ đồng"
Báo cáo quỹ bình ổn giá xăng dầu ngày 10/12/2021,10/12/2021,https://www.pvoil.com.vn/bao-cao-quy-binh-on-gia-xang-dau-ngay-10122021,"-816,29 tỷ đồng"
Báo cáo quỹ bình ổn giá xăng dầu ngày 25/11/2021,25/11/2021,https://www.pvoil.com.vn/bao-cao-quy-binh-on-gia-xang-dau-ngay-25112021,"-826,95 tỷ đồng"
Báo cáo quỹ bình ổn giá xăng dầu ngày 10/11/2021,10/11/2021,https://www.pvoil.com.vn/bao-cao-quy-binh-on-gia-xang-dau-ngay-10112021,"-806,60 tỷ đồng"
Báo cáo quỹ bình ổn giá xăng dầu ngày 26/10/2021,26/10/2021,https://www.pvoil.com.vn/bao-cao-quy-binh-on-gia-xang-dau-ngay-26102021,"-728,17 tỷ đồng"
Báo cáo quỹ bình ổn giá xăng dầu ngày 11/10/2021,11/10/2021,https://www.pvoil.com.vn/bao-cao-quy-binh-on-gia-xang-dau-ngay-11102021,"-697,63 tỷ đồng"
Báo cáo quỹ bình ổn giá xăng dầu ngày 25/09/2021,25/09/2021,https://www.pvoil.com.vn/bao-cao-quy-binh-on-gia-xang-dau-ngay-25092021,"-709,41 tỷ đồng"
Báo cáo quỹ bình ổn giá xăng dầu ngày 10/09/2021,10/09/2021,https://www.pvoil.com.vn/bao-cao-quy-binh-on-gia-xang-dau-ngay-10092021,"-710,91 tỷ đồng"
Báo cáo quỹ bình ổn giá xăng dầu ngày 26/08/2021,26/08/2021,https://www.pvoil.com.vn/bao-cao-quy-binh-on-gia-xang-dau-ngay-26082021,"-703,73 tỷ đồng"
Báo cáo quỹ bình ổn giá xăng dầu ngày 11/08/2021,11/08/2021,https://www.pvoil.com.vn/bao-cao-quy-binh-on-gia-xang-dau-ngay-11082021,"-672,25 tỷ đồng"
Báo cáo quỹ bình ổn giá xăng dầu ngày 27/07/2021,27/07/2021,https://www.pvoil.com.vn/bao-cao-quy-binh-on-gia-xang-dau-ngay-27072021,"-673,43 tỷ đồng"
Báo cáo quỹ bình ổn giá xăng dầu ngày 12/07/2021,12/07/2021,https://www.pvoil.com.vn/bao-cao-quy-binh-on-gia-xang-dau-ngay-12072021,"-657,24 tỷ đồng"
Báo cáo quỹ bình ổn giá xăng dầu ngày 26/06/2021,26/06/2021,https://www.pvoil.com.vn/bao-cao-quy-binh-on-gia-xang-dau-ngay-26062021,"-607,55 tỷ đồng"
Báo cáo quỹ bình ổn giá xăng dầu ngày 11/06/2021,11/06/2021,https://www.pvoil.com.vn/bao-cao-quy-binh-on-gia-xang-dau-ngay-11062021,"-543,35 tỷ đồng"
Báo cáo quỹ bình ổn giá xăng dầu ngày 27/05/2021,27/05/2021,https://www.pvoil.com.vn/bao-cao-quy-binh-on-gia-xang-dau-ngay-27052021,"-396,53 tỷ đồng"
Báo cáo quỹ bình ổn giá xăng dầu ngày 12/05/2021,12/05/2021,https://www.pvoil.com.vn/bao-cao-quy-binh-on-gia-xang-dau-ngay-12052021,"-278,65 tỷ đồng"
Báo cáo quỹ bình ổn giá xăng dầu ngày 27/04/2021,27/04/2021,https://www.pvoil.com.vn/bao-cao-quy-binh-on-gia-xang-dau-ngay-27042021,"-178,14 tỷ đồng"
Báo cáo quỹ bình ổn giá xăng dầu ngày 12/04/2021,12/04/2021,https://www.pvoil.com.vn/bao-cao-quy-binh-on-gia-xang-dau-ngay-12042021,"-137,77 tỷ đồng"
Báo cáo quỹ bình ổn giá xăng dầu ngày 27/03/2021,27/03/2021,https://www.pvoil.com.vn/bao-cao-quy-binh-on-gia-xang-dau-ngay-27032021,"-64,61 tỷ đồng"
Báo cáo quỹ bình ổn giá xăng dầu ngày 12/03/2021,12/03/2021,https://www.pvoil.com.vn/bao-cao-quy-binh-on-gia-xang-dau-ngay-12032021,"13,87 tỷ đồng"
Báo cáo quỹ bình ổn giá xăng dầu ngày 25/02/2021,25/02/2021,https://www.pvoil.com.vn/bao-cao-quy-binh-on-gia-xang-dau-ngay-25022021,"273,15 tỷ đồng"
Báo cáo quỹ bình ổn giá xăng dầu ngày 10/02/2021,10/02/2021,https://www.pvoil.com.vn/bao-cao-quy-binh-on-gia-xang-dau-ngay-10022021,"305,68 tỷ đồng"
Báo cáo quỹ bình ổn giá xăng dầu ngày 26/01/2021,26/01/2021,https://www.pvoil.com.vn/bao-cao-quy-binh-on-gia-xang-dau-ngay-26012021,"389,40 tỷ đồng"
Báo cáo quỹ bình ổn giá xăng dầu ngày 11/01/2021,11/01/2021,https://www.pvoil.com.vn/bao-cao-quy-binh-on-gia-xang-dau-ngay-11012021,"401,01 tỷ đồng"
Báo cáo quỹ bình ổn giá xăng dầu ngày 26/12/2020,26/12/2020,https://www.pvoil.com.vn/bao-cao-quy-binh-on-gia-xang-dau-ngay-26122020,"479,52 tỷ đồng"
Báo cáo quỹ bình ổn giá xăng dầu ngày 11/12/2020,11/12/2020,https://www.pvoil.com.vn/bao-cao-quy-binh-on-gia-xang-dau-ngay-11122020,"514,53 tỷ đồng"
Báo cáo quỹ bình ổn giá xăng dầu ngày 26/11/2020,26/11/2020,https://www.pvoil.com.vn/bao-cao-quy-binh-on-gia-xang-dau-ngay-26112020,"537,01 tỷ đồng"
Báo cáo quỹ bình ổn giá xăng dầu ngày 11/11/2020,11/11/2020,https://www.pvoil.com.vn/bao-cao-quy-binh-on-gia-xang-dau-ngay-11112020,"540,10 tỷ đồng"
Báo cáo quỹ bình ổn giá xăng dầu ngày 27/10/2020,27/10/2020,https://www.pvoil.com.vn/bao-cao-quy-binh-on-gia-xang-dau-ngay-27102020,"538,26 tỷ đồng"
Báo cáo quỹ bình ổn giá xăng dầu ngày 12/10/2020,12/10/2020,https://www.pvoil.com.vn/bao-cao-quy-binh-on-gia-xang-dau-ngay-12102020,"564,42 tỷ đồng"
Báo cáo quỹ bình ổn giá xăng dầu ngày 26/09/2020,26/09/2020,https://www.pvoil.com.vn/bao-cao-quy-binh-on-gia-xang-dau-ngay-26092020,"572,73 tỷ đồng"
Báo cáo quỹ bình ổn giá xăng dầu ngày 11/09/2020,11/09/2020,https://www.pvoil.com.vn/bao-cao-quy-binh-on-gia-xang-dau-ngay-11092020,"569,37 tỷ đồng"
Báo cáo quỹ bình ổn giá xăng dầu ngày 27/08/2020,27/08/2020,https://www.pvoil.com.vn/bao-cao-quy-binh-on-gia-xang-dau-ngay-27082020,"584,61 tỷ đồng"
Báo cáo quỹ bình ổn giá xăng dầu ngày 12/08/2020,12/08/2020,https://www.pvoil.com.vn/bao-cao-quy-binh-on-gia-xang-dau-ngay-12082020,"583,03 tỷ đồng"
Báo cáo quỹ bình ổn giá xăng dầu ngày 28/07/2020,28/07/2020,https://www.pvoil.com.vn/bao-cao-quy-binh-on-gia-xang-dau-ngay-28072020,"589,55 tỷ đồng"
Báo cáo quỹ bình ổn giá xăng dầu ngày 13/07/2020,13/07/2020,https://www.pvoil.com.vn/bao-cao-quy-binh-on-gia-xang-dau-ngay-13072020,"593,61 tỷ đồng"
Báo cáo quỹ bình ổn giá xăng dầu ngày 27/06/2020,27/06/2020,https://www.pvoil.com.vn/bao-cao-quy-binh-on-gia-xang-dau-ngay-27062020,"571,99 tỷ đồng"
Báo cáo quỹ bình ổn giá xăng dầu ngày 12/06/2020,12/06/2020,https://www.pvoil.com.vn/bao-cao-quy-binh-on-gia-xang-dau-ngay-12062020,"538,76 tỷ đồng"
Báo cáo quỹ bình ổn giá xăng dầu ngày 28/05/2020,28/05/2020,https://www.pvoil.com.vn/bao-cao-quy-binh-on-gia-xang-dau-ngay-28052020,"462,59 tỷ đồng"
Báo cáo quỹ bình ổn giá xăng dầu ngày 13/05/2020,13/05/2020,https://www.pvoil.com.vn/bao-cao-quy-binh-on-gia-xang-dau-ngay-13052020,"356,53 tỷ đồng"
Báo cáo quỹ bình ổn giá xăng dầu ngày 28/04/2020,28/04/2020,https://www.pvoil.com.vn/bao-cao-quy-binh-on-gia-xang-dau-ngay-28042020,"253,84 tỷ đồng"
Báo cáo quỹ bình ổn giá xăng dầu ngày 13/04/2020,13/04/2020,https://www.pvoil.com.vn/bao-cao-quy-binh-on-gia-xang-dau-ngay-13042020,"135,28 tỷ đồng"
Báo cáo quỹ bình ổn giá xăng dầu ngày 29/03/2020,29/03/2020,https://www.pvoil.com.vn/bao-cao-quy-binh-on-gia-xang-dau-ngay-29032020,"34,68 tỷ đồng"
Báo cáo quỹ bình ổn giá xăng dầu ngày 15/03/2020,15/03/2020,https://www.pvoil.com.vn/bao-cao-quy-binh-on-gia-xang-dau-ngay-15032020,"-28,74 tỷ đồng"
Báo cáo quỹ bình ổn giá xăng dầu ngày 29/02/2020,29/02/2020,https://www.pvoil.com.vn/bao-cao-quy-binh-on-gia-xang-dau-ngay-29022020,"-110,72 tỷ đồng"
Báo cáo quỹ bình ổn giá xăng dầu ngày 14/02/2020,14/02/2020,https://www.pvoil.com.vn/bao-cao-quy-binh-on-gia-xang-dau-ngay-14022020,"-127,09 tỷ đồng"
Báo cáo quỹ bình ổn giá xăng dầu ngày 30/01/2020,30/01/2020,https://www.pvoil.com.vn/bao-cao-quy-binh-on-gia-xang-dau-ngay-30012020,"-187,77 tỷ đồng"
Báo cáo quỹ bình ổn giá xăng dầu ngày 15/01/2020,15/01/2020,https://www.pvoil.com.vn/bao-cao-quy-binh-on-gia-xang-dau-ngay-15012020,"-190,56 tỷ đồng"
Báo cáo quỹ bình ổn giá xăng dầu ngày 31/12/2019,31/12/2019,https://www.pvoil.com.vn/bao-cao-quy-binh-on-gia-xang-dau-ngay-31122019,"-198,58 tỷ đồng"
Báo cáo quỹ bình ổn giá xăng dầu ngày 16/12/2019,16/12/2019,https://www.pvoil.com.vn/bao-cao-quy-binh-on-gia-xang-dau-ngay-16122019,"-210,70 tỷ đồng"
Báo cáo quỹ bình ổn giá xăng dầu ngày 30/11/2019,30/11/2019,https://www.pvoil.com.vn/bao-cao-quy-binh-on-gia-xang-dau-ngay-30112019,"-223,52 tỷ đồng"
Báo cáo quỹ bình ổn giá xăng dầu ngày 15/11/2019,15/11/2019,https://www.pvoil.com.vn/bao-cao-quy-binh-on-gia-xang-dau-ngay-15112019,"-226,02 tỷ đồng"
Báo cáo quỹ bình ổn giá xăng dầu ngày 31/10/2019,31/10/2019,https://www.pvoil.com.vn/bao-cao-quy-binh-on-gia-xang-dau-ngay-31102019,"-239,89 tỷ đồng"
Báo cáo quỹ bình ổn giá xăng dầu ngày 16/10/2019,16/10/2019,https://www.pvoil.com.vn/bao-cao-quy-binh-on-gia-xang-dau-ngay-16102019,"-257,64 tỷ đồng"
Báo cáo quỹ bình ổn giá xăng dầu ngày 01/10/2019,01/10/2019,https://www.pvoil.com.vn/bao-cao-quy-binh-on-gia-xang-dau-ngay-01102019,"-255,77 tỷ đồng"
Báo cáo quỹ bình ổn giá xăng dầu ngày 16/09/2019,16/09/2019,https://www.pvoil.com.vn/bao-cao-quy-binh-on-gia-xang-dau-ngay-16092019,"-289,35 tỷ đồng"
Báo cáo quỹ bình ổn giá xăng dầu ngày 31/08/2019,31/08/2019,https://www.pvoil.com.vn/bao-cao-quy-binh-on-gia-xang-dau-ngay-31082019,"-339,57 tỷ đồng"
Báo cáo quỹ bình ổn giá xăng dầu ngày 16/08/2019,16/08/2019,https://www.pvoil.com.vn/bao-cao-quy-binh-on-gia-xang-dau-ngay-16082019,"-383,88 tỷ đồng"
Báo cáo quỹ bình ổn giá xăng dầu ngày 01/08/2019,01/08/2019,https://www.pvoil.com.vn/bao-cao-quy-binh-on-gia-xang-dau-ngay-01082019,"-425,27 tỷ đồng"
Báo cáo quỹ bình ổn giá xăng dầu ngày 17/07/2019,17/07/2019,https://www.pvoil.com.vn/bao-cao-quy-binh-on-gia-xang-dau-ngay-17072019,"-464,77 tỷ đồng"
Báo cáo quỹ bình ổn giá xăng dầu ngày 02/07/2019,02/07/2019,https://www.pvoil.com.vn/bao-cao-quy-binh-on-gia-xang-dau-ngay-02072019,"-525,09 tỷ đồng"
Báo cáo quỹ bình ổn giá xăng dầu ngày 17/06/2019,17/06/2019,https://www.pvoil.com.vn/bao-cao-quy-binh-on-gia-xang-dau-ngay-17062019,"-614,16 tỷ đồng"
Báo cáo quỹ bình ổn giá xăng dầu ngày 01/06/2019,01/06/2019,https://www.pvoil.com.vn/bao-cao-quy-binh-on-gia-xang-dau-ngay-01062019,"-645,1 tỷ đồng"
Báo cáo quỹ bình ổn giá xăng dầu ngày 17/05/2019,17/05/2019,https://www.pvoil.com.vn/bao-cao-quy-binh-on-gia-xang-dau-ngay-17052019,"-660,1 tỷ đồng"
Báo cáo quỹ bình ổn giá xăng dầu ngày 02/05/2019,02/05/2019,https://www.pvoil.com.vn/bao-cao-quy-binh-on-gia-xang-dau-ngay-02052019,-668.6 tỷ đồng
Báo cáo quỹ bình ổn giá xăng dầu ngày 17/04/2019,17/04/2019,https://www.pvoil.com.vn/bao-cao-quy-binh-on-gia-xang-dau-ngay-17042019,-622.9 tỷ đồng
Báo cáo quỹ bình ổn giá xăng dầu ngày 02/04/2019,02/04/2019,https://www.pvoil.com.vn/bao-cao-quy-binh-on-gia-xang-dau-ngay-02042019,-304.4 tỷ đồng
Báo cáo quỹ bình ổn giá xăng dầu ngày 18/03/2019,18/03/2019,https://www.pvoil.com.vn/bao-cao-quy-binh-on-gia-xang-dau-ngay-18032019,-304.4 tỷ đồng
Báo cáo quỹ bình ổn giá xăng dầu ngày 02/03/2019,02/03/2019,https://www.pvoil.com.vn/bao-cao-quy-binh-on-gia-xang-dau-ngay-02032019,-203.6 tỷ đồng
Báo cáo quỹ bình ổn giá xăng dầu ngày 15/02/2019,15/02/2019,https://www.pvoil.com.vn/bao-cao-quy-binh-on-gia-xang-dau-ngay-15022019,-49.4 tỷ đồng
Báo cáo quỹ bình ổn giá xăng dầu ngày 31/01/2019,31/01/2019,https://www.pvoil.com.vn/bao-cao-quy-binh-on-gia-xang-dau-ngay-31012019,"40,8 tỷ đồng"
Báo cáo quỹ bình ổn giá xăng dầu ngày 16/01/2019,16/01/2019,https://www.pvoil.com.vn/bao-cao-quy-binh-on-gia-xang-dau-ngay-16012019,"87,4 tỷ đồng"
Báo cáo Quỹ bình ổn giá xăng dầu giai đoạn 01/12/2018 đến 31/12/2018,01/12/2018,https://www.pvoil.com.vn/bao-cao-quy-binh-on-gia-xang-dau-giai-doan-01122018-den-31122018,"37,576,277,356 VNĐ"
Báo cáo Quỹ bình ổn giá xăng dầu giai đoạn 01/11/2018 đến 30/11/2018,01/11/2018,https://www.pvoil.com.vn/bao-cao-quy-binh-on-gia-xang-dau-giai-doan-01112018-den-30112018,64.359.556.266 VNĐ
Báo cáo Quỹ bình ổn giá xăng dầu giai đoạn 01/10/2018 đến 31/10/2018,01/10/2018,https://www.pvoil.com.vn/bao-cao-quy-binh-on-gia-xang-dau-giai-doan-01102018-den-31102018,-62.416.530.114 VNĐ
Báo cáo Quỹ bình ổn giá xăng dầu giai đoạn 01/09/2018 đến 30/09/2018,01/09/2018,https://www.pvoil.com.vn/bao-cao-quy-binh-on-gia-xang-dau-giai-doan-01092018-den-30092018,63.533.855.713 VNĐ
Báo cáo Quỹ bình ổn giá xăng dầu giai đoạn 01/08/2018 đến 31/08/2018,01/08/2018,https://www.pvoil.com.vn/bao-cao-quy-binh-on-gia-xang-dau-giai-doan-01082018-den-31082018,173.280.016.453 VNĐ
Thông báo Quỹ bình ổn giá xăng dầu giai đoạn 01/07/2018 đến 31/07/2018,01/07/2018,https://www.pvoil.com.vn/ve-viec-bao-cao-quy-binh-on-gia-xang-dau-giai-doan-01072018-den-31072018,203.643.301.652 VNĐ
Thông báo Quỹ bình ổn giá xăng dầu giai đoạn 01/06/2018 đến 30/06/2018,01/06/2018,https://www.pvoil.com.vn/thong-bao-quy-binh-on-gia-xang-dau-giai-doan-01062018-den-30062018,194.058.207.992 VNĐ
Thông báo Quỹ bình ổn giá xăng dầu giai đoạn 01/05/2018 đến 31/05/2018,01/05/2018,https://www.pvoil.com.vn/thong-bao-quy-binh-on-gia-xang-dau-giai-doan-01052018-den-31052018,250.535.857.232 VNĐ
Thông báo Quỹ bình ổn giá xăng dầu giai đoạn 01/04/2018 đến 30/04/2018,01/04/2018,https://www.pvoil.com.vn/thong-bao-quy-binh-on-gia-xang-dau-giai-doan-01042018-den-30042018,302.856.779.211 VNĐ
Thông báo Quỹ bình ổn giá xăng dầu giai đoạn 01/03/2018 đến 31/03/2018,01/03/2018,https://www.pvoil.com.vn/thong-bao-quy-binh-on-gia-xang-dau-giai-doan-01032018-den-31032018,320.251.271.782 VNĐ
Thông báo Quỹ bình ổn giá xăng dầu giai đoạn 01/02/2018 đến 28/02/2018,01/02/2018,https://www.pvoil.com.vn/thong-bao-quy-binh-on-gia-xang-dau-giai-doan-01022018-den-28022018,306.599.381.652 VNĐ
Thông báo Quỹ bình ổn giá xăng dầu giai đoạn 01/01/2018 đến 31/01/2018,01/01/2018,https://www.pvoil.com.vn/thong-bao-quy-binh-on-gia-xang-dau-giai-doan-01012018-den-31012018,379.432.361.192 VNĐ
Thông báo Quỹ bình ổn giá xăng dầu giai đoạn 01/12/2017 đến 31/12/2017,01/12/2017,https://www.pvoil.com.vn/thong-bao-quy-binh-on-gia-xang-dau-giai-doan-01122017-den-31122017,434.495.930.309 VNĐ
Thông báo Quỹ bình ổn giá xăng dầu giai đoạn 01/11/2017 đến 31/11/2017,01/11/2017,https://www.pvoil.com.vn/thong-bao-quy-binh-on-gia-xang-dau-giai-doan-01112017-den-31112017,486.316.041.091 VNĐ
Thông báo Quỹ bình ổn giá xăng dầu giai đoạn 01/10/2017 đến 31/10/2017,01/10/2017,https://www.pvoil.com.vn/thong-bao-quy-binh-on-gia-xang-dau-giai-doan-01102017-den-31102017,488.005.194.722 VNĐ
Thông báo Quỹ bình ổn giá xăng dầu giai đoạn 01/09/2017 đến 30/09/2017,01/09/2017,https://www.pvoil.com.vn/thong-bao-quy-binh-on-gia-xang-dau-giai-doan-01092017-den-30092017,457.808.524.469 VNĐ
Thông báo Quỹ bình ổn giá xăng dầu giai đoạn 01/08/2017 đến 31/08/2017,01/08/2017,https://www.pvoil.com.vn/thong-bao-quy-binh-on-gia-xang-dau-giai-doan-01082017-den-31082017,412.599.122.266 VNĐ
Thông báo Quỹ bình ổn giá xăng dầu giai đoạn 01/07/2017 đến 31/07/2017,01/07/2017,https://www.pvoil.com.vn/thong-bao-quy-binh-on-gia-xang-dau-giai-doan-01072017-den-31072017,364.369.307.569 VNĐ
Thông báo Quỹ bình ổn giá xăng dầu giai đoạn 01/06/2017 đến 30/06/2017,01/06/2017,https://www.pvoil.com.vn/thong-bao-quy-binh-on-gia-xang-dau-giai-doan-01062017-den-30062017,305.646.569.456 VNĐ
Thông báo Quỹ bình ổn giá xăng dầu giai đoạn 01/05/2017 đến 31/05/2017,01/05/2017,https://www.pvoil.com.vn/thong-bao-quy-binh-on-gia-xang-dau-giai-doan-01052017-den-31052017,230.872.459.959 VNĐ
Thông báo Quỹ bình ổn giá xăng dầu giai đoạn 01/04/2017 đến 30/04/2017,01/04/2017,https://www.pvoil.com.vn/thong-bao-quy-binh-on-gia-xang-dau-giai-doan-01042017-den-30042017,175.194.162.389 VNĐ
Thông báo Quỹ bình ổn giá xăng dầu giai đoạn 01/03/2017 đến 31/03/2017,01/03/2017,https://www.pvoil.com.vn/thong-bao-quy-binh-on-gia-xang-dau-giai-doan-01032017-den-31032017,133.269.523.909 VNĐ
Thông báo Quỹ bình ổn giá xăng dầu giai đoạn 01/02/2017 đến 28/02/2017,01/02/2017,https://www.pvoil.com.vn/thong-bao-quy-binh-on-gia-xang-dau-giai-doan-01022017-den-28022017,63.807.058.089 VNĐ
Thông báo Quỹ bình ổn giá xăng dầu giai đoạn 01/01/2017 đến 31/01/2017,01/01/2017,https://www.pvoil.com.vn/thong-bao-quy-binh-on-gia-xang-dau-giai-doan-01012017-den-31012017,42.471.788.763 VNĐ
Thông báo Quỹ bình ổn giá xăng dầu giai đoạn 01/12/2016 đến 31/12/2016,01/12/2016,https://www.pvoil.com.vn/thong-bao-quy-binh-on-gia-xang-dau-giai-doan-01122016-den-31122016,58.327.504.414 VNĐ
