doc_id,fuel_code_candidate,missing_field,source_likely_has_field,html_exists,event_date_raw,parse_status,missing_fields
90c5209410d3139e,RON95_III,bog_contribution_raw,True,True,16/4/2026,parsed_partial,bog_contribution_raw;bog_spending_raw
90c5209410d3139e,RON95_III,bog_spending_raw,True,True,16/4/2026,parsed_partial,bog_contribution_raw;bog_spending_raw
7090572f802d5049,RON95_III,bog_contribution_raw,True,True,09/4/2026,parsed_partial,bog_contribution_raw;bog_spending_raw
7090572f802d5049,RON95_III,bog_spending_raw,True,True,09/4/2026,parsed_partial,bog_contribution_raw;bog_spending_raw
896e0a3f91d55e45,DIESEL,bog_contribution_raw,True,True,08/4/2026,parsed_partial,bog_contribution_raw
896e0a3f91d55e45,E5RON92,bog_contribution_raw,True,True,08/4/2026,parsed_partial,bog_contribution_raw
896e0a3f91d55e45,MAZUT,bog_contribution_raw,True,True,08/4/2026,parsed_partial,bog_contribution_raw
896e0a3f91d55e45,RON95_III,bog_contribution_raw,True,True,08/4/2026,parsed_partial,bog_contribution_raw;bog_spending_raw
896e0a3f91d55e45,RON95_III,bog_spending_raw,True,True,08/4/2026,parsed_partial,bog_contribution_raw;bog_spending_raw
5038f03bf8420274,RON95_III,bog_contribution_raw,True,True,07/3/2026,parsed_partial,bog_contribution_raw;bog_spending_raw
5038f03bf8420274,RON95_III,bog_spending_raw,True,True,07/3/2026,parsed_partial,bog_contribution_raw;bog_spending_raw
cd334f1809ca70cb,RON95_III,bog_contribution_raw,True,True,05/3/2026,parsed_partial,bog_contribution_raw;bog_spending_raw
cd334f1809ca70cb,RON95_III,bog_spending_raw,True,True,05/3/2026,parsed_partial,bog_contribution_raw;bog_spending_raw
f7f6307c25f1bd85,RON95_III,bog_contribution_raw,True,True,26/02/2026,parsed_partial,bog_contribution_raw;bog_spending_raw
f7f6307c25f1bd85,RON95_III,bog_spending_raw,True,True,26/02/2026,parsed_partial,bog_contribution_raw;bog_spending_raw
bf9489af04f85357,RON95_III,bog_contribution_raw,True,True,20/02/2026,parsed_partial,bog_contribution_raw;bog_spending_raw
bf9489af04f85357,RON95_III,bog_spending_raw,True,True,20/02/2026,parsed_partial,bog_contribution_raw;bog_spending_raw
4140a899a2cfcefd,RON95_III,bog_contribution_raw,True,True,12/02/2026,parsed_partial,bog_contribution_raw;bog_spending_raw
4140a899a2cfcefd,RON95_III,bog_spending_raw,True,True,12/02/2026,parsed_partial,bog_contribution_raw;bog_spending_raw
6809720dbebd9a21,RON95_III,bog_contribution_raw,True,True,05/02/2026,parsed_partial,bog_contribution_raw;bog_spending_raw
6809720dbebd9a21,RON95_III,bog_spending_raw,True,True,05/02/2026,parsed_partial,bog_contribution_raw;bog_spending_raw
48cea29f6701993d,RON95_III,bog_contribution_raw,True,True,29/01/2026,parsed_partial,bog_contribution_raw;bog_spending_raw
48cea29f6701993d,RON95_III,bog_spending_raw,True,True,29/01/2026,parsed_partial,bog_contribution_raw;bog_spending_raw
a874d5794c21461f,RON95_III,bog_contribution_raw,True,True,22/01/2026,parsed_partial,bog_contribution_raw;bog_spending_raw
a874d5794c21461f,RON95_III,bog_spending_raw,True,True,22/01/2026,parsed_partial,bog_contribution_raw;bog_spending_raw
7ceb92855164dccc,RON95_III,bog_contribution_raw,True,True,08/01/2026,parsed_partial,bog_contribution_raw;bog_spending_raw
7ceb92855164dccc,RON95_III,bog_spending_raw,True,True,08/01/2026,parsed_partial,bog_contribution_raw;bog_spending_raw
84b6eb81c9fa9228,RON95_III,bog_contribution_raw,True,True,31/12/2025,parsed_partial,bog_contribution_raw;bog_spending_raw
84b6eb81c9fa9228,RON95_III,bog_spending_raw,True,True,31/12/2025,parsed_partial,bog_contribution_raw;bog_spending_raw
cd990b5d4e95df0e,RON95_III,bog_contribution_raw,True,True,25/12/2025,parsed_partial,bog_contribution_raw;bog_spending_raw
cd990b5d4e95df0e,RON95_III,bog_spending_raw,True,True,25/12/2025,parsed_partial,bog_contribution_raw;bog_spending_raw
52ca854df47d6ca2,RON95_III,bog_contribution_raw,True,True,18/12/2025,parsed_partial,bog_contribution_raw;bog_spending_raw
52ca854df47d6ca2,RON95_III,bog_spending_raw,True,True,18/12/2025,parsed_partial,bog_contribution_raw;bog_spending_raw
cf4043b38fa0a377,RON95_III,bog_contribution_raw,True,True,11/12/2025,parsed_partial,bog_contribution_raw;bog_spending_raw
cf4043b38fa0a377,RON95_III,bog_spending_raw,True,True,11/12/2025,parsed_partial,bog_contribution_raw;bog_spending_raw
4276ec4c940451d6,RON95_III,bog_contribution_raw,True,True,04/12/2025,parsed_partial,bog_contribution_raw;bog_spending_raw
4276ec4c940451d6,RON95_III,bog_spending_raw,True,True,04/12/2025,parsed_partial,bog_contribution_raw;bog_spending_raw
ce79c97a8561cafd,RON95_III,bog_contribution_raw,False,True,27/11/2025,parsed_partial,bog_contribution_raw
0ef954a9d915b261,RON95_III,bog_contribution_raw,True,True,20/11/2025,parsed_partial,bog_contribution_raw;bog_spending_raw
0ef954a9d915b261,RON95_III,bog_spending_raw,True,True,20/11/2025,parsed_partial,bog_contribution_raw;bog_spending_raw
1e7fd6acc777908a,RON95_III,bog_contribution_raw,True,True,13/11/2025,parsed_partial,bog_contribution_raw;bog_spending_raw
1e7fd6acc777908a,RON95_III,bog_spending_raw,True,True,13/11/2025,parsed_partial,bog_contribution_raw;bog_spending_raw
6852d53097037f5c,RON95_III,bog_contribution_raw,True,True,06/11/2025,parsed_partial,bog_contribution_raw;bog_spending_raw
6852d53097037f5c,RON95_III,bog_spending_raw,True,True,06/11/2025,parsed_partial,bog_contribution_raw;bog_spending_raw
4e73ea2c475175c5,RON95_III,bog_contribution_raw,True,True,30/10/2025,parsed_partial,bog_contribution_raw;bog_spending_raw
4e73ea2c475175c5,RON95_III,bog_spending_raw,True,True,30/10/2025,parsed_partial,bog_contribution_raw;bog_spending_raw
224bfe067c3e56e0,RON95_III,bog_contribution_raw,True,True,16/10/2025,parsed_partial,bog_contribution_raw;bog_spending_raw
224bfe067c3e56e0,RON95_III,bog_spending_raw,True,True,16/10/2025,parsed_partial,bog_contribution_raw;bog_spending_raw
3d3cc7b8749f5d7a,RON95_III,bog_contribution_raw,True,True,09/10/2025,parsed_partial,bog_contribution_raw;bog_spending_raw
3d3cc7b8749f5d7a,RON95_III,bog_spending_raw,True,True,09/10/2025,parsed_partial,bog_contribution_raw;bog_spending_raw
6d0d915b3c40f1f8,RON95_III,bog_contribution_raw,True,True,02/10/2025,parsed_partial,bog_contribution_raw;bog_spending_raw
6d0d915b3c40f1f8,RON95_III,bog_spending_raw,True,True,02/10/2025,parsed_partial,bog_contribution_raw;bog_spending_raw
29581e6f1ebe579f,RON95_III,bog_contribution_raw,True,True,25/9/2025,parsed_partial,bog_contribution_raw;bog_spending_raw
29581e6f1ebe579f,RON95_III,bog_spending_raw,True,True,25/9/2025,parsed_partial,bog_contribution_raw;bog_spending_raw
890d8b16af9704e1,RON95_III,bog_contribution_raw,True,True,18/9/2025,parsed_partial,bog_contribution_raw;bog_spending_raw
890d8b16af9704e1,RON95_III,bog_spending_raw,True,True,18/9/2025,parsed_partial,bog_contribution_raw;bog_spending_raw
5e038ebe3805ab01,RON95_III,bog_contribution_raw,True,True,11/9/2025,parsed_partial,bog_contribution_raw;bog_spending_raw
5e038ebe3805ab01,RON95_III,bog_spending_raw,True,True,11/9/2025,parsed_partial,bog_contribution_raw;bog_spending_raw
d71ca098e4ef19e1,RON95_III,bog_contribution_raw,True,True,04/9/2025,parsed_partial,bog_contribution_raw;bog_spending_raw
d71ca098e4ef19e1,RON95_III,bog_spending_raw,True,True,04/9/2025,parsed_partial,bog_contribution_raw;bog_spending_raw
60652000ef0073df,RON95_III,bog_contribution_raw,True,True,28/8/2025,parsed_partial,bog_contribution_raw;bog_spending_raw
60652000ef0073df,RON95_III,bog_spending_raw,True,True,28/8/2025,parsed_partial,bog_contribution_raw;bog_spending_raw
e3098fe9b030e746,RON95_III,bog_contribution_raw,True,True,21/8/2025,parsed_partial,bog_contribution_raw;bog_spending_raw
e3098fe9b030e746,RON95_III,bog_spending_raw,True,True,21/8/2025,parsed_partial,bog_contribution_raw;bog_spending_raw
de63768e8edbc9f8,RON95_III,bog_contribution_raw,True,True,14/8/2025,parsed_partial,bog_contribution_raw;bog_spending_raw
de63768e8edbc9f8,RON95_III,bog_spending_raw,True,True,14/8/2025,parsed_partial,bog_contribution_raw;bog_spending_raw
bb8d0255d7f62a48,RON95_III,bog_contribution_raw,True,True,07/8/2025,parsed_partial,bog_contribution_raw;bog_spending_raw
bb8d0255d7f62a48,RON95_III,bog_spending_raw,True,True,07/8/2025,parsed_partial,bog_contribution_raw;bog_spending_raw
b9f957592c086c67,RON95_III,bog_contribution_raw,True,True,31/7/2025,parsed_partial,bog_contribution_raw;bog_spending_raw
b9f957592c086c67,RON95_III,bog_spending_raw,True,True,31/7/2025,parsed_partial,bog_contribution_raw;bog_spending_raw
04952f180c7b5bda,RON95_III,bog_contribution_raw,True,True,24/7/2025,parsed_partial,bog_contribution_raw;bog_spending_raw
04952f180c7b5bda,RON95_III,bog_spending_raw,True,True,24/7/2025,parsed_partial,bog_contribution_raw;bog_spending_raw
8a053775d8966ef2,RON95_III,bog_contribution_raw,True,True,17/7/2025,parsed_partial,bog_contribution_raw;bog_spending_raw
8a053775d8966ef2,RON95_III,bog_spending_raw,True,True,17/7/2025,parsed_partial,bog_contribution_raw;bog_spending_raw
a321ba1451d946ec,RON95_III,bog_contribution_raw,True,True,10/7/2025,parsed_partial,bog_contribution_raw;bog_spending_raw
a321ba1451d946ec,RON95_III,bog_spending_raw,True,True,10/7/2025,parsed_partial,bog_contribution_raw;bog_spending_raw
5adae1dced8dbd55,RON95_III,bog_contribution_raw,True,True,03/7/2025,parsed_partial,bog_contribution_raw;bog_spending_raw
5adae1dced8dbd55,RON95_III,bog_spending_raw,True,True,03/7/2025,parsed_partial,bog_contribution_raw;bog_spending_raw
5a5265c83adc2602,RON95_III,bog_contribution_raw,True,True,26/6/2025,parsed_partial,bog_contribution_raw;bog_spending_raw
5a5265c83adc2602,RON95_III,bog_spending_raw,True,True,26/6/2025,parsed_partial,bog_contribution_raw;bog_spending_raw
678175aa5523860d,RON95_III,bog_contribution_raw,True,True,19/6/2025,parsed_partial,bog_contribution_raw
2e4508090c994436,RON95_III,bog_contribution_raw,True,True,12/6/2025,parsed_partial,bog_contribution_raw;bog_spending_raw
2e4508090c994436,RON95_III,bog_spending_raw,True,True,12/6/2025,parsed_partial,bog_contribution_raw;bog_spending_raw
70311e056d5ffa15,RON95_III,bog_contribution_raw,True,True,05/6/2025,parsed_partial,bog_contribution_raw;bog_spending_raw
70311e056d5ffa15,RON95_III,bog_spending_raw,True,True,05/6/2025,parsed_partial,bog_contribution_raw;bog_spending_raw
b8c6b7893827fa99,RON95_III,bog_contribution_raw,True,True,29/5/2025,parsed_partial,bog_contribution_raw;bog_spending_raw
b8c6b7893827fa99,RON95_III,bog_spending_raw,True,True,29/5/2025,parsed_partial,bog_contribution_raw;bog_spending_raw
11ae3aa3d8e13813,RON95_III,bog_contribution_raw,True,True,22/5/2025,parsed_partial,bog_contribution_raw;bog_spending_raw
11ae3aa3d8e13813,RON95_III,bog_spending_raw,True,True,22/5/2025,parsed_partial,bog_contribution_raw;bog_spending_raw
df9f7f768eccc0e8,RON95_III,bog_contribution_raw,True,True,15/5/2025,parsed_partial,bog_contribution_raw;bog_spending_raw
df9f7f768eccc0e8,RON95_III,bog_spending_raw,True,True,15/5/2025,parsed_partial,bog_contribution_raw;bog_spending_raw
0761832a6f3871c9,RON95_III,bog_contribution_raw,True,True,08/5/2025,parsed_partial,bog_contribution_raw
f066ef7a129e75dc,RON95_III,bog_contribution_raw,True,True,05/5/2025,parsed_partial,bog_contribution_raw;bog_spending_raw
f066ef7a129e75dc,RON95_III,bog_spending_raw,True,True,05/5/2025,parsed_partial,bog_contribution_raw;bog_spending_raw
a08f9af844846763,RON95_III,bog_contribution_raw,True,True,24/4/2025,parsed_partial,bog_contribution_raw;bog_spending_raw
a08f9af844846763,RON95_III,bog_spending_raw,True,True,24/4/2025,parsed_partial,bog_contribution_raw;bog_spending_raw
8156ff3d02aa4d36,RON95_III,bog_contribution_raw,True,True,17/4/2025,parsed_partial,bog_contribution_raw;bog_spending_raw
8156ff3d02aa4d36,RON95_III,bog_spending_raw,True,True,17/4/2025,parsed_partial,bog_contribution_raw;bog_spending_raw
93c4a91c0e45e9e5,RON95_III,bog_contribution_raw,True,True,10/4/2025,parsed_partial,bog_contribution_raw;bog_spending_raw
93c4a91c0e45e9e5,RON95_III,bog_spending_raw,True,True,10/4/2025,parsed_partial,bog_contribution_raw;bog_spending_raw
a69c1d3cf11a89b5,RON95_III,bog_contribution_raw,True,True,27/3/2025,parsed_partial,bog_contribution_raw;bog_spending_raw
a69c1d3cf11a89b5,RON95_III,bog_spending_raw,True,True,27/3/2025,parsed_partial,bog_contribution_raw;bog_spending_raw
90ae92eed8a97b76,RON95_III,bog_contribution_raw,True,True,20/3/2025,parsed_partial,bog_contribution_raw;bog_spending_raw
90ae92eed8a97b76,RON95_III,bog_spending_raw,True,True,20/3/2025,parsed_partial,bog_contribution_raw;bog_spending_raw
eb31d26847c93fa4,RON95_III,bog_contribution_raw,True,True,13/3/2025,parsed_partial,bog_contribution_raw;bog_spending_raw
eb31d26847c93fa4,RON95_III,bog_spending_raw,True,True,13/3/2025,parsed_partial,bog_contribution_raw;bog_spending_raw
71e3d0f6592fbb77,RON95_III,bog_contribution_raw,True,True,06/3/2025,parsed_partial,bog_contribution_raw;bog_spending_raw
71e3d0f6592fbb77,RON95_III,bog_spending_raw,True,True,06/3/2025,parsed_partial,bog_contribution_raw;bog_spending_raw
fa1eb7d694a84828,RON95_III,bog_contribution_raw,True,True,27/02/2025,parsed_partial,bog_contribution_raw;bog_spending_raw
fa1eb7d694a84828,RON95_III,bog_spending_raw,True,True,27/02/2025,parsed_partial,bog_contribution_raw;bog_spending_raw
a7b7db6999ddbac1,RON95_III,bog_contribution_raw,True,True,20/02/2025,parsed_partial,bog_contribution_raw;bog_spending_raw
a7b7db6999ddbac1,RON95_III,bog_spending_raw,True,True,20/02/2025,parsed_partial,bog_contribution_raw;bog_spending_raw
36402681df05eb59,RON95_III,bog_contribution_raw,True,True,13/02/2025,parsed_partial,bog_contribution_raw;bog_spending_raw
36402681df05eb59,RON95_III,bog_spending_raw,True,True,13/02/2025,parsed_partial,bog_contribution_raw;bog_spending_raw
cde62b286d7ce87e,RON95_III,bog_contribution_raw,True,True,06/02/2025,parsed_partial,bog_contribution_raw;bog_spending_raw
cde62b286d7ce87e,RON95_III,bog_spending_raw,True,True,06/02/2025,parsed_partial,bog_contribution_raw;bog_spending_raw
42773ce2c7acca4f,RON95_III,bog_contribution_raw,True,True,01/02/2025,parsed_partial,bog_contribution_raw;bog_spending_raw
42773ce2c7acca4f,RON95_III,bog_spending_raw,True,True,01/02/2025,parsed_partial,bog_contribution_raw;bog_spending_raw
2d366215e386724a,RON95_III,bog_contribution_raw,True,True,23/01/2025,parsed_partial,bog_contribution_raw;bog_spending_raw
2d366215e386724a,RON95_III,bog_spending_raw,True,True,23/01/2025,parsed_partial,bog_contribution_raw;bog_spending_raw
cb6106ec65b0f039,RON95_III,bog_contribution_raw,True,True,16/01/2025,parsed_partial,bog_contribution_raw;bog_spending_raw
cb6106ec65b0f039,RON95_III,bog_spending_raw,True,True,16/01/2025,parsed_partial,bog_contribution_raw;bog_spending_raw
60dbc03761dfa22f,RON95_III,bog_contribution_raw,True,True,26/12/2024,parsed_partial,bog_contribution_raw;bog_spending_raw
60dbc03761dfa22f,RON95_III,bog_spending_raw,True,True,26/12/2024,parsed_partial,bog_contribution_raw;bog_spending_raw
55200b1cf534bc1c,RON95_III,bog_contribution_raw,True,True,19/12/2024,parsed_partial,bog_contribution_raw;bog_spending_raw
55200b1cf534bc1c,RON95_III,bog_spending_raw,True,True,19/12/2024,parsed_partial,bog_contribution_raw;bog_spending_raw
e1d4cd5b265ecce4,RON95_III,bog_contribution_raw,True,True,05/12/2024,parsed_partial,bog_contribution_raw;bog_spending_raw
e1d4cd5b265ecce4,RON95_III,bog_spending_raw,True,True,05/12/2024,parsed_partial,bog_contribution_raw;bog_spending_raw
5eef8331bfa2de62,RON95_III,bog_contribution_raw,True,True,28/11/2024,parsed_partial,bog_contribution_raw;bog_spending_raw
5eef8331bfa2de62,RON95_III,bog_spending_raw,True,True,28/11/2024,parsed_partial,bog_contribution_raw;bog_spending_raw
2f790c55b31bad00,RON95_III,bog_contribution_raw,True,True,21/11/2024,parsed_partial,bog_contribution_raw;bog_spending_raw
2f790c55b31bad00,RON95_III,bog_spending_raw,True,True,21/11/2024,parsed_partial,bog_contribution_raw;bog_spending_raw
4a6e7231324c9b50,RON95_III,bog_contribution_raw,True,True,14/11/2024,parsed_partial,bog_contribution_raw;bog_spending_raw
4a6e7231324c9b50,RON95_III,bog_spending_raw,True,True,14/11/2024,parsed_partial,bog_contribution_raw;bog_spending_raw
81ea7e10e17bf4ea,RON95_III,bog_contribution_raw,True,True,07/11/2024,parsed_partial,bog_contribution_raw;bog_spending_raw
81ea7e10e17bf4ea,RON95_III,bog_spending_raw,True,True,07/11/2024,parsed_partial,bog_contribution_raw;bog_spending_raw
67424b4bd17e4957,RON95_III,bog_contribution_raw,True,True,31/10/2024,parsed_partial,bog_contribution_raw;bog_spending_raw
67424b4bd17e4957,RON95_III,bog_spending_raw,True,True,31/10/2024,parsed_partial,bog_contribution_raw;bog_spending_raw
8e8a2ffeca0c5f07,RON95_III,bog_contribution_raw,True,True,24/10/2024,parsed_partial,bog_contribution_raw;bog_spending_raw
8e8a2ffeca0c5f07,RON95_III,bog_spending_raw,True,True,24/10/2024,parsed_partial,bog_contribution_raw;bog_spending_raw
271060ee867d8926,RON95_III,bog_contribution_raw,True,True,17/10/2024,parsed_partial,bog_contribution_raw;bog_spending_raw
271060ee867d8926,RON95_III,bog_spending_raw,True,True,17/10/2024,parsed_partial,bog_contribution_raw;bog_spending_raw
9faf39ef788ff56d,RON95_III,bog_contribution_raw,True,True,10/10/2024,parsed_partial,bog_contribution_raw;bog_spending_raw
9faf39ef788ff56d,RON95_III,bog_spending_raw,True,True,10/10/2024,parsed_partial,bog_contribution_raw;bog_spending_raw
141e9343abe20eb9,RON95_III,bog_contribution_raw,True,True,03/10/2024,parsed_partial,bog_contribution_raw;bog_spending_raw
141e9343abe20eb9,RON95_III,bog_spending_raw,True,True,03/10/2024,parsed_partial,bog_contribution_raw;bog_spending_raw
a949aafc486ea103,RON95_III,bog_contribution_raw,True,True,26/9/2024,parsed_partial,bog_contribution_raw;bog_spending_raw
a949aafc486ea103,RON95_III,bog_spending_raw,True,True,26/9/2024,parsed_partial,bog_contribution_raw;bog_spending_raw
7d3ebb22e94f1f40,RON95_III,bog_contribution_raw,True,True,19/9/2024,parsed_partial,bog_contribution_raw;bog_spending_raw
7d3ebb22e94f1f40,RON95_III,bog_spending_raw,True,True,19/9/2024,parsed_partial,bog_contribution_raw;bog_spending_raw
b7d05ef645a67f44,RON95_III,bog_contribution_raw,True,True,12/9/2024,parsed_partial,bog_contribution_raw;bog_spending_raw
b7d05ef645a67f44,RON95_III,bog_spending_raw,True,True,12/9/2024,parsed_partial,bog_contribution_raw;bog_spending_raw
92226e6a7b03760b,RON95_III,bog_contribution_raw,True,True,22/8/2024,parsed_partial,bog_contribution_raw;bog_spending_raw
92226e6a7b03760b,RON95_III,bog_spending_raw,True,True,22/8/2024,parsed_partial,bog_contribution_raw;bog_spending_raw
8daeccf4f36f9455,RON95_III,bog_contribution_raw,True,True,15/8/2024,parsed_partial,bog_contribution_raw;bog_spending_raw
8daeccf4f36f9455,RON95_III,bog_spending_raw,True,True,15/8/2024,parsed_partial,bog_contribution_raw;bog_spending_raw
b4ee19c7165c12a0,RON95_III,bog_contribution_raw,True,True,08/8/2024,parsed_partial,bog_contribution_raw;bog_spending_raw
b4ee19c7165c12a0,RON95_III,bog_spending_raw,True,True,08/8/2024,parsed_partial,bog_contribution_raw;bog_spending_raw
1cb3b772784ecebf,RON95_III,bog_contribution_raw,True,True,01/8/2024,parsed_partial,bog_contribution_raw;bog_spending_raw
1cb3b772784ecebf,RON95_III,bog_spending_raw,True,True,01/8/2024,parsed_partial,bog_contribution_raw;bog_spending_raw
79fbdd1395119f99,RON95_III,bog_contribution_raw,True,True,25/7/2024,parsed_partial,bog_contribution_raw;bog_spending_raw
79fbdd1395119f99,RON95_III,bog_spending_raw,True,True,25/7/2024,parsed_partial,bog_contribution_raw;bog_spending_raw
d55e0016dee18732,RON95_III,bog_contribution_raw,True,True,18/7/2024,parsed_partial,bog_contribution_raw;bog_spending_raw
d55e0016dee18732,RON95_III,bog_spending_raw,True,True,18/7/2024,parsed_partial,bog_contribution_raw;bog_spending_raw
84d07ef8a882969f,RON95_III,bog_contribution_raw,True,True,11/7/2024,parsed_partial,bog_contribution_raw;bog_spending_raw
84d07ef8a882969f,RON95_III,bog_spending_raw,True,True,11/7/2024,parsed_partial,bog_contribution_raw;bog_spending_raw
7959ab958153b98b,RON95_III,bog_contribution_raw,True,True,04/7/2024,parsed_partial,bog_contribution_raw;bog_spending_raw
7959ab958153b98b,RON95_III,bog_spending_raw,True,True,04/7/2024,parsed_partial,bog_contribution_raw;bog_spending_raw
f3815863f9e37aba,RON95_III,bog_contribution_raw,True,True,27/6/2024,parsed_partial,bog_contribution_raw;bog_spending_raw
f3815863f9e37aba,RON95_III,bog_spending_raw,True,True,27/6/2024,parsed_partial,bog_contribution_raw;bog_spending_raw
64c3790a34fc2a62,RON95_III,bog_contribution_raw,True,True,20/6/2024,parsed_partial,bog_contribution_raw;bog_spending_raw
64c3790a34fc2a62,RON95_III,bog_spending_raw,True,True,20/6/2024,parsed_partial,bog_contribution_raw;bog_spending_raw
c1c8c98c8d46237b,RON95_III,bog_contribution_raw,True,True,13/6/2024,parsed_partial,bog_contribution_raw;bog_spending_raw
c1c8c98c8d46237b,RON95_III,bog_spending_raw,True,True,13/6/2024,parsed_partial,bog_contribution_raw;bog_spending_raw
5d23a701a057a309,RON95_III,bog_contribution_raw,True,True,06/6/2024,parsed_partial,bog_contribution_raw;bog_spending_raw
5d23a701a057a309,RON95_III,bog_spending_raw,True,True,06/6/2024,parsed_partial,bog_contribution_raw;bog_spending_raw
49be5b6eff8c914b,RON95_III,bog_contribution_raw,True,True,30/5/2024,parsed_partial,bog_contribution_raw;bog_spending_raw
49be5b6eff8c914b,RON95_III,bog_spending_raw,True,True,30/5/2024,parsed_partial,bog_contribution_raw;bog_spending_raw
bc836d5191d7ce51,RON95_III,bog_contribution_raw,True,True,23/5/2024,parsed_partial,bog_contribution_raw;bog_spending_raw
bc836d5191d7ce51,RON95_III,bog_spending_raw,True,True,23/5/2024,parsed_partial,bog_contribution_raw;bog_spending_raw
58ef356368c56074,RON95_III,bog_contribution_raw,True,True,16/5/2024,parsed_partial,bog_contribution_raw;bog_spending_raw
58ef356368c56074,RON95_III,bog_spending_raw,True,True,16/5/2024,parsed_partial,bog_contribution_raw;bog_spending_raw
a29a516f2e050fb7,RON95_III,bog_contribution_raw,True,True,09/5/2024,parsed_partial,bog_contribution_raw;bog_spending_raw
a29a516f2e050fb7,RON95_III,bog_spending_raw,True,True,09/5/2024,parsed_partial,bog_contribution_raw;bog_spending_raw
cc3fff00c14c4ea3,RON95_III,bog_contribution_raw,True,True,02/5/2024,parsed_partial,bog_contribution_raw;bog_spending_raw
cc3fff00c14c4ea3,RON95_III,bog_spending_raw,True,True,02/5/2024,parsed_partial,bog_contribution_raw;bog_spending_raw
e52bb3fc81b9a626,RON95_III,bog_contribution_raw,True,True,25/4/2024,parsed_partial,bog_contribution_raw;bog_spending_raw
e52bb3fc81b9a626,RON95_III,bog_spending_raw,True,True,25/4/2024,parsed_partial,bog_contribution_raw;bog_spending_raw
dd4881330cce28e3,RON95_III,bog_contribution_raw,True,True,17/4/2024,parsed_partial,bog_contribution_raw;bog_spending_raw
dd4881330cce28e3,RON95_III,bog_spending_raw,True,True,17/4/2024,parsed_partial,bog_contribution_raw;bog_spending_raw
2a1501798dd51761,RON95_III,bog_contribution_raw,True,True,11/4/2024,parsed_partial,bog_contribution_raw;bog_spending_raw
2a1501798dd51761,RON95_III,bog_spending_raw,True,True,11/4/2024,parsed_partial,bog_contribution_raw;bog_spending_raw
b24b70c1085fb515,RON95_III,bog_contribution_raw,True,True,28/3/2024,parsed_partial,bog_contribution_raw;bog_spending_raw
b24b70c1085fb515,RON95_III,bog_spending_raw,True,True,28/3/2024,parsed_partial,bog_contribution_raw;bog_spending_raw
5246fa97457bcb70,RON95_III,bog_contribution_raw,True,True,21/3/2024,parsed_partial,bog_contribution_raw;bog_spending_raw
5246fa97457bcb70,RON95_III,bog_spending_raw,True,True,21/3/2024,parsed_partial,bog_contribution_raw;bog_spending_raw
218325b47d08220a,RON95_III,bog_contribution_raw,True,True,14/3/2024,parsed_partial,bog_contribution_raw;bog_spending_raw
218325b47d08220a,RON95_III,bog_spending_raw,True,True,14/3/2024,parsed_partial,bog_contribution_raw;bog_spending_raw
511bd198a7514607,RON95_III,bog_contribution_raw,True,True,07/3/2024,parsed_partial,bog_contribution_raw;bog_spending_raw
511bd198a7514607,RON95_III,bog_spending_raw,True,True,07/3/2024,parsed_partial,bog_contribution_raw;bog_spending_raw
d2bccd5ca4e11d24,RON95_III,bog_contribution_raw,True,True,29/02/2024,parsed_partial,bog_contribution_raw;bog_spending_raw
d2bccd5ca4e11d24,RON95_III,bog_spending_raw,True,True,29/02/2024,parsed_partial,bog_contribution_raw;bog_spending_raw
4a63c46cb353090e,RON95_III,bog_contribution_raw,True,True,22/02/2024,parsed_partial,bog_contribution_raw;bog_spending_raw
4a63c46cb353090e,RON95_III,bog_spending_raw,True,True,22/02/2024,parsed_partial,bog_contribution_raw;bog_spending_raw
b6a5234b1125cb33,RON95_III,bog_contribution_raw,True,True,15/02/2024,parsed_partial,bog_contribution_raw;bog_spending_raw
b6a5234b1125cb33,RON95_III,bog_spending_raw,True,True,15/02/2024,parsed_partial,bog_contribution_raw;bog_spending_raw
2196557009c194a0,RON95_III,bog_contribution_raw,True,True,08/02/2024,parsed_partial,bog_contribution_raw;bog_spending_raw
2196557009c194a0,RON95_III,bog_spending_raw,True,True,08/02/2024,parsed_partial,bog_contribution_raw;bog_spending_raw
30e240e2a457f143,DIESEL,retail_price_raw,True,True,01/02/2024,parsed_partial,retail_price_raw
30e240e2a457f143,MAZUT,retail_price_raw,True,True,01/02/2024,parsed_partial,retail_price_raw
30e240e2a457f143,RON95_III,bog_contribution_raw,True,True,01/02/2024,parsed_partial,bog_contribution_raw;bog_spending_raw
30e240e2a457f143,RON95_III,bog_spending_raw,True,True,01/02/2024,parsed_partial,bog_contribution_raw;bog_spending_raw
06bd3142210deae9,DIESEL,retail_price_raw,True,True,25/01/2024,parsed_partial,retail_price_raw
06bd3142210deae9,E5RON92,bog_contribution_raw,True,True,25/01/2024,parsed_partial,bog_contribution_raw
06bd3142210deae9,MAZUT,retail_price_raw,True,True,25/01/2024,parsed_partial,retail_price_raw
06bd3142210deae9,RON95_III,bog_contribution_raw,True,True,25/01/2024,parsed_partial,bog_contribution_raw;bog_spending_raw
06bd3142210deae9,RON95_III,bog_spending_raw,True,True,25/01/2024,parsed_partial,bog_contribution_raw;bog_spending_raw
f7af1a1867c6a7cd,DIESEL,retail_price_raw,True,True,18/01/2024,parsed_partial,retail_price_raw
f7af1a1867c6a7cd,MAZUT,retail_price_raw,True,True,18/01/2024,parsed_partial,retail_price_raw
f7af1a1867c6a7cd,RON95_III,bog_contribution_raw,True,True,18/01/2024,parsed_partial,bog_contribution_raw;bog_spending_raw
f7af1a1867c6a7cd,RON95_III,bog_spending_raw,True,True,18/01/2024,parsed_partial,bog_contribution_raw;bog_spending_raw
399dde7edb5b24cc,DIESEL,retail_price_raw,True,True,11/01/2024,parsed_partial,retail_price_raw
399dde7edb5b24cc,MAZUT,retail_price_raw,True,True,11/01/2024,parsed_partial,retail_price_raw
399dde7edb5b24cc,RON95_III,bog_contribution_raw,True,True,11/01/2024,parsed_partial,bog_contribution_raw;bog_spending_raw
399dde7edb5b24cc,RON95_III,bog_spending_raw,True,True,11/01/2024,parsed_partial,bog_contribution_raw;bog_spending_raw
480538d6506f8b0e,DIESEL,retail_price_raw,True,True,04/01/2024,parsed_partial,retail_price_raw
480538d6506f8b0e,MAZUT,retail_price_raw,True,True,04/01/2024,parsed_partial,retail_price_raw
480538d6506f8b0e,RON95_III,bog_contribution_raw,True,True,04/01/2024,parsed_partial,bog_contribution_raw;bog_spending_raw
480538d6506f8b0e,RON95_III,bog_spending_raw,True,True,04/01/2024,parsed_partial,bog_contribution_raw;bog_spending_raw
945757bbd05ecc2f,DIESEL,retail_price_raw,True,True,28/12/2023,parsed_partial,retail_price_raw
945757bbd05ecc2f,MAZUT,retail_price_raw,True,True,28/12/2023,parsed_partial,retail_price_raw
945757bbd05ecc2f,RON95_III,bog_contribution_raw,True,True,28/12/2023,parsed_partial,bog_contribution_raw;bog_spending_raw
945757bbd05ecc2f,RON95_III,bog_spending_raw,True,True,28/12/2023,parsed_partial,bog_contribution_raw;bog_spending_raw
d1a4c5a312499c97,DIESEL,retail_price_raw,True,True,21/12/2023,parsed_partial,retail_price_raw
d1a4c5a312499c97,MAZUT,retail_price_raw,True,True,21/12/2023,parsed_partial,retail_price_raw
d1a4c5a312499c97,RON95_III,bog_contribution_raw,True,True,21/12/2023,parsed_partial,bog_contribution_raw;bog_spending_raw
d1a4c5a312499c97,RON95_III,bog_spending_raw,True,True,21/12/2023,parsed_partial,bog_contribution_raw;bog_spending_raw
246edd7078b758a3,DIESEL,retail_price_raw,True,True,14/12/2023,parsed_partial,retail_price_raw
246edd7078b758a3,MAZUT,retail_price_raw,True,True,14/12/2023,parsed_partial,retail_price_raw
246edd7078b758a3,RON95_III,bog_contribution_raw,True,True,14/12/2023,parsed_partial,bog_contribution_raw;bog_spending_raw
246edd7078b758a3,RON95_III,bog_spending_raw,True,True,14/12/2023,parsed_partial,bog_contribution_raw;bog_spending_raw
2b0db8a727377890,RON95_III,bog_contribution_raw,True,True,07/12/2023,parsed_partial,bog_contribution_raw;bog_spending_raw
2b0db8a727377890,RON95_III,bog_spending_raw,True,True,07/12/2023,parsed_partial,bog_contribution_raw;bog_spending_raw
8ee7aaa1a9b516d5,RON95_III,bog_contribution_raw,True,True,23/11/2023,parsed_partial,bog_contribution_raw;bog_spending_raw
8ee7aaa1a9b516d5,RON95_III,bog_spending_raw,True,True,23/11/2023,parsed_partial,bog_contribution_raw;bog_spending_raw
70f8b30d2d17ee47,RON95_III,bog_contribution_raw,True,True,13/11/2023,parsed_partial,bog_contribution_raw;bog_spending_raw
70f8b30d2d17ee47,RON95_III,bog_spending_raw,True,True,13/11/2023,parsed_partial,bog_contribution_raw;bog_spending_raw
b2185f4d39bb3e80,RON95_III,bog_contribution_raw,True,True,01/11/2023,parsed_partial,bog_contribution_raw;bog_spending_raw
b2185f4d39bb3e80,RON95_III,bog_spending_raw,True,True,01/11/2023,parsed_partial,bog_contribution_raw;bog_spending_raw
43277a15a463ab8b,RON95_III,bog_contribution_raw,True,True,23/10/2023,parsed_partial,bog_contribution_raw;bog_spending_raw
43277a15a463ab8b,RON95_III,bog_spending_raw,True,True,23/10/2023,parsed_partial,bog_contribution_raw;bog_spending_raw
ed822e601211d1a5,RON95_III,bog_contribution_raw,True,True,11/10/2023,parsed_partial,bog_contribution_raw;bog_spending_raw
ed822e601211d1a5,RON95_III,bog_spending_raw,True,True,11/10/2023,parsed_partial,bog_contribution_raw;bog_spending_raw
8cd59e4a8eb484d6,RON95_III,bog_contribution_raw,True,True,02/10/2023,parsed_partial,bog_contribution_raw;bog_spending_raw
8cd59e4a8eb484d6,RON95_III,bog_spending_raw,True,True,02/10/2023,parsed_partial,bog_contribution_raw;bog_spending_raw
142d9dbbc40b7b10,RON95_III,bog_contribution_raw,True,True,11/9/2023,parsed_partial,bog_contribution_raw;bog_spending_raw
142d9dbbc40b7b10,RON95_III,bog_spending_raw,True,True,11/9/2023,parsed_partial,bog_contribution_raw;bog_spending_raw
fda83b07610d6d7a,RON95_III,bog_contribution_raw,True,True,05/9/2023,parsed_partial,bog_contribution_raw;bog_spending_raw
fda83b07610d6d7a,RON95_III,bog_spending_raw,True,True,05/9/2023,parsed_partial,bog_contribution_raw;bog_spending_raw
a8c0b5fd50c036e2,RON95_III,bog_contribution_raw,True,True,21/8/2023,parsed_partial,bog_contribution_raw;bog_spending_raw
a8c0b5fd50c036e2,RON95_III,bog_spending_raw,True,True,21/8/2023,parsed_partial,bog_contribution_raw;bog_spending_raw
d8065578e176113a,RON95_III,bog_contribution_raw,True,True,11/8/2023,parsed_partial,bog_contribution_raw;bog_spending_raw
d8065578e176113a,RON95_III,bog_spending_raw,True,True,11/8/2023,parsed_partial,bog_contribution_raw;bog_spending_raw
7b0afe1983af5eae,RON95_III,bog_contribution_raw,True,True,01/8/2023,parsed_partial,bog_contribution_raw;bog_spending_raw
7b0afe1983af5eae,RON95_III,bog_spending_raw,True,True,01/8/2023,parsed_partial,bog_contribution_raw;bog_spending_raw
357ddc491db7319f,RON95_III,bog_contribution_raw,True,True,21/7/2023,parsed_partial,bog_contribution_raw;bog_spending_raw
357ddc491db7319f,RON95_III,bog_spending_raw,True,True,21/7/2023,parsed_partial,bog_contribution_raw;bog_spending_raw
1361570c641851c0,RON95_III,bog_contribution_raw,True,True,11/7/2023,parsed_partial,bog_contribution_raw;bog_spending_raw
1361570c641851c0,RON95_III,bog_spending_raw,True,True,11/7/2023,parsed_partial,bog_contribution_raw;bog_spending_raw
c03572423c97770a,RON95_III,bog_contribution_raw,True,True,03/7/2023,parsed_partial,bog_contribution_raw;bog_spending_raw
c03572423c97770a,RON95_III,bog_spending_raw,True,True,03/7/2023,parsed_partial,bog_contribution_raw;bog_spending_raw
27771f9191d04f48,RON95_III,bog_contribution_raw,True,True,21/6/2023,parsed_partial,bog_contribution_raw;bog_spending_raw
27771f9191d04f48,RON95_III,bog_spending_raw,True,True,21/6/2023,parsed_partial,bog_contribution_raw;bog_spending_raw
b45983cc9ab1fbde,RON95_III,bog_contribution_raw,True,True,12/6/2023,parsed_partial,bog_contribution_raw;bog_spending_raw
b45983cc9ab1fbde,RON95_III,bog_spending_raw,True,True,12/6/2023,parsed_partial,bog_contribution_raw;bog_spending_raw
f485f0044c0f9507,RON95_III,bog_contribution_raw,True,True,01/6/2023,parsed_partial,bog_contribution_raw;bog_spending_raw
f485f0044c0f9507,RON95_III,bog_spending_raw,True,True,01/6/2023,parsed_partial,bog_contribution_raw;bog_spending_raw
c94e335cd2749250,RON95_III,bog_contribution_raw,True,True,22/5/2023,parsed_partial,bog_contribution_raw;bog_spending_raw
c94e335cd2749250,RON95_III,bog_spending_raw,True,True,22/5/2023,parsed_partial,bog_contribution_raw;bog_spending_raw
8661319bed8ee03f,RON95_III,bog_contribution_raw,True,True,11/5/2023,parsed_partial,bog_contribution_raw;bog_spending_raw
8661319bed8ee03f,RON95_III,bog_spending_raw,True,True,11/5/2023,parsed_partial,bog_contribution_raw;bog_spending_raw
7544bf287dcba3eb,RON95_III,bog_contribution_raw,True,True,04/5/2023,parsed_partial,bog_contribution_raw;bog_spending_raw
7544bf287dcba3eb,RON95_III,bog_spending_raw,True,True,04/5/2023,parsed_partial,bog_contribution_raw;bog_spending_raw
a0c8df806dfbead2,RON95_III,bog_contribution_raw,True,True,21/4/2023,parsed_partial,bog_contribution_raw;bog_spending_raw
a0c8df806dfbead2,RON95_III,bog_spending_raw,True,True,21/4/2023,parsed_partial,bog_contribution_raw;bog_spending_raw
9f73ec62433dbbd1,RON95_III,bog_contribution_raw,True,True,11/4/2023,parsed_partial,bog_contribution_raw;bog_spending_raw
9f73ec62433dbbd1,RON95_III,bog_spending_raw,True,True,11/4/2023,parsed_partial,bog_contribution_raw;bog_spending_raw
be5be5091e9c6938,RON95_III,bog_contribution_raw,True,True,03/4/2023,parsed_partial,bog_contribution_raw;bog_spending_raw
be5be5091e9c6938,RON95_III,bog_spending_raw,True,True,03/4/2023,parsed_partial,bog_contribution_raw;bog_spending_raw
49efd5c44d15cf3a,RON95_III,bog_contribution_raw,True,True,21/3/2023,parsed_partial,bog_contribution_raw;bog_spending_raw
49efd5c44d15cf3a,RON95_III,bog_spending_raw,True,True,21/3/2023,parsed_partial,bog_contribution_raw;bog_spending_raw
d6c77bd41b73a3e8,RON95_III,bog_contribution_raw,True,True,13/3/2023,parsed_partial,bog_contribution_raw;bog_spending_raw
d6c77bd41b73a3e8,RON95_III,bog_spending_raw,True,True,13/3/2023,parsed_partial,bog_contribution_raw;bog_spending_raw
10ad0848e0137c45,RON95_III,bog_contribution_raw,True,True,01/3/2023,parsed_partial,bog_contribution_raw;bog_spending_raw
10ad0848e0137c45,RON95_III,bog_spending_raw,True,True,01/3/2023,parsed_partial,bog_contribution_raw;bog_spending_raw
ed0322bf76c0f8c7,RON95_III,bog_contribution_raw,True,True,21/02/2023,parsed_partial,bog_contribution_raw;bog_spending_raw
ed0322bf76c0f8c7,RON95_III,bog_spending_raw,True,True,21/02/2023,parsed_partial,bog_contribution_raw;bog_spending_raw
40765525cb7249f3,RON95_III,bog_contribution_raw,True,True,13/02/2023,parsed_partial,bog_contribution_raw;bog_spending_raw
40765525cb7249f3,RON95_III,bog_spending_raw,True,True,13/02/2023,parsed_partial,bog_contribution_raw;bog_spending_raw
495ad626e2357be6,RON95_III,bog_contribution_raw,True,True,30/01/2023,parsed_partial,bog_contribution_raw;bog_spending_raw
495ad626e2357be6,RON95_III,bog_spending_raw,True,True,30/01/2023,parsed_partial,bog_contribution_raw;bog_spending_raw
8e438261ab8ba721,RON95_III,bog_contribution_raw,True,True,03/01/2023,parsed_partial,bog_contribution_raw;bog_spending_raw
8e438261ab8ba721,RON95_III,bog_spending_raw,True,True,03/01/2023,parsed_partial,bog_contribution_raw;bog_spending_raw
c79d7ba7b8ef4266,RON95_III,bog_contribution_raw,True,True,21/12/2022,parsed_partial,bog_contribution_raw;bog_spending_raw
c79d7ba7b8ef4266,RON95_III,bog_spending_raw,True,True,21/12/2022,parsed_partial,bog_contribution_raw;bog_spending_raw
ba1999135130c2f7,DIESEL,event_date_raw,True,True,,parsed_partial,event_date_raw
ba1999135130c2f7,E5RON92,event_date_raw,True,True,,parsed_partial,event_date_raw
ba1999135130c2f7,MAZUT,event_date_raw,True,True,,parsed_partial,event_date_raw
ba1999135130c2f7,RON95_III,event_date_raw,True,True,,parsed_partial,event_date_raw;bog_contribution_raw;bog_spending_raw
ba1999135130c2f7,RON95_III,bog_contribution_raw,True,True,,parsed_partial,event_date_raw;bog_contribution_raw;bog_spending_raw
ba1999135130c2f7,RON95_III,bog_spending_raw,True,True,,parsed_partial,event_date_raw;bog_contribution_raw;bog_spending_raw
7b5d1e885986634b,DIESEL,event_date_raw,True,True,,parsed_partial,event_date_raw;base_price_raw
7b5d1e885986634b,DIESEL,base_price_raw,True,True,,parsed_partial,event_date_raw;base_price_raw
7b5d1e885986634b,E5RON92,event_date_raw,True,True,,parsed_partial,event_date_raw;base_price_raw
7b5d1e885986634b,E5RON92,base_price_raw,True,True,,parsed_partial,event_date_raw;base_price_raw
7b5d1e885986634b,MAZUT,event_date_raw,True,True,,parsed_partial,event_date_raw;base_price_raw
7b5d1e885986634b,MAZUT,base_price_raw,True,True,,parsed_partial,event_date_raw;base_price_raw
7b5d1e885986634b,RON95_III,event_date_raw,True,True,,parsed_partial,event_date_raw;base_price_raw;bog_contribution_raw;bog_spending_raw
7b5d1e885986634b,RON95_III,base_price_raw,True,True,,parsed_partial,event_date_raw;base_price_raw;bog_contribution_raw;bog_spending_raw
7b5d1e885986634b,RON95_III,bog_contribution_raw,False,True,,parsed_partial,event_date_raw;base_price_raw;bog_contribution_raw;bog_spending_raw
7b5d1e885986634b,RON95_III,bog_spending_raw,True,True,,parsed_partial,event_date_raw;base_price_raw;bog_contribution_raw;bog_spending_raw
1c2b8cdeea92e049,DIESEL,event_date_raw,True,True,,parsed_partial,event_date_raw
1c2b8cdeea92e049,E5RON92,event_date_raw,True,True,,parsed_partial,event_date_raw
1c2b8cdeea92e049,MAZUT,event_date_raw,True,True,,parsed_partial,event_date_raw
1c2b8cdeea92e049,RON95_III,event_date_raw,True,True,,parsed_partial,event_date_raw;bog_contribution_raw;bog_spending_raw
1c2b8cdeea92e049,RON95_III,bog_contribution_raw,True,True,,parsed_partial,event_date_raw;bog_contribution_raw;bog_spending_raw
1c2b8cdeea92e049,RON95_III,bog_spending_raw,True,True,,parsed_partial,event_date_raw;bog_contribution_raw;bog_spending_raw
6d08ab2941258dc4,RON95_III,bog_contribution_raw,True,True,11/11/2022,parsed_partial,bog_contribution_raw;bog_spending_raw
6d08ab2941258dc4,RON95_III,bog_spending_raw,True,True,11/11/2022,parsed_partial,bog_contribution_raw;bog_spending_raw
07ee38d725b8d5b3,DIESEL,event_date_raw,True,True,,parsed_partial,event_date_raw
07ee38d725b8d5b3,E5RON92,event_date_raw,True,True,,parsed_partial,event_date_raw
07ee38d725b8d5b3,MAZUT,event_date_raw,True,True,,parsed_partial,event_date_raw
07ee38d725b8d5b3,RON95_III,event_date_raw,True,True,,parsed_partial,event_date_raw;bog_contribution_raw;bog_spending_raw
07ee38d725b8d5b3,RON95_III,bog_contribution_raw,True,True,,parsed_partial,event_date_raw;bog_contribution_raw;bog_spending_raw
07ee38d725b8d5b3,RON95_III,bog_spending_raw,True,True,,parsed_partial,event_date_raw;bog_contribution_raw;bog_spending_raw
ab44c7f939abc832,E5RON92,base_price_raw,True,True,21/10/2022,parsed_partial,base_price_raw
ab44c7f939abc832,RON95_III,bog_contribution_raw,True,True,21/10/2022,parsed_partial,bog_contribution_raw;bog_spending_raw
ab44c7f939abc832,RON95_III,bog_spending_raw,True,True,21/10/2022,parsed_partial,bog_contribution_raw;bog_spending_raw
8de10302b40389f8,DIESEL,event_date_raw,True,True,,parsed_partial,event_date_raw
8de10302b40389f8,E5RON92,event_date_raw,True,True,,parsed_partial,event_date_raw
8de10302b40389f8,MAZUT,event_date_raw,True,True,,parsed_partial,event_date_raw
8de10302b40389f8,RON95_III,event_date_raw,True,True,,parsed_partial,event_date_raw;bog_contribution_raw;bog_spending_raw
8de10302b40389f8,RON95_III,bog_contribution_raw,True,True,,parsed_partial,event_date_raw;bog_contribution_raw;bog_spending_raw
8de10302b40389f8,RON95_III,bog_spending_raw,True,True,,parsed_partial,event_date_raw;bog_contribution_raw;bog_spending_raw
91e2b6fc28a24cd0,DIESEL,event_date_raw,True,True,,parsed_partial,event_date_raw
91e2b6fc28a24cd0,E5RON92,event_date_raw,True,True,,parsed_partial,event_date_raw
91e2b6fc28a24cd0,MAZUT,event_date_raw,True,True,,parsed_partial,event_date_raw
91e2b6fc28a24cd0,RON95_III,event_date_raw,True,True,,parsed_partial,event_date_raw;bog_contribution_raw;bog_spending_raw
91e2b6fc28a24cd0,RON95_III,bog_contribution_raw,True,True,,parsed_partial,event_date_raw;bog_contribution_raw;bog_spending_raw
91e2b6fc28a24cd0,RON95_III,bog_spending_raw,True,True,,parsed_partial,event_date_raw;bog_contribution_raw;bog_spending_raw
3cc3281e00e1f740,RON95_III,bog_contribution_raw,True,True,21/9/2022,parsed_partial,bog_contribution_raw;bog_spending_raw
3cc3281e00e1f740,RON95_III,bog_spending_raw,True,True,21/9/2022,parsed_partial,bog_contribution_raw;bog_spending_raw
6bd96d345c95198d,DIESEL,event_date_raw,True,True,,parsed_partial,event_date_raw
6bd96d345c95198d,E5RON92,event_date_raw,True,True,,parsed_partial,event_date_raw
6bd96d345c95198d,MAZUT,event_date_raw,True,True,,parsed_partial,event_date_raw
6bd96d345c95198d,RON95_III,event_date_raw,True,True,,parsed_partial,event_date_raw;bog_contribution_raw;bog_spending_raw
6bd96d345c95198d,RON95_III,bog_contribution_raw,True,True,,parsed_partial,event_date_raw;bog_contribution_raw;bog_spending_raw
6bd96d345c95198d,RON95_III,bog_spending_raw,True,True,,parsed_partial,event_date_raw;bog_contribution_raw;bog_spending_raw
7509c8d23c4692d4,RON95_III,bog_contribution_raw,False,True,05/9/2022,parsed_partial,bog_contribution_raw;bog_spending_raw
7509c8d23c4692d4,RON95_III,bog_spending_raw,False,True,05/9/2022,parsed_partial,bog_contribution_raw;bog_spending_raw
309c486d77f4e113,DIESEL,bog_contribution_raw,True,True,22/8/2022,parsed_partial,bog_contribution_raw
309c486d77f4e113,RON95_III,bog_contribution_raw,True,True,22/8/2022,parsed_partial,bog_contribution_raw;bog_spending_raw
309c486d77f4e113,RON95_III,bog_spending_raw,True,True,22/8/2022,parsed_partial,bog_contribution_raw;bog_spending_raw
4a4221308ef4c877,DIESEL,bog_contribution_raw,True,True,11/8/2022,parsed_partial,bog_contribution_raw
4a4221308ef4c877,RON95_III,bog_contribution_raw,True,True,11/8/2022,parsed_partial,bog_contribution_raw;bog_spending_raw
4a4221308ef4c877,RON95_III,bog_spending_raw,True,True,11/8/2022,parsed_partial,bog_contribution_raw;bog_spending_raw
0aadece0dfde5c6c,RON95_III,bog_contribution_raw,True,True,01/8/2022,parsed_partial,bog_contribution_raw;bog_spending_raw
0aadece0dfde5c6c,RON95_III,bog_spending_raw,True,True,01/8/2022,parsed_partial,bog_contribution_raw;bog_spending_raw
55e2726618f71a73,RON95_III,bog_contribution_raw,True,True,21/7/2022,parsed_partial,bog_contribution_raw;bog_spending_raw
55e2726618f71a73,RON95_III,bog_spending_raw,True,True,21/7/2022,parsed_partial,bog_contribution_raw;bog_spending_raw
f58ac09cd7c09323,DIESEL,bog_contribution_raw,True,True,11/7/2022,parsed_partial,bog_contribution_raw
f58ac09cd7c09323,RON95_III,bog_contribution_raw,True,True,11/7/2022,parsed_partial,bog_contribution_raw;bog_spending_raw
f58ac09cd7c09323,RON95_III,bog_spending_raw,True,True,11/7/2022,parsed_partial,bog_contribution_raw;bog_spending_raw
10930402cc504c28,DIESEL,event_date_raw,True,True,,parsed_partial,event_date_raw;bog_contribution_raw
10930402cc504c28,DIESEL,bog_contribution_raw,True,True,,parsed_partial,event_date_raw;bog_contribution_raw
10930402cc504c28,E5RON92,event_date_raw,True,True,,parsed_partial,event_date_raw
10930402cc504c28,MAZUT,event_date_raw,True,True,,parsed_partial,event_date_raw
10930402cc504c28,RON95_III,event_date_raw,True,True,,parsed_partial,event_date_raw;bog_contribution_raw;bog_spending_raw
10930402cc504c28,RON95_III,bog_contribution_raw,True,True,,parsed_partial,event_date_raw;bog_contribution_raw;bog_spending_raw
10930402cc504c28,RON95_III,bog_spending_raw,True,True,,parsed_partial,event_date_raw;bog_contribution_raw;bog_spending_raw
194ebffe91342525,DIESEL,event_date_raw,True,True,,parsed_partial,event_date_raw;bog_contribution_raw
194ebffe91342525,DIESEL,bog_contribution_raw,True,True,,parsed_partial,event_date_raw;bog_contribution_raw
194ebffe91342525,E5RON92,event_date_raw,True,True,,parsed_partial,event_date_raw
194ebffe91342525,MAZUT,event_date_raw,True,True,,parsed_partial,event_date_raw
194ebffe91342525,RON95_III,event_date_raw,True,True,,parsed_partial,event_date_raw;bog_contribution_raw;bog_spending_raw
194ebffe91342525,RON95_III,bog_contribution_raw,True,True,,parsed_partial,event_date_raw;bog_contribution_raw;bog_spending_raw
194ebffe91342525,RON95_III,bog_spending_raw,True,True,,parsed_partial,event_date_raw;bog_contribution_raw;bog_spending_raw
ffe7857cdb3d744e,RON95_III,bog_contribution_raw,True,True,13/6/2022,parsed_partial,bog_contribution_raw;bog_spending_raw
ffe7857cdb3d744e,RON95_III,bog_spending_raw,True,True,13/6/2022,parsed_partial,bog_contribution_raw;bog_spending_raw
3169e41d1ed980b2,DIESEL,event_date_raw,True,True,,parsed_partial,event_date_raw;bog_contribution_raw
3169e41d1ed980b2,DIESEL,bog_contribution_raw,True,True,,parsed_partial,event_date_raw;bog_contribution_raw
3169e41d1ed980b2,E5RON92,event_date_raw,True,True,,parsed_partial,event_date_raw
3169e41d1ed980b2,MAZUT,event_date_raw,True,True,,parsed_partial,event_date_raw
3169e41d1ed980b2,RON95_III,event_date_raw,True,True,,parsed_partial,event_date_raw;bog_contribution_raw;bog_spending_raw
3169e41d1ed980b2,RON95_III,bog_contribution_raw,True,True,,parsed_partial,event_date_raw;bog_contribution_raw;bog_spending_raw
3169e41d1ed980b2,RON95_III,bog_spending_raw,True,True,,parsed_partial,event_date_raw;bog_contribution_raw;bog_spending_raw
7dde25b3be4c963d,RON95_III,bog_contribution_raw,True,True,23/5/2022,parsed_partial,bog_contribution_raw;bog_spending_raw
7dde25b3be4c963d,RON95_III,bog_spending_raw,True,True,23/5/2022,parsed_partial,bog_contribution_raw;bog_spending_raw
f5341afafd87415c,RON95_III,bog_contribution_raw,True,True,11/5/2022,parsed_partial,bog_contribution_raw;bog_spending_raw
f5341afafd87415c,RON95_III,bog_spending_raw,True,True,11/5/2022,parsed_partial,bog_contribution_raw;bog_spending_raw
82c9378e78d2a187,RON95_III,bog_contribution_raw,True,True,04/5/2022,parsed_partial,bog_contribution_raw;bog_spending_raw
82c9378e78d2a187,RON95_III,bog_spending_raw,True,True,04/5/2022,parsed_partial,bog_contribution_raw;bog_spending_raw
5220c6dff4aaca33,RON95,base_price_raw,True,True,21/4/2022,parsed_partial,base_price_raw
5220c6dff4aaca33,RON95_III,retail_price_raw,True,True,21/4/2022,parsed_partial,retail_price_raw;bog_contribution_raw;bog_spending_raw
5220c6dff4aaca33,RON95_III,bog_contribution_raw,True,True,21/4/2022,parsed_partial,retail_price_raw;bog_contribution_raw;bog_spending_raw
5220c6dff4aaca33,RON95_III,bog_spending_raw,True,True,21/4/2022,parsed_partial,retail_price_raw;bog_contribution_raw;bog_spending_raw
84317f90fa0b02e2,RON95,retail_price_raw,True,True,12/4/2022,parsed_partial,retail_price_raw
84317f90fa0b02e2,RON95_III,base_price_raw,True,True,12/4/2022,parsed_partial,base_price_raw;bog_contribution_raw;bog_spending_raw
84317f90fa0b02e2,RON95_III,bog_contribution_raw,True,True,12/4/2022,parsed_partial,base_price_raw;bog_contribution_raw;bog_spending_raw
84317f90fa0b02e2,RON95_III,bog_spending_raw,True,True,12/4/2022,parsed_partial,base_price_raw;bog_contribution_raw;bog_spending_raw
2e42fd3b491f83e0,RON95_III,bog_contribution_raw,True,True,01/4/2022,parsed_partial,bog_contribution_raw;bog_spending_raw
2e42fd3b491f83e0,RON95_III,bog_spending_raw,True,True,01/4/2022,parsed_partial,bog_contribution_raw;bog_spending_raw
c69e778b4c04b065,RON95_III,bog_contribution_raw,True,True,21/3/2022,parsed_partial,bog_contribution_raw;bog_spending_raw
c69e778b4c04b065,RON95_III,bog_spending_raw,True,True,21/3/2022,parsed_partial,bog_contribution_raw;bog_spending_raw
236e6ac37c0ba8b2,RON95_III,bog_contribution_raw,True,True,11/3/2022,parsed_partial,bog_contribution_raw;bog_spending_raw
236e6ac37c0ba8b2,RON95_III,bog_spending_raw,True,True,11/3/2022,parsed_partial,bog_contribution_raw;bog_spending_raw
7c1d00521c3e88b1,RON95_III,bog_contribution_raw,True,True,01/3/2022,parsed_partial,bog_contribution_raw;bog_spending_raw
7c1d00521c3e88b1,RON95_III,bog_spending_raw,True,True,01/3/2022,parsed_partial,bog_contribution_raw;bog_spending_raw
2c07ff6be9ca9534,RON95_III,bog_contribution_raw,True,True,21/02/2022,parsed_partial,bog_contribution_raw;bog_spending_raw
2c07ff6be9ca9534,RON95_III,bog_spending_raw,True,True,21/02/2022,parsed_partial,bog_contribution_raw;bog_spending_raw
e7cdde7fc9b4e0f2,E5RON92,bog_spending_raw,True,True,11/02/2022,parsed_partial,bog_spending_raw
e7cdde7fc9b4e0f2,RON95_III,bog_contribution_raw,True,True,11/02/2022,parsed_partial,bog_contribution_raw;bog_spending_raw
e7cdde7fc9b4e0f2,RON95_III,bog_spending_raw,True,True,11/02/2022,parsed_partial,bog_contribution_raw;bog_spending_raw
072465adfb554761,DIESEL,bog_contribution_raw,True,True,21/01/2022,parsed_partial,bog_contribution_raw
072465adfb554761,RON95_III,bog_contribution_raw,True,True,21/01/2022,parsed_partial,bog_contribution_raw;bog_spending_raw
072465adfb554761,RON95_III,bog_spending_raw,True,True,21/01/2022,parsed_partial,bog_contribution_raw;bog_spending_raw
6cfdc092eeb3dca7,RON95_III,bog_contribution_raw,True,True,11/01/2022,parsed_partial,bog_contribution_raw;bog_spending_raw
6cfdc092eeb3dca7,RON95_III,bog_spending_raw,True,True,11/01/2022,parsed_partial,bog_contribution_raw;bog_spending_raw
454489abd5c080db,RON95_III,bog_contribution_raw,True,True,25/12/2021,parsed_partial,bog_contribution_raw;bog_spending_raw
454489abd5c080db,RON95_III,bog_spending_raw,True,True,25/12/2021,parsed_partial,bog_contribution_raw;bog_spending_raw
72b4b296d7c8b304,DIESEL,base_price_raw,True,True,10/12/2021,parsed_partial,base_price_raw
72b4b296d7c8b304,E5RON92,base_price_raw,True,True,10/12/2021,parsed_partial,base_price_raw
72b4b296d7c8b304,MAZUT,base_price_raw,True,True,10/12/2021,parsed_partial,base_price_raw
72b4b296d7c8b304,RON95_III,base_price_raw,True,True,10/12/2021,parsed_partial,base_price_raw;bog_contribution_raw;bog_spending_raw
72b4b296d7c8b304,RON95_III,bog_contribution_raw,True,True,10/12/2021,parsed_partial,base_price_raw;bog_contribution_raw;bog_spending_raw
72b4b296d7c8b304,RON95_III,bog_spending_raw,True,True,10/12/2021,parsed_partial,base_price_raw;bog_contribution_raw;bog_spending_raw
3559d236b812dfcd,RON95_III,bog_contribution_raw,True,True,25/11/2021,parsed_partial,bog_contribution_raw;bog_spending_raw
3559d236b812dfcd,RON95_III,bog_spending_raw,True,True,25/11/2021,parsed_partial,bog_contribution_raw;bog_spending_raw
b41e561195c91720,RON95_III,bog_contribution_raw,True,True,10/11/2021,parsed_partial,bog_contribution_raw;bog_spending_raw
b41e561195c91720,RON95_III,bog_spending_raw,True,True,10/11/2021,parsed_partial,bog_contribution_raw;bog_spending_raw
ea44ca29da438dc5,RON95_III,bog_contribution_raw,True,True,26/10/2021,parsed_partial,bog_contribution_raw;bog_spending_raw
ea44ca29da438dc5,RON95_III,bog_spending_raw,True,True,26/10/2021,parsed_partial,bog_contribution_raw;bog_spending_raw
55827b3e640c7586,RON95_III,bog_contribution_raw,True,True,11/10/2021,parsed_partial,bog_contribution_raw;bog_spending_raw
55827b3e640c7586,RON95_III,bog_spending_raw,True,True,11/10/2021,parsed_partial,bog_contribution_raw;bog_spending_raw
2a7b98f03827a3f9,RON95_III,bog_contribution_raw,True,True,25/9/2021,parsed_partial,bog_contribution_raw;bog_spending_raw
2a7b98f03827a3f9,RON95_III,bog_spending_raw,True,True,25/9/2021,parsed_partial,bog_contribution_raw;bog_spending_raw
25f909e5f880c572,RON95_III,bog_contribution_raw,True,True,10/9/2021,parsed_partial,bog_contribution_raw;bog_spending_raw
25f909e5f880c572,RON95_III,bog_spending_raw,True,True,10/9/2021,parsed_partial,bog_contribution_raw;bog_spending_raw
fbc438476304231f,RON95_III,bog_contribution_raw,True,True,26/8/2021,parsed_partial,bog_contribution_raw;bog_spending_raw
fbc438476304231f,RON95_III,bog_spending_raw,True,True,26/8/2021,parsed_partial,bog_contribution_raw;bog_spending_raw
ca09ee3139976bf4,RON95_III,bog_contribution_raw,True,True,11/8/2021,parsed_partial,bog_contribution_raw;bog_spending_raw
ca09ee3139976bf4,RON95_III,bog_spending_raw,True,True,11/8/2021,parsed_partial,bog_contribution_raw;bog_spending_raw
e2aba3cc77fe2c0b,RON95_III,bog_contribution_raw,True,True,27/7/2021,parsed_partial,bog_contribution_raw;bog_spending_raw
e2aba3cc77fe2c0b,RON95_III,bog_spending_raw,True,True,27/7/2021,parsed_partial,bog_contribution_raw;bog_spending_raw
6bfaa9d6a3da55a6,DIESEL,base_price_raw,True,True,12/7/2021,parsed_partial,base_price_raw
6bfaa9d6a3da55a6,RON95_III,bog_contribution_raw,True,True,12/7/2021,parsed_partial,bog_contribution_raw;bog_spending_raw
6bfaa9d6a3da55a6,RON95_III,bog_spending_raw,True,True,12/7/2021,parsed_partial,bog_contribution_raw;bog_spending_raw
602027f03890d215,RON95_III,bog_contribution_raw,True,True,26/6/2021,parsed_partial,bog_contribution_raw;bog_spending_raw
602027f03890d215,RON95_III,bog_spending_raw,True,True,26/6/2021,parsed_partial,bog_contribution_raw;bog_spending_raw
c25ab0c229997983,RON95_III,bog_contribution_raw,True,True,11/6/2021,parsed_partial,bog_contribution_raw;bog_spending_raw
c25ab0c229997983,RON95_III,bog_spending_raw,True,True,11/6/2021,parsed_partial,bog_contribution_raw;bog_spending_raw
8339c3bca900ecab,RON95_III,bog_contribution_raw,True,True,12/5/2021,parsed_partial,bog_contribution_raw;bog_spending_raw
8339c3bca900ecab,RON95_III,bog_spending_raw,True,True,12/5/2021,parsed_partial,bog_contribution_raw;bog_spending_raw
b4f05a5c0d3ec1d3,RON95_III,bog_contribution_raw,True,True,12/4/2021,parsed_partial,bog_contribution_raw;bog_spending_raw
b4f05a5c0d3ec1d3,RON95_III,bog_spending_raw,True,True,12/4/2021,parsed_partial,bog_contribution_raw;bog_spending_raw
8f97d11bbb23826a,RON95_III,bog_contribution_raw,True,True,27/3/2021,parsed_partial,bog_contribution_raw;bog_spending_raw
8f97d11bbb23826a,RON95_III,bog_spending_raw,True,True,27/3/2021,parsed_partial,bog_contribution_raw;bog_spending_raw
365d82a975376d25,RON95_III,bog_contribution_raw,True,True,12/3/2021,parsed_partial,bog_contribution_raw;bog_spending_raw
365d82a975376d25,RON95_III,bog_spending_raw,True,True,12/3/2021,parsed_partial,bog_contribution_raw;bog_spending_raw
35db264c4642bb9e,RON95,retail_price_raw,True,True,25/02/2021,parsed_partial,retail_price_raw
35db264c4642bb9e,RON95_III,base_price_raw,True,True,25/02/2021,parsed_partial,base_price_raw;bog_contribution_raw;bog_spending_raw
35db264c4642bb9e,RON95_III,bog_contribution_raw,True,True,25/02/2021,parsed_partial,base_price_raw;bog_contribution_raw;bog_spending_raw
35db264c4642bb9e,RON95_III,bog_spending_raw,True,True,25/02/2021,parsed_partial,base_price_raw;bog_contribution_raw;bog_spending_raw
29dcb757af4fa90f,RON95_III,bog_contribution_raw,True,True,10/02/2021,parsed_partial,bog_contribution_raw;bog_spending_raw
29dcb757af4fa90f,RON95_III,bog_spending_raw,True,True,10/02/2021,parsed_partial,bog_contribution_raw;bog_spending_raw
688f3c7f5e7ef362,DIESEL,event_date_raw,True,True,,parsed_partial,event_date_raw
688f3c7f5e7ef362,E5RON92,event_date_raw,True,True,,parsed_partial,event_date_raw
688f3c7f5e7ef362,MAZUT,event_date_raw,True,True,,parsed_partial,event_date_raw
688f3c7f5e7ef362,RON95_III,event_date_raw,True,True,,parsed_partial,event_date_raw;bog_contribution_raw;bog_spending_raw
688f3c7f5e7ef362,RON95_III,bog_contribution_raw,True,True,,parsed_partial,event_date_raw;bog_contribution_raw;bog_spending_raw
688f3c7f5e7ef362,RON95_III,bog_spending_raw,True,True,,parsed_partial,event_date_raw;bog_contribution_raw;bog_spending_raw
c83af9a9e8d6368e,RON95_III,bog_contribution_raw,True,True,11/01/2021,parsed_partial,bog_contribution_raw;bog_spending_raw
c83af9a9e8d6368e,RON95_III,bog_spending_raw,True,True,11/01/2021,parsed_partial,bog_contribution_raw;bog_spending_raw
b57be55ed50a7b2c,RON95_III,bog_contribution_raw,True,True,26/12/2020,parsed_partial,bog_contribution_raw;bog_spending_raw
b57be55ed50a7b2c,RON95_III,bog_spending_raw,True,True,26/12/2020,parsed_partial,bog_contribution_raw;bog_spending_raw
6aee6bec61580895,DIESEL,bog_spending_raw,True,True,26/9/2020,parsed_partial,bog_spending_raw
6aee6bec61580895,RON95_III,bog_contribution_raw,True,True,26/9/2020,parsed_partial,bog_contribution_raw;bog_spending_raw
6aee6bec61580895,RON95_III,bog_spending_raw,True,True,26/9/2020,parsed_partial,bog_contribution_raw;bog_spending_raw
1c865e2d217bd1b6,DIESEL,bog_spending_raw,True,True,12/8/2020,parsed_partial,bog_spending_raw
1c865e2d217bd1b6,RON95_III,bog_contribution_raw,True,True,12/8/2020,parsed_partial,bog_contribution_raw;bog_spending_raw
1c865e2d217bd1b6,RON95_III,bog_spending_raw,True,True,12/8/2020,parsed_partial,bog_contribution_raw;bog_spending_raw
e18cdc1abe7b60dc,DIESEL,retail_price_raw,True,True,28/7/2020,parsed_partial,retail_price_raw
e18cdc1abe7b60dc,RON95_III,bog_contribution_raw,True,True,28/7/2020,parsed_partial,bog_contribution_raw;bog_spending_raw
e18cdc1abe7b60dc,RON95_III,bog_spending_raw,True,True,28/7/2020,parsed_partial,bog_contribution_raw;bog_spending_raw
24ce5fea41900cbf,RON95_III,bog_contribution_raw,True,True,13/7/2020,parsed_partial,bog_contribution_raw;bog_spending_raw
24ce5fea41900cbf,RON95_III,bog_spending_raw,True,True,13/7/2020,parsed_partial,bog_contribution_raw;bog_spending_raw
9d4951184c929caf,DIESEL,bog_spending_raw,True,True,27/6/2020,parsed_partial,bog_spending_raw
9d4951184c929caf,RON95_III,bog_contribution_raw,True,True,27/6/2020,parsed_partial,bog_contribution_raw;bog_spending_raw
9d4951184c929caf,RON95_III,bog_spending_raw,True,True,27/6/2020,parsed_partial,bog_contribution_raw;bog_spending_raw
4f8755ac70d1cc16,DIESEL,bog_spending_raw,True,True,12/6/2020,parsed_partial,bog_spending_raw
4f8755ac70d1cc16,RON95_III,bog_contribution_raw,True,True,12/6/2020,parsed_partial,bog_contribution_raw;bog_spending_raw
4f8755ac70d1cc16,RON95_III,bog_spending_raw,True,True,12/6/2020,parsed_partial,bog_contribution_raw;bog_spending_raw
b4beea8a5a7fb153,DIESEL,bog_spending_raw,True,True,28/5/2020,parsed_partial,bog_spending_raw
b4beea8a5a7fb153,MAZUT,bog_spending_raw,True,True,28/5/2020,parsed_partial,bog_spending_raw
b4beea8a5a7fb153,RON95_III,bog_contribution_raw,True,True,28/5/2020,parsed_partial,bog_contribution_raw;bog_spending_raw
b4beea8a5a7fb153,RON95_III,bog_spending_raw,True,True,28/5/2020,parsed_partial,bog_contribution_raw;bog_spending_raw
c61d5c8c24339ad2,DIESEL,bog_spending_raw,True,True,13/5/2020,parsed_partial,bog_spending_raw
c61d5c8c24339ad2,E5RON92,bog_spending_raw,True,True,13/5/2020,parsed_partial,bog_spending_raw
c61d5c8c24339ad2,MAZUT,bog_spending_raw,True,True,13/5/2020,parsed_partial,bog_spending_raw
c61d5c8c24339ad2,RON95_III,bog_contribution_raw,True,True,13/5/2020,parsed_partial,bog_contribution_raw;bog_spending_raw
c61d5c8c24339ad2,RON95_III,bog_spending_raw,True,True,13/5/2020,parsed_partial,bog_contribution_raw;bog_spending_raw
cb16aa11db345903,DIESEL,bog_spending_raw,True,True,28/4/2020,parsed_partial,bog_spending_raw
cb16aa11db345903,E5RON92,bog_spending_raw,True,True,28/4/2020,parsed_partial,bog_spending_raw
cb16aa11db345903,MAZUT,bog_spending_raw,True,True,28/4/2020,parsed_partial,bog_spending_raw
cb16aa11db345903,RON95_III,bog_contribution_raw,True,True,28/4/2020,parsed_partial,bog_contribution_raw;bog_spending_raw
cb16aa11db345903,RON95_III,bog_spending_raw,True,True,28/4/2020,parsed_partial,bog_contribution_raw;bog_spending_raw
f173edbf2138e07d,DIESEL,base_price_raw,True,True,13/4/2020,parsed_partial,base_price_raw;bog_spending_raw
f173edbf2138e07d,DIESEL,bog_spending_raw,True,True,13/4/2020,parsed_partial,base_price_raw;bog_spending_raw
f173edbf2138e07d,E5RON92,base_price_raw,True,True,13/4/2020,parsed_partial,base_price_raw;bog_spending_raw
f173edbf2138e07d,E5RON92,bog_spending_raw,True,True,13/4/2020,parsed_partial,base_price_raw;bog_spending_raw
f173edbf2138e07d,MAZUT,base_price_raw,True,True,13/4/2020,parsed_partial,base_price_raw;bog_spending_raw
f173edbf2138e07d,MAZUT,bog_spending_raw,True,True,13/4/2020,parsed_partial,base_price_raw;bog_spending_raw
f173edbf2138e07d,RON95_III,base_price_raw,True,True,13/4/2020,parsed_partial,base_price_raw;bog_contribution_raw;bog_spending_raw
f173edbf2138e07d,RON95_III,bog_contribution_raw,True,True,13/4/2020,parsed_partial,base_price_raw;bog_contribution_raw;bog_spending_raw
f173edbf2138e07d,RON95_III,bog_spending_raw,True,True,13/4/2020,parsed_partial,base_price_raw;bog_contribution_raw;bog_spending_raw
829fa806e93dbd70,DIESEL,bog_spending_raw,True,True,15/3/2020,parsed_partial,bog_spending_raw
829fa806e93dbd70,E5RON92,bog_spending_raw,True,True,15/3/2020,parsed_partial,bog_spending_raw
829fa806e93dbd70,MAZUT,bog_spending_raw,True,True,15/3/2020,parsed_partial,bog_spending_raw
829fa806e93dbd70,RON95_III,bog_contribution_raw,True,True,15/3/2020,parsed_partial,bog_contribution_raw;bog_spending_raw
829fa806e93dbd70,RON95_III,bog_spending_raw,True,True,15/3/2020,parsed_partial,bog_contribution_raw;bog_spending_raw
e70f640024cf67ce,DIESEL,bog_spending_raw,True,True,29/02/2020,parsed_partial,bog_spending_raw
e70f640024cf67ce,E5RON92,bog_spending_raw,True,True,29/02/2020,parsed_partial,bog_spending_raw
e70f640024cf67ce,RON95_III,bog_contribution_raw,True,True,29/02/2020,parsed_partial,bog_contribution_raw;bog_spending_raw
e70f640024cf67ce,RON95_III,bog_spending_raw,True,True,29/02/2020,parsed_partial,bog_contribution_raw;bog_spending_raw
18870d6525265bcd,DIESEL,bog_spending_raw,True,True,14/02/2020,parsed_partial,bog_spending_raw
18870d6525265bcd,E5RON92,bog_spending_raw,True,True,14/02/2020,parsed_partial,bog_spending_raw
18870d6525265bcd,MAZUT,bog_spending_raw,True,True,14/02/2020,parsed_partial,bog_spending_raw
18870d6525265bcd,RON95_III,bog_contribution_raw,True,True,14/02/2020,parsed_partial,bog_contribution_raw;bog_spending_raw
18870d6525265bcd,RON95_III,bog_spending_raw,True,True,14/02/2020,parsed_partial,bog_contribution_raw;bog_spending_raw
cee021c4579d5e4a,E5RON92,base_price_raw,True,True,15/01/2020,parsed_partial,base_price_raw
cee021c4579d5e4a,MAZUT,base_price_raw,True,True,15/01/2020,parsed_partial,base_price_raw;bog_spending_raw
cee021c4579d5e4a,MAZUT,bog_spending_raw,True,True,15/01/2020,parsed_partial,base_price_raw;bog_spending_raw
cee021c4579d5e4a,RON95,base_price_raw,True,True,15/01/2020,parsed_partial,base_price_raw;bog_spending_raw
cee021c4579d5e4a,RON95,bog_spending_raw,True,True,15/01/2020,parsed_partial,base_price_raw;bog_spending_raw
430f840047d50443,MAZUT,bog_spending_raw,True,True,31/12/2019,parsed_partial,bog_spending_raw
430f840047d50443,RON95_III,bog_contribution_raw,True,True,31/12/2019,parsed_partial,bog_contribution_raw;bog_spending_raw
430f840047d50443,RON95_III,bog_spending_raw,True,True,31/12/2019,parsed_partial,bog_contribution_raw;bog_spending_raw
876e2e22ae5f248c,DIESEL,bog_spending_raw,True,True,16/12/2019,parsed_partial,bog_spending_raw
876e2e22ae5f248c,MAZUT,bog_spending_raw,True,True,16/12/2019,parsed_partial,bog_spending_raw
876e2e22ae5f248c,RON95_III,bog_contribution_raw,True,True,16/12/2019,parsed_partial,bog_contribution_raw;bog_spending_raw
876e2e22ae5f248c,RON95_III,bog_spending_raw,True,True,16/12/2019,parsed_partial,bog_contribution_raw;bog_spending_raw
ae971a9d39adbd1f,DIESEL,bog_spending_raw,True,True,30/11/2019,parsed_partial,bog_spending_raw
ae971a9d39adbd1f,MAZUT,bog_spending_raw,True,True,30/11/2019,parsed_partial,bog_spending_raw
ae971a9d39adbd1f,RON95_III,bog_contribution_raw,True,True,30/11/2019,parsed_partial,bog_contribution_raw;bog_spending_raw
ae971a9d39adbd1f,RON95_III,bog_spending_raw,True,True,30/11/2019,parsed_partial,bog_contribution_raw;bog_spending_raw
6682f906b4a0dcd5,DIESEL,bog_spending_raw,True,True,15/11/2019,parsed_partial,bog_spending_raw
6682f906b4a0dcd5,MAZUT,bog_spending_raw,True,True,15/11/2019,parsed_partial,bog_spending_raw
6682f906b4a0dcd5,RON95_III,bog_contribution_raw,True,True,15/11/2019,parsed_partial,bog_contribution_raw;bog_spending_raw
6682f906b4a0dcd5,RON95_III,bog_spending_raw,True,True,15/11/2019,parsed_partial,bog_contribution_raw;bog_spending_raw
18fd98acec910b27,DIESEL,bog_spending_raw,True,True,31/10/2019,parsed_partial,bog_spending_raw
18fd98acec910b27,E5RON92,bog_spending_raw,True,True,31/10/2019,parsed_partial,bog_spending_raw
18fd98acec910b27,MAZUT,bog_spending_raw,True,True,31/10/2019,parsed_partial,bog_spending_raw
18fd98acec910b27,RON95,retail_price_raw,True,True,31/10/2019,parsed_partial,retail_price_raw;bog_spending_raw
18fd98acec910b27,RON95,bog_spending_raw,True,True,31/10/2019,parsed_partial,retail_price_raw;bog_spending_raw
18fd98acec910b27,RON95_III,base_price_raw,True,True,31/10/2019,parsed_partial,base_price_raw;bog_contribution_raw;bog_spending_raw
18fd98acec910b27,RON95_III,bog_contribution_raw,True,True,31/10/2019,parsed_partial,base_price_raw;bog_contribution_raw;bog_spending_raw
18fd98acec910b27,RON95_III,bog_spending_raw,True,True,31/10/2019,parsed_partial,base_price_raw;bog_contribution_raw;bog_spending_raw
ec9559f4c9dd8148,DIESEL,bog_spending_raw,True,True,16/10/2019,parsed_partial,bog_spending_raw
ec9559f4c9dd8148,E5RON92,bog_spending_raw,True,True,16/10/2019,parsed_partial,bog_spending_raw
ec9559f4c9dd8148,MAZUT,bog_spending_raw,True,True,16/10/2019,parsed_partial,bog_spending_raw
ec9559f4c9dd8148,RON95_III,bog_contribution_raw,True,True,16/10/2019,parsed_partial,bog_contribution_raw;bog_spending_raw
ec9559f4c9dd8148,RON95_III,bog_spending_raw,True,True,16/10/2019,parsed_partial,bog_contribution_raw;bog_spending_raw
7fcff5dcfc597358,DIESEL,bog_spending_raw,True,True,16/9/2019,parsed_partial,bog_spending_raw
7fcff5dcfc597358,E5RON92,bog_spending_raw,True,True,16/9/2019,parsed_partial,bog_spending_raw
7fcff5dcfc597358,MAZUT,bog_spending_raw,True,True,16/9/2019,parsed_partial,bog_spending_raw
7fcff5dcfc597358,RON95_III,bog_contribution_raw,True,True,16/9/2019,parsed_partial,bog_contribution_raw;bog_spending_raw
7fcff5dcfc597358,RON95_III,bog_spending_raw,True,True,16/9/2019,parsed_partial,bog_contribution_raw;bog_spending_raw
73458464de839e57,DIESEL,bog_spending_raw,True,True,16/8/2019,parsed_partial,bog_spending_raw
73458464de839e57,E5RON92,bog_spending_raw,True,True,16/8/2019,parsed_partial,bog_spending_raw
73458464de839e57,MAZUT,bog_spending_raw,True,True,16/8/2019,parsed_partial,bog_spending_raw
73458464de839e57,RON95_III,bog_contribution_raw,True,True,16/8/2019,parsed_partial,bog_contribution_raw;bog_spending_raw
73458464de839e57,RON95_III,bog_spending_raw,True,True,16/8/2019,parsed_partial,bog_contribution_raw;bog_spending_raw
faeed766841e4adc,DIESEL,bog_spending_raw,True,True,01/8/2019,parsed_partial,bog_spending_raw
faeed766841e4adc,E5RON92,bog_spending_raw,True,True,01/8/2019,parsed_partial,bog_spending_raw
faeed766841e4adc,MAZUT,bog_spending_raw,True,True,01/8/2019,parsed_partial,bog_spending_raw
faeed766841e4adc,RON95_III,bog_contribution_raw,True,True,01/8/2019,parsed_partial,bog_contribution_raw;bog_spending_raw
faeed766841e4adc,RON95_III,bog_spending_raw,True,True,01/8/2019,parsed_partial,bog_contribution_raw;bog_spending_raw
241f520f9c5417e7,DIESEL,bog_spending_raw,True,True,17/7/2019,parsed_partial,bog_spending_raw
241f520f9c5417e7,E5RON92,bog_spending_raw,True,True,17/7/2019,parsed_partial,bog_spending_raw
241f520f9c5417e7,MAZUT,bog_spending_raw,True,True,17/7/2019,parsed_partial,bog_spending_raw
241f520f9c5417e7,RON95_III,bog_contribution_raw,True,True,17/7/2019,parsed_partial,bog_contribution_raw;bog_spending_raw
241f520f9c5417e7,RON95_III,bog_spending_raw,True,True,17/7/2019,parsed_partial,bog_contribution_raw;bog_spending_raw
a2f74c16dad4b8ca,DIESEL,event_date_raw,True,True,,parsed_partial,event_date_raw
a2f74c16dad4b8ca,E5RON92,event_date_raw,True,True,,parsed_partial,event_date_raw
a2f74c16dad4b8ca,MAZUT,event_date_raw,True,True,,parsed_partial,event_date_raw
a2f74c16dad4b8ca,RON95_III,event_date_raw,True,True,,parsed_partial,event_date_raw;bog_contribution_raw
a2f74c16dad4b8ca,RON95_III,bog_contribution_raw,True,True,,parsed_partial,event_date_raw;bog_contribution_raw
efa63f1d509ca02b,DIESEL,bog_spending_raw,True,True,17/6/2019,parsed_partial,bog_spending_raw
efa63f1d509ca02b,MAZUT,bog_spending_raw,True,True,17/6/2019,parsed_partial,bog_spending_raw
efa63f1d509ca02b,RON95,retail_price_raw,True,True,17/6/2019,parsed_partial,retail_price_raw;bog_spending_raw
efa63f1d509ca02b,RON95,bog_spending_raw,True,True,17/6/2019,parsed_partial,retail_price_raw;bog_spending_raw
efa63f1d509ca02b,RON95_III,base_price_raw,True,True,17/6/2019,parsed_partial,base_price_raw;bog_contribution_raw;bog_spending_raw
efa63f1d509ca02b,RON95_III,bog_contribution_raw,True,True,17/6/2019,parsed_partial,base_price_raw;bog_contribution_raw;bog_spending_raw
efa63f1d509ca02b,RON95_III,bog_spending_raw,True,True,17/6/2019,parsed_partial,base_price_raw;bog_contribution_raw;bog_spending_raw
6d82313dfa138df8,DIESEL,bog_contribution_raw,True,True,01/6/2019,parsed_partial,bog_contribution_raw
6d82313dfa138df8,MAZUT,bog_contribution_raw,True,True,01/6/2019,parsed_partial,bog_contribution_raw
6d82313dfa138df8,RON95,base_price_raw,True,True,01/6/2019,parsed_partial,base_price_raw;bog_contribution_raw
6d82313dfa138df8,RON95,bog_contribution_raw,True,True,01/6/2019,parsed_partial,base_price_raw;bog_contribution_raw
6d82313dfa138df8,RON95_III,retail_price_raw,True,True,01/6/2019,parsed_partial,retail_price_raw;bog_contribution_raw;bog_spending_raw
6d82313dfa138df8,RON95_III,bog_contribution_raw,True,True,01/6/2019,parsed_partial,retail_price_raw;bog_contribution_raw;bog_spending_raw
6d82313dfa138df8,RON95_III,bog_spending_raw,True,True,01/6/2019,parsed_partial,retail_price_raw;bog_contribution_raw;bog_spending_raw
e9b36e4731fda049,DIESEL,bog_contribution_raw,True,True,17/5/2019,parsed_partial,bog_contribution_raw;bog_spending_raw
e9b36e4731fda049,DIESEL,bog_spending_raw,True,True,17/5/2019,parsed_partial,bog_contribution_raw;bog_spending_raw
e9b36e4731fda049,MAZUT,bog_contribution_raw,True,True,17/5/2019,parsed_partial,bog_contribution_raw;bog_spending_raw
e9b36e4731fda049,MAZUT,bog_spending_raw,True,True,17/5/2019,parsed_partial,bog_contribution_raw;bog_spending_raw
e9b36e4731fda049,RON95_III,bog_contribution_raw,True,True,17/5/2019,parsed_partial,bog_contribution_raw;bog_spending_raw
e9b36e4731fda049,RON95_III,bog_spending_raw,True,True,17/5/2019,parsed_partial,bog_contribution_raw;bog_spending_raw
11604de3a2ad1ce1,DIESEL,bog_contribution_raw,True,True,02/5/2019,parsed_partial,bog_contribution_raw;bog_spending_raw
11604de3a2ad1ce1,DIESEL,bog_spending_raw,True,True,02/5/2019,parsed_partial,bog_contribution_raw;bog_spending_raw
11604de3a2ad1ce1,E5RON92,bog_contribution_raw,True,True,02/5/2019,parsed_partial,bog_contribution_raw
11604de3a2ad1ce1,MAZUT,bog_contribution_raw,True,True,02/5/2019,parsed_partial,bog_contribution_raw;bog_spending_raw
11604de3a2ad1ce1,MAZUT,bog_spending_raw,True,True,02/5/2019,parsed_partial,bog_contribution_raw;bog_spending_raw
11604de3a2ad1ce1,RON95_III,bog_contribution_raw,True,True,02/5/2019,parsed_partial,bog_contribution_raw;bog_spending_raw
11604de3a2ad1ce1,RON95_III,bog_spending_raw,True,True,02/5/2019,parsed_partial,bog_contribution_raw;bog_spending_raw
3325e571e7852ab4,DIESEL,bog_contribution_raw,True,True,17/4/2019,parsed_partial,bog_contribution_raw;bog_spending_raw
3325e571e7852ab4,DIESEL,bog_spending_raw,True,True,17/4/2019,parsed_partial,bog_contribution_raw;bog_spending_raw
3325e571e7852ab4,E5RON92,bog_contribution_raw,True,True,17/4/2019,parsed_partial,bog_contribution_raw
3325e571e7852ab4,MAZUT,bog_contribution_raw,True,True,17/4/2019,parsed_partial,bog_contribution_raw
3325e571e7852ab4,RON95_III,bog_contribution_raw,True,True,17/4/2019,parsed_partial,bog_contribution_raw;bog_spending_raw
3325e571e7852ab4,RON95_III,bog_spending_raw,True,True,17/4/2019,parsed_partial,bog_contribution_raw;bog_spending_raw
dd7fafda9226ae04,DIESEL,bog_contribution_raw,True,True,02/3/2019,parsed_partial,bog_contribution_raw;bog_spending_raw
dd7fafda9226ae04,DIESEL,bog_spending_raw,True,True,02/3/2019,parsed_partial,bog_contribution_raw;bog_spending_raw
dd7fafda9226ae04,E5RON92,bog_contribution_raw,True,True,02/3/2019,parsed_partial,bog_contribution_raw
dd7fafda9226ae04,MAZUT,bog_contribution_raw,True,True,02/3/2019,parsed_partial,bog_contribution_raw
dd7fafda9226ae04,RON95_III,bog_contribution_raw,True,True,02/3/2019,parsed_partial,bog_contribution_raw;bog_spending_raw
dd7fafda9226ae04,RON95_III,bog_spending_raw,True,True,02/3/2019,parsed_partial,bog_contribution_raw;bog_spending_raw
a50595cef638fbee,DIESEL,bog_contribution_raw,True,True,06/11/2018,parsed_partial,bog_contribution_raw
a50595cef638fbee,E5RON92,bog_contribution_raw,True,True,06/11/2018,parsed_partial,bog_contribution_raw
a50595cef638fbee,MAZUT,bog_contribution_raw,True,True,06/11/2018,parsed_partial,bog_contribution_raw
a50595cef638fbee,RON95_III,bog_contribution_raw,True,True,06/11/2018,parsed_partial,bog_contribution_raw;bog_spending_raw
a50595cef638fbee,RON95_III,bog_spending_raw,True,True,06/11/2018,parsed_partial,bog_contribution_raw;bog_spending_raw
3c16e424176c8982,RON95_III,bog_contribution_raw,True,True,22/10/2018,parsed_partial,bog_contribution_raw;bog_spending_raw
3c16e424176c8982,RON95_III,bog_spending_raw,True,True,22/10/2018,parsed_partial,bog_contribution_raw;bog_spending_raw
dc91d5d9d0f26857,DIESEL,bog_contribution_raw,True,True,21/9/2018,parsed_partial,bog_contribution_raw
dc91d5d9d0f26857,E5RON92,bog_contribution_raw,True,True,21/9/2018,parsed_partial,bog_contribution_raw
dc91d5d9d0f26857,MAZUT,bog_contribution_raw,True,True,21/9/2018,parsed_partial,bog_contribution_raw;bog_spending_raw
dc91d5d9d0f26857,MAZUT,bog_spending_raw,True,True,21/9/2018,parsed_partial,bog_contribution_raw;bog_spending_raw
dc91d5d9d0f26857,RON95_III,bog_contribution_raw,True,True,21/9/2018,parsed_partial,bog_contribution_raw;bog_spending_raw
dc91d5d9d0f26857,RON95_III,bog_spending_raw,True,True,21/9/2018,parsed_partial,bog_contribution_raw;bog_spending_raw
f8b0738a648ab4d7,DIESEL,bog_contribution_raw,True,True,06/9/2018,parsed_partial,bog_contribution_raw
f8b0738a648ab4d7,E5RON92,bog_contribution_raw,True,True,06/9/2018,parsed_partial,bog_contribution_raw
f8b0738a648ab4d7,MAZUT,bog_contribution_raw,True,True,06/9/2018,parsed_partial,bog_contribution_raw;bog_spending_raw
f8b0738a648ab4d7,MAZUT,bog_spending_raw,True,True,06/9/2018,parsed_partial,bog_contribution_raw;bog_spending_raw
f8b0738a648ab4d7,RON95_III,bog_contribution_raw,True,True,06/9/2018,parsed_partial,bog_contribution_raw;bog_spending_raw
f8b0738a648ab4d7,RON95_III,bog_spending_raw,True,True,06/9/2018,parsed_partial,bog_contribution_raw;bog_spending_raw
edf2a9015c2c96a8,DIESEL,bog_contribution_raw,True,True,07/8/2018,parsed_partial,bog_contribution_raw;bog_spending_raw
edf2a9015c2c96a8,DIESEL,bog_spending_raw,True,True,07/8/2018,parsed_partial,bog_contribution_raw;bog_spending_raw
edf2a9015c2c96a8,E5RON92,bog_contribution_raw,True,True,07/8/2018,parsed_partial,bog_contribution_raw
edf2a9015c2c96a8,MAZUT,bog_contribution_raw,True,True,07/8/2018,parsed_partial,bog_contribution_raw
edf2a9015c2c96a8,RON95,base_price_raw,True,True,07/8/2018,parsed_partial,base_price_raw;bog_contribution_raw
edf2a9015c2c96a8,RON95,bog_contribution_raw,True,True,07/8/2018,parsed_partial,base_price_raw;bog_contribution_raw
edf2a9015c2c96a8,RON95_III,retail_price_raw,True,True,07/8/2018,parsed_partial,retail_price_raw;bog_contribution_raw;bog_spending_raw
edf2a9015c2c96a8,RON95_III,bog_contribution_raw,True,True,07/8/2018,parsed_partial,retail_price_raw;bog_contribution_raw;bog_spending_raw
edf2a9015c2c96a8,RON95_III,bog_spending_raw,True,True,07/8/2018,parsed_partial,retail_price_raw;bog_contribution_raw;bog_spending_raw
a3a874b8151a1a95,DIESEL,bog_contribution_raw,True,True,23/7/2018,parsed_partial,bog_contribution_raw;bog_spending_raw
a3a874b8151a1a95,DIESEL,bog_spending_raw,True,True,23/7/2018,parsed_partial,bog_contribution_raw;bog_spending_raw
a3a874b8151a1a95,E5RON92,bog_contribution_raw,True,True,23/7/2018,parsed_partial,bog_contribution_raw
a3a874b8151a1a95,MAZUT,bog_contribution_raw,True,True,23/7/2018,parsed_partial,bog_contribution_raw
a3a874b8151a1a95,RON95_III,bog_contribution_raw,True,True,23/7/2018,parsed_partial,bog_contribution_raw;bog_spending_raw
a3a874b8151a1a95,RON95_III,bog_spending_raw,True,True,23/7/2018,parsed_partial,bog_contribution_raw;bog_spending_raw
d4f6c8d61f4d9488,DIESEL,bog_contribution_raw,True,True,07/6/2018,parsed_partial,bog_contribution_raw
d4f6c8d61f4d9488,E5RON92,bog_contribution_raw,True,True,07/6/2018,parsed_partial,bog_contribution_raw
d4f6c8d61f4d9488,MAZUT,bog_contribution_raw,True,True,07/6/2018,parsed_partial,bog_contribution_raw
d4f6c8d61f4d9488,RON95_III,bog_contribution_raw,True,True,07/6/2018,parsed_partial,bog_contribution_raw;bog_spending_raw
d4f6c8d61f4d9488,RON95_III,bog_spending_raw,True,True,07/6/2018,parsed_partial,bog_contribution_raw;bog_spending_raw
e58ce2ef9c5d27cb,DIESEL,bog_contribution_raw,True,True,23/5/2018,parsed_partial,bog_contribution_raw
e58ce2ef9c5d27cb,E5RON92,bog_contribution_raw,True,True,23/5/2018,parsed_partial,bog_contribution_raw
e58ce2ef9c5d27cb,MAZUT,bog_contribution_raw,True,True,23/5/2018,parsed_partial,bog_contribution_raw
e58ce2ef9c5d27cb,RON95_III,bog_contribution_raw,True,True,23/5/2018,parsed_partial,bog_contribution_raw;bog_spending_raw
e58ce2ef9c5d27cb,RON95_III,bog_spending_raw,True,True,23/5/2018,parsed_partial,bog_contribution_raw;bog_spending_raw
f817be78e4864682,DIESEL,bog_contribution_raw,True,True,08/5/2018,parsed_partial,bog_contribution_raw
f817be78e4864682,E5RON92,bog_contribution_raw,True,True,08/5/2018,parsed_partial,bog_contribution_raw
f817be78e4864682,MAZUT,bog_contribution_raw,True,True,08/5/2018,parsed_partial,bog_contribution_raw;bog_spending_raw
f817be78e4864682,MAZUT,bog_spending_raw,True,True,08/5/2018,parsed_partial,bog_contribution_raw;bog_spending_raw
f817be78e4864682,RON95_III,bog_contribution_raw,True,True,08/5/2018,parsed_partial,bog_contribution_raw;bog_spending_raw
f817be78e4864682,RON95_III,bog_spending_raw,True,True,08/5/2018,parsed_partial,bog_contribution_raw;bog_spending_raw
a09caf85934748c5,DIESEL,bog_contribution_raw,True,True,08/3/2018,parsed_partial,bog_contribution_raw
a09caf85934748c5,E5RON92,bog_contribution_raw,True,True,08/3/2018,parsed_partial,bog_contribution_raw
a09caf85934748c5,MAZUT,bog_contribution_raw,True,True,08/3/2018,parsed_partial,bog_contribution_raw
8f55b6d9603a7f06,DIESEL,bog_contribution_raw,True,True,21/02/2018,parsed_partial,bog_contribution_raw
8f55b6d9603a7f06,E5RON92,bog_contribution_raw,True,True,21/02/2018,parsed_partial,bog_contribution_raw
8f55b6d9603a7f06,MAZUT,bog_contribution_raw,True,True,21/02/2018,parsed_partial,bog_contribution_raw
8491d5bcbd9f1fb3,DIESEL,retail_price_raw,True,True,03/02/2018,parsed_partial,retail_price_raw;bog_contribution_raw
8491d5bcbd9f1fb3,DIESEL,bog_contribution_raw,True,True,03/02/2018,parsed_partial,retail_price_raw;bog_contribution_raw
8491d5bcbd9f1fb3,E5RON92,bog_contribution_raw,True,True,03/02/2018,parsed_partial,bog_contribution_raw
8491d5bcbd9f1fb3,MAZUT,bog_contribution_raw,True,True,03/02/2018,parsed_partial,bog_contribution_raw
d0fc1fad74c0ec84,DIESEL,bog_contribution_raw,True,True,19/01/2018,parsed_partial,bog_contribution_raw
d0fc1fad74c0ec84,E5RON92,bog_contribution_raw,True,True,19/01/2018,parsed_partial,bog_contribution_raw
d0fc1fad74c0ec84,MAZUT,bog_contribution_raw,True,True,19/01/2018,parsed_partial,bog_contribution_raw
39a48dad2dab689d,DIESEL,bog_contribution_raw,True,True,04/01/2018,parsed_partial,bog_contribution_raw
39a48dad2dab689d,E5RON92,bog_contribution_raw,True,True,04/01/2018,parsed_partial,bog_contribution_raw
39a48dad2dab689d,MAZUT,bog_contribution_raw,True,True,04/01/2018,parsed_partial,bog_contribution_raw
69d1a04749be4380,DIESEL,bog_contribution_raw,True,True,20/12/2017,parsed_partial,bog_contribution_raw
69d1a04749be4380,E5,bog_contribution_raw,True,True,20/12/2017,parsed_partial,bog_contribution_raw
69d1a04749be4380,MAZUT,bog_contribution_raw,True,True,20/12/2017,parsed_partial,bog_contribution_raw
69d1a04749be4380,RON92,bog_contribution_raw,True,True,20/12/2017,parsed_partial,bog_contribution_raw
9fa3709404908860,DIESEL,bog_contribution_raw,True,True,05/12/2017,parsed_partial,bog_contribution_raw
9fa3709404908860,E5,bog_contribution_raw,True,True,05/12/2017,parsed_partial,bog_contribution_raw
9fa3709404908860,MAZUT,bog_contribution_raw,True,True,05/12/2017,parsed_partial,bog_contribution_raw
9fa3709404908860,RON92,bog_contribution_raw,True,True,05/12/2017,parsed_partial,bog_contribution_raw
9cd2e0b9585039d2,DIESEL,bog_contribution_raw,True,True,04/11/2017,parsed_partial,bog_contribution_raw
9cd2e0b9585039d2,E5,bog_contribution_raw,True,True,04/11/2017,parsed_partial,bog_contribution_raw
9cd2e0b9585039d2,MAZUT,bog_contribution_raw,True,True,04/11/2017,parsed_partial,bog_contribution_raw
9cd2e0b9585039d2,RON92,bog_contribution_raw,True,True,04/11/2017,parsed_partial,bog_contribution_raw;bog_spending_raw
9cd2e0b9585039d2,RON92,bog_spending_raw,True,True,04/11/2017,parsed_partial,bog_contribution_raw;bog_spending_raw
418464c82c79b946,DIESEL,bog_contribution_raw,True,True,20/10/2017,parsed_partial,bog_contribution_raw
418464c82c79b946,E5,bog_contribution_raw,True,True,20/10/2017,parsed_partial,bog_contribution_raw
418464c82c79b946,MAZUT,bog_contribution_raw,True,True,20/10/2017,parsed_partial,bog_contribution_raw
418464c82c79b946,RON92,bog_contribution_raw,True,True,20/10/2017,parsed_partial,bog_contribution_raw
1b7b42dfeb1bf5b2,DIESEL,bog_contribution_raw,True,True,05/10/2017,parsed_partial,bog_contribution_raw
1b7b42dfeb1bf5b2,E5,bog_contribution_raw,True,True,05/10/2017,parsed_partial,bog_contribution_raw
1b7b42dfeb1bf5b2,MAZUT,bog_contribution_raw,True,True,05/10/2017,parsed_partial,bog_contribution_raw
1b7b42dfeb1bf5b2,RON92,bog_contribution_raw,True,True,05/10/2017,parsed_partial,bog_contribution_raw
cbd39d9a47faf7e8,DIESEL,event_date_raw,True,True,,parsed_partial,event_date_raw;bog_contribution_raw
cbd39d9a47faf7e8,DIESEL,bog_contribution_raw,True,True,,parsed_partial,event_date_raw;bog_contribution_raw
cbd39d9a47faf7e8,E5,event_date_raw,True,True,,parsed_partial,event_date_raw;bog_contribution_raw
cbd39d9a47faf7e8,E5,bog_contribution_raw,True,True,,parsed_partial,event_date_raw;bog_contribution_raw
cbd39d9a47faf7e8,MAZUT,event_date_raw,True,True,,parsed_partial,event_date_raw;bog_contribution_raw
cbd39d9a47faf7e8,MAZUT,bog_contribution_raw,True,True,,parsed_partial,event_date_raw;bog_contribution_raw
cbd39d9a47faf7e8,RON92,event_date_raw,True,True,,parsed_partial,event_date_raw;bog_contribution_raw
cbd39d9a47faf7e8,RON92,bog_contribution_raw,True,True,,parsed_partial,event_date_raw;bog_contribution_raw
06ef0e45eb8c031e,DIESEL,bog_contribution_raw,True,True,05/9/2017,parsed_partial,bog_contribution_raw
06ef0e45eb8c031e,E5,bog_contribution_raw,True,True,05/9/2017,parsed_partial,bog_contribution_raw
06ef0e45eb8c031e,MAZUT,bog_contribution_raw,True,True,05/9/2017,parsed_partial,bog_contribution_raw;bog_spending_raw
06ef0e45eb8c031e,MAZUT,bog_spending_raw,True,True,05/9/2017,parsed_partial,bog_contribution_raw;bog_spending_raw
06ef0e45eb8c031e,RON92,bog_contribution_raw,True,True,05/9/2017,parsed_partial,bog_contribution_raw;bog_spending_raw
06ef0e45eb8c031e,RON92,bog_spending_raw,True,True,05/9/2017,parsed_partial,bog_contribution_raw;bog_spending_raw
13cda7bd83363d57,DIESEL,bog_contribution_raw,True,True,19/8/2017,parsed_partial,bog_contribution_raw
13cda7bd83363d57,E5,bog_contribution_raw,True,True,19/8/2017,parsed_partial,bog_contribution_raw
13cda7bd83363d57,MAZUT,bog_contribution_raw,True,True,19/8/2017,parsed_partial,bog_contribution_raw;bog_spending_raw
13cda7bd83363d57,MAZUT,bog_spending_raw,True,True,19/8/2017,parsed_partial,bog_contribution_raw;bog_spending_raw
13cda7bd83363d57,RON92,bog_contribution_raw,True,True,19/8/2017,parsed_partial,bog_contribution_raw
fc9a8f5275bf873e,DIESEL,bog_contribution_raw,True,True,04/8/2017,parsed_partial,bog_contribution_raw
fc9a8f5275bf873e,E5,bog_contribution_raw,True,True,04/8/2017,parsed_partial,bog_contribution_raw
fc9a8f5275bf873e,MAZUT,bog_contribution_raw,True,True,04/8/2017,parsed_partial,bog_contribution_raw;bog_spending_raw
fc9a8f5275bf873e,MAZUT,bog_spending_raw,True,True,04/8/2017,parsed_partial,bog_contribution_raw;bog_spending_raw
fc9a8f5275bf873e,RON92,bog_contribution_raw,True,True,04/8/2017,parsed_partial,bog_contribution_raw;bog_spending_raw
fc9a8f5275bf873e,RON92,bog_spending_raw,True,True,04/8/2017,parsed_partial,bog_contribution_raw;bog_spending_raw
7e32b00fbdb27950,E5,retail_price_raw,True,True,05/7/2017,parsed_partial,retail_price_raw
5934bf2a1035cdc7,DIESEL,bog_contribution_raw,True,True,20/4/2017,parsed_partial,bog_contribution_raw
5934bf2a1035cdc7,E5,bog_contribution_raw,True,True,20/4/2017,parsed_partial,bog_contribution_raw
5934bf2a1035cdc7,MAZUT,bog_contribution_raw,True,True,20/4/2017,parsed_partial,bog_contribution_raw
5934bf2a1035cdc7,RON92,bog_contribution_raw,True,True,20/4/2017,parsed_partial,bog_contribution_raw
ccb4d4d41d57ecf3,DIESEL,bog_contribution_raw,True,True,06/3/2017,parsed_partial,bog_contribution_raw;bog_spending_raw
ccb4d4d41d57ecf3,DIESEL,bog_spending_raw,True,True,06/3/2017,parsed_partial,bog_contribution_raw;bog_spending_raw
ccb4d4d41d57ecf3,E5,bog_contribution_raw,True,True,06/3/2017,parsed_partial,bog_contribution_raw
ccb4d4d41d57ecf3,MAZUT,bog_contribution_raw,True,True,06/3/2017,parsed_partial,bog_contribution_raw;bog_spending_raw
ccb4d4d41d57ecf3,MAZUT,bog_spending_raw,True,True,06/3/2017,parsed_partial,bog_contribution_raw;bog_spending_raw
ccb4d4d41d57ecf3,RON92,bog_contribution_raw,True,True,06/3/2017,parsed_partial,bog_contribution_raw
85349108d29236f7,DIESEL,bog_contribution_raw,True,True,18/02/2017,parsed_partial,bog_contribution_raw
85349108d29236f7,MAZUT,bog_contribution_raw,True,True,18/02/2017,parsed_partial,bog_contribution_raw
4e4b62a32987ec4b,DIESEL,bog_contribution_raw,True,True,03/02/2017,parsed_partial,bog_contribution_raw;bog_spending_raw
4e4b62a32987ec4b,DIESEL,bog_spending_raw,True,True,03/02/2017,parsed_partial,bog_contribution_raw;bog_spending_raw
4e4b62a32987ec4b,E5,bog_contribution_raw,True,True,03/02/2017,parsed_partial,bog_contribution_raw
4e4b62a32987ec4b,MAZUT,bog_contribution_raw,True,True,03/02/2017,parsed_partial,bog_contribution_raw;bog_spending_raw
4e4b62a32987ec4b,MAZUT,bog_spending_raw,True,True,03/02/2017,parsed_partial,bog_contribution_raw;bog_spending_raw
4e4b62a32987ec4b,RON92,bog_contribution_raw,True,True,03/02/2017,parsed_partial,bog_contribution_raw;bog_spending_raw
4e4b62a32987ec4b,RON92,bog_spending_raw,True,True,03/02/2017,parsed_partial,bog_contribution_raw;bog_spending_raw
82e96d5203929456,DIESEL,bog_contribution_raw,True,True,19/01/2017,parsed_partial,bog_contribution_raw
82e96d5203929456,MAZUT,bog_contribution_raw,True,True,19/01/2017,parsed_partial,bog_contribution_raw
2ac158a8f2190332,DIESEL,bog_contribution_raw,True,True,04/01/2017,parsed_partial,bog_contribution_raw
2ac158a8f2190332,E5,bog_spending_raw,True,True,04/01/2017,parsed_partial,bog_spending_raw
2ac158a8f2190332,MAZUT,bog_contribution_raw,True,True,04/01/2017,parsed_partial,bog_contribution_raw
2ac158a8f2190332,RON92,bog_contribution_raw,True,True,04/01/2017,parsed_partial,bog_contribution_raw
3c95d2596010ad83,DIESEL,bog_spending_raw,True,True,20/12/2016,parsed_partial,bog_spending_raw
7fe1b50a718d1aec,DIESEL,bog_contribution_raw,True,True,05/12/2016,parsed_partial,bog_contribution_raw
7fe1b50a718d1aec,E5,bog_contribution_raw,True,True,05/12/2016,parsed_partial,bog_contribution_raw
7fe1b50a718d1aec,MAZUT,bog_contribution_raw,True,True,05/12/2016,parsed_partial,bog_contribution_raw
7fe1b50a718d1aec,RON92,bog_contribution_raw,True,True,05/12/2016,parsed_partial,bog_contribution_raw;bog_spending_raw
7fe1b50a718d1aec,RON92,bog_spending_raw,True,True,05/12/2016,parsed_partial,bog_contribution_raw;bog_spending_raw
5ef734b737dd9f4f,MAZUT,bog_spending_raw,True,True,04/11/2016,parsed_partial,bog_spending_raw
e383f4ffaf96735f,DIESEL,event_date_raw,True,True,,parsed_partial,event_date_raw
e383f4ffaf96735f,E5,event_date_raw,True,True,,parsed_partial,event_date_raw
e383f4ffaf96735f,MAZUT,event_date_raw,True,True,,parsed_partial,event_date_raw;bog_spending_raw
e383f4ffaf96735f,MAZUT,bog_spending_raw,True,True,,parsed_partial,event_date_raw;bog_spending_raw
e383f4ffaf96735f,RON92,event_date_raw,True,True,,parsed_partial,event_date_raw
97034205aef0f0c1,DIESEL,bog_spending_raw,True,True,05/10/2016,parsed_partial,bog_spending_raw
97034205aef0f0c1,MAZUT,bog_spending_raw,True,True,05/10/2016,parsed_partial,bog_spending_raw
45309d7cfc9a5004,DIESEL,bog_spending_raw,True,True,20/9/2016,parsed_partial,bog_spending_raw
45309d7cfc9a5004,MAZUT,bog_spending_raw,True,True,20/9/2016,parsed_partial,bog_spending_raw
04cea6b6d02defc0,DIESEL,bog_spending_raw,True,True,05/9/2016,parsed_partial,bog_spending_raw
04cea6b6d02defc0,MAZUT,bog_spending_raw,True,True,05/9/2016,parsed_partial,bog_spending_raw
9321eff5f86a1156,E5,bog_spending_raw,True,True,04/8/2016,parsed_partial,bog_spending_raw
9321eff5f86a1156,RON92,bog_spending_raw,True,True,04/8/2016,parsed_partial,bog_spending_raw
f2842f6b70c01089,DIESEL,event_date_raw,True,True,,parsed_partial,event_date_raw
f2842f6b70c01089,E5,event_date_raw,True,True,,parsed_partial,event_date_raw
f2842f6b70c01089,MAZUT,event_date_raw,True,True,,parsed_partial,event_date_raw
f2842f6b70c01089,RON92,event_date_raw,True,True,,parsed_partial,event_date_raw
dcedccbb836a181d,DIESEL,bog_contribution_raw,True,True,20/5/2016,parsed_partial,bog_contribution_raw
dcedccbb836a181d,E5,bog_contribution_raw,True,True,20/5/2016,parsed_partial,bog_contribution_raw
dcedccbb836a181d,MAZUT,bog_contribution_raw,True,True,20/5/2016,parsed_partial,bog_contribution_raw
dcedccbb836a181d,RON92,bog_contribution_raw,True,True,20/5/2016,parsed_partial,bog_contribution_raw
21c47683914e48ed,E5,bog_spending_raw,True,True,18/02/2016,parsed_partial,bog_spending_raw
21c47683914e48ed,RON92,bog_spending_raw,True,True,18/02/2016,parsed_partial,bog_spending_raw
8b2ae5609d823b9f,DIESEL,event_date_raw,True,True,,parsed_partial,event_date_raw
8b2ae5609d823b9f,E5,event_date_raw,True,True,,parsed_partial,event_date_raw
8b2ae5609d823b9f,MAZUT,event_date_raw,True,True,,parsed_partial,event_date_raw
8b2ae5609d823b9f,RON92,event_date_raw,True,True,,parsed_partial,event_date_raw
a728f566cad561f8,RON95_III,bog_contribution_raw,True,True,21/4/2026,parsed_partial,bog_contribution_raw;bog_spending_raw
a728f566cad561f8,RON95_III,bog_spending_raw,True,True,21/4/2026,parsed_partial,bog_contribution_raw;bog_spending_raw
f7d47453ff59812c,RON95_III,bog_contribution_raw,True,True,07/5/2026,parsed_partial,bog_contribution_raw
a27e26c9600beca2,RON95_III,bog_contribution_raw,True,True,29/4/2026,parsed_partial,bog_contribution_raw;bog_spending_raw
a27e26c9600beca2,RON95_III,bog_spending_raw,True,True,29/4/2026,parsed_partial,bog_contribution_raw;bog_spending_raw
1556e726b5779d45,RON95_III,bog_contribution_raw,True,True,23/4/2026,parsed_partial,bog_contribution_raw;bog_spending_raw
1556e726b5779d45,RON95_III,bog_spending_raw,True,True,23/4/2026,parsed_partial,bog_contribution_raw;bog_spending_raw
24a2dd6e39e905f0,RON95_III,bog_contribution_raw,True,True,03/4/2026,parsed_partial,bog_contribution_raw;bog_spending_raw
24a2dd6e39e905f0,RON95_III,bog_spending_raw,True,True,03/4/2026,parsed_partial,bog_contribution_raw;bog_spending_raw
ae3a6e24c862e129,RON95_III,bog_contribution_raw,True,True,02/4/2026,parsed_partial,bog_contribution_raw;bog_spending_raw
ae3a6e24c862e129,RON95_III,bog_spending_raw,True,True,02/4/2026,parsed_partial,bog_contribution_raw;bog_spending_raw
66b46690b470d557,RON95_III,bog_contribution_raw,True,True,26/3/2026,parsed_partial,bog_contribution_raw;bog_spending_raw
66b46690b470d557,RON95_III,bog_spending_raw,True,True,26/3/2026,parsed_partial,bog_contribution_raw;bog_spending_raw
b8a91bcf7a01b397,RON95_III,bog_contribution_raw,True,True,25/3/2026,parsed_partial,bog_contribution_raw;bog_spending_raw
b8a91bcf7a01b397,RON95_III,bog_spending_raw,True,True,25/3/2026,parsed_partial,bog_contribution_raw;bog_spending_raw
a3822572df67edd0,RON95_III,bog_contribution_raw,True,True,24/3/2026,parsed_partial,bog_contribution_raw;bog_spending_raw
a3822572df67edd0,RON95_III,bog_spending_raw,True,True,24/3/2026,parsed_partial,bog_contribution_raw;bog_spending_raw
6d2f894342335748,RON95_III,bog_contribution_raw,True,True,19/3/2026,parsed_partial,bog_contribution_raw;bog_spending_raw
6d2f894342335748,RON95_III,bog_spending_raw,True,True,19/3/2026,parsed_partial,bog_contribution_raw;bog_spending_raw
e93331735ad1a5a9,RON95_III,bog_contribution_raw,True,True,12/3/2026,parsed_partial,bog_contribution_raw;bog_spending_raw
e93331735ad1a5a9,RON95_III,bog_spending_raw,True,True,12/3/2026,parsed_partial,bog_contribution_raw;bog_spending_raw
78828583f7ec8c18,E5RON92,bog_contribution_raw,True,True,11/3/2026,parsed_partial,bog_contribution_raw
78828583f7ec8c18,RON95_III,bog_contribution_raw,True,True,11/3/2026,parsed_partial,bog_contribution_raw
d177a481ae82f9c8,RON95_III,bog_contribution_raw,True,True,10/3/2026,parsed_partial,bog_contribution_raw;bog_spending_raw
d177a481ae82f9c8,RON95_III,bog_spending_raw,True,True,10/3/2026,parsed_partial,bog_contribution_raw;bog_spending_raw
216cbbaf89457bfd,RON95_III,bog_contribution_raw,True,True,09/01/2025,parsed_partial,bog_contribution_raw;bog_spending_raw
216cbbaf89457bfd,RON95_III,bog_spending_raw,True,True,09/01/2025,parsed_partial,bog_contribution_raw;bog_spending_raw
