title,report_date,detail_url,bog_petrolimex
Ước tồn Quỹ BOG tại Petrolimex ngày 28.5.2026,28.5.2026,https://www.petrolimex.com.vn/ndi/minh-bach-xang-dau/uoc-ton-quy-bog-tai-petrolimex-ngay-28-5-2026.html,1.074 tỷ đồng
Ước tồn Quỹ BOG tại Petrolimex ngày 21.5.2026,21.5.2026,https://www.petrolimex.com.vn/ndi/minh-bach-xang-dau/uoc-ton-quy-bog-tai-petrolimex-ngay-21-5-2026.html,1.074 tỷ đồng
Ước tồn Quỹ BOG tại Petrolimex ngày 14.5.2026,14.5.2026,https://www.petrolimex.com.vn/ndi/minh-bach-xang-dau/uoc-ton-quy-bog-tai-petrolimex-ngay-14-5-2026.html,1.074 tỷ đồng
Ước tồn Quỹ BOG tại Petrolimex ngày 07.5.2026,07.5.2026,https://www.petrolimex.com.vn/ndi/minh-bach-xang-dau/uoc-ton-quy-bog-tai-petrolimex-ngay-07-5-2026.html,1.074 tỷ đồng
Ước tồn Quỹ BOG tại Petrolimex ngày 29.4.2026,29.4.2026,https://www.petrolimex.com.vn/ndi/minh-bach-xang-dau/uoc-ton-quy-bog-tai-petrolimex-ngay-29-4-2026.html,1.074 tỷ đồng
Ước tồn Quỹ BOG tại Petrolimex ngày 23.4.2026,23.4.2026,https://www.petrolimex.com.vn/ndi/minh-bach-xang-dau/uoc-ton-quy-bog-tai-petrolimex-ngay-23-4-2026.html,1.074 tỷ đồng
Ước tồn Quỹ BOG tại Petrolimex ngày 21.4.2026,21.4.2026,https://www.petrolimex.com.vn/ndi/minh-bach-xang-dau/uoc-ton-quy-bog-tai-petrolimex-ngay-21-4-2026.html,1.074 tỷ đồng
Ước tồn Quỹ BOG tại Petrolimex ngày 16.4.2026,16.4.2026,https://www.petrolimex.com.vn/ndi/minh-bach-xang-dau/uoc-ton-quy-bog-tai-petrolimex-ngay-16-4-2026.html,1.074 tỷ đồng
Ước tồn Quỹ BOG tại Petrolimex ngày 09.4.2026,09.4.2026,https://www.petrolimex.com.vn/ndi/minh-bach-xang-dau/uoc-ton-quy-bog-tai-petrolimex-ngay-09-4-2026.html,1.074 tỷ đồng
Ước tồn Quỹ BOG tại Petrolimex ngày 08.4.2026,08.4.2026,https://www.petrolimex.com.vn/ndi/minh-bach-xang-dau/uoc-ton-quy-bog-tai-petrolimex-ngay-08-4-2026.html,1.069 tỷ đồng
Ước tồn Quỹ BOG tại Petrolimex ngày 03.4.2026,03.4.2026,https://www.petrolimex.com.vn/ndi/minh-bach-xang-dau/uoc-ton-quy-bog-tai-petrolimex-ngay-03-4-2026.html,928 tỷ đồng
Ước tồn Quỹ BOG tại Petrolimex ngày 02.4.2026,02.4.2026,https://www.petrolimex.com.vn/ndi/minh-bach-xang-dau/uoc-ton-quy-bog-tai-petrolimex-ngay-02-4-2026.html,928 tỷ đồng
Ước tồn Quỹ BOG tại Petrolimex ngày 26.3.2026,26.3.2026,https://www.petrolimex.com.vn/ndi/minh-bach-xang-dau/uoc-ton-quy-bog-tai-petrolimex-ngay-26-3-2026.html,1.022 tỷ đồng
Ước tồn Quỹ BOG tại Petrolimex ngày 25.3.2026,25.3.2026,https://www.petrolimex.com.vn/ndi/minh-bach-xang-dau/uoc-ton-quy-bog-tai-petrolimex-ngay-25-3-2026.html,1.111 tỷ đồng
Ước tồn Quỹ BOG tại Petrolimex ngày 24.3.2026,24.3.2026,https://www.petrolimex.com.vn/ndi/minh-bach-xang-dau/uoc-ton-quy-bog-tai-petrolimex-ngay-24-3-2026.html,1.248 tỷ đồng
Ước tồn Quỹ BOG tại Petrolimex ngày 19.3.2026,19.3.2026,https://www.petrolimex.com.vn/ndi/minh-bach-xang-dau/uoc-ton-quy-bog-tai-petrolimex-ngay-19-3-2026.html,1.885 tỷ đồng
Ước tồn Quỹ BOG tại Petrolimex ngày 12.3.2026,12.3.2026,https://www.petrolimex.com.vn/ndi/minh-bach-xang-dau/uoc-ton-quy-bog-tai-petrolimex-ngay-12-3-2026.html,2.799 tỷ đồng
Ước tồn Quỹ BOG tại Petrolimex ngày 11.3.2026,11.3.2026,https://www.petrolimex.com.vn/ndi/minh-bach-xang-dau/uoc-ton-quy-bog-tai-petrolimex-ngay-11-3-2026.html,2.943 tỷ đồng
Ước tồn Quỹ BOG tại Petrolimex ngày 10.3.2026,10.3.2026,https://www.petrolimex.com.vn/ndi/minh-bach-xang-dau/uoc-ton-quy-bog-tai-petrolimex-ngay-10-3-2026.html,3.088 tỷ đồng
Ước tồn Quỹ BOG tại Petrolimex ngày 07.3.2026,07.3.2026,https://www.petrolimex.com.vn/ndi/minh-bach-xang-dau/uoc-ton-quy-bog-tai-petrolimex-ngay-07-3-2026.html,3.088 tỷ đồng
Ước tồn Quỹ BOG tại Petrolimex ngày 05.3.2026,05.3.2026,https://www.petrolimex.com.vn/ndi/minh-bach-xang-dau/uoc-ton-quy-bog-tai-petrolimex-ngay-05-3-2026.html,3.088 tỷ đồng
Ước tồn Quỹ BOG tại Petrolimex ngày 26.02.2026,26.02.2026,https://www.petrolimex.com.vn/ndi/minh-bach-xang-dau/uoc-ton-quy-bog-tai-petrolimex-ngay-26-02-2026.html,3.088 tỷ đồng
Ước tồn Quỹ BOG tại Petrolimex ngày 20.02.2026,20.02.2026,https://www.petrolimex.com.vn/ndi/minh-bach-xang-dau/uoc-ton-quy-bog-tai-petrolimex-ngay-20-02-2026.html,3.088 tỷ đồng
Ước tồn Quỹ BOG tại Petrolimex ngày 12.02.2026,12.02.2026,https://www.petrolimex.com.vn/ndi/minh-bach-xang-dau/uoc-ton-quy-bog-tai-petrolimex-ngay-12-02-2026.html,3.088 tỷ đồng
Ước tồn Quỹ BOG tại Petrolimex ngày 05.02.2026,05.02.2026,https://www.petrolimex.com.vn/ndi/minh-bach-xang-dau/uoc-ton-quy-bog-tai-petrolimex-ngay-05-02-2026.html,3.087 tỷ đồng
Ước tồn Quỹ BOG tại Petrolimex ngày 29.01.2026,29.01.2026,https://www.petrolimex.com.vn/ndi/minh-bach-xang-dau/uoc-ton-quy-bog-tai-petrolimex-ngay-29-01-2026.html,3.087 tỷ đồng
Ước tồn Quỹ BOG tại Petrolimex ngày 22.01.2026,22.01.2026,https://www.petrolimex.com.vn/ndi/minh-bach-xang-dau/uoc-ton-quy-bog-tai-petrolimex-ngay-22-01-2026.html,3.087 tỷ đồng
Ước tồn Quỹ BOG tại Petrolimex ngày 15.01.2026,15.01.2026,https://www.petrolimex.com.vn/ndi/minh-bach-xang-dau/uoc-ton-quy-bog-tai-petrolimex-ngay-15-01-2026.html,3.087 tỷ đồng
Ước tồn Quỹ BOG tại Petrolimex ngày 08.01.2026,08.01.2026,https://www.petrolimex.com.vn/ndi/minh-bach-xang-dau/uoc-ton-quy-bog-tai-petrolimex-ngay-08-01-2026.html,3.087 tỷ đồng
Ước tồn Quỹ BOG tại Petrolimex ngày 31.12.2025,31.12.2025,https://www.petrolimex.com.vn/ndi/minh-bach-xang-dau/uoc-ton-quy-bog-tai-petrolimex-ngay-31-12-2025.html,3.086 tỷ đồng
Ước tồn Quỹ BOG tại Petrolimex ngày 25.12.2025,25.12.2025,https://www.petrolimex.com.vn/ndi/minh-bach-xang-dau/uoc-ton-quy-bog-tai-petrolimex-ngay-25-12-2025.html,3.086 tỷ đồng
Ước tồn Quỹ BOG tại Petrolimex ngày 18.12.2025,18.12.2025,https://www.petrolimex.com.vn/ndi/minh-bach-xang-dau/uoc-ton-quy-bog-tai-petrolimex-ngay-18-12-2025.html,3.086 tỷ đồng
Ước tồn Quỹ BOG tại Petrolimex ngày 11.12.2025,11.12.2025,https://www.petrolimex.com.vn/ndi/minh-bach-xang-dau/uoc-ton-quy-bog-tai-petrolimex-ngay-11-12-2025.html,3.086 tỷ đồng
Ước tồn Quỹ BOG tại Petrolimex ngày 04.12.2025,04.12.2025,https://www.petrolimex.com.vn/ndi/minh-bach-xang-dau/uoc-ton-quy-bog-tai-petrolimex-ngay-04-12-2025.html,3.086 tỷ đồng
Ước tồn Quỹ BOG tại Petrolimex ngày 27.11.2025,27.11.2025,https://www.petrolimex.com.vn/ndi/minh-bach-xang-dau/uoc-ton-quy-bog-tai-petrolimex-ngay-27-11-2025.html,3.086 tỷ đồng
Ước tồn Quỹ BOG tại Petrolimex ngày 20.11.2025,20.11.2025,https://www.petrolimex.com.vn/ndi/minh-bach-xang-dau/uoc-ton-quy-bog-tai-petrolimex-ngay-20-11-2025.html,3.086 tỷ đồng
Ước tồn Quỹ BOG tại Petrolimex ngày 13.11.2025,13.11.2025,https://www.petrolimex.com.vn/ndi/minh-bach-xang-dau/uoc-ton-quy-bog-tai-petrolimex-ngay-13-11-2025.html,3.086 tỷ đồng
Ước tồn Quỹ BOG tại Petrolimex ngày 06.11.2025,06.11.2025,https://www.petrolimex.com.vn/ndi/minh-bach-xang-dau/uoc-ton-quy-bog-tai-petrolimex-ngay-06-11-2025.html,3.085 tỷ đồng
Ước tồn Quỹ BOG tại Petrolimex ngày 30.10.2025,30.10.2025,https://www.petrolimex.com.vn/ndi/minh-bach-xang-dau/uoc-ton-quy-bog-tai-petrolimex-ngay-30-10-2025.html,3.085 tỷ đồng
Ước tồn Quỹ BOG tại Petrolimex ngày 23.10.2025,23.10.2025,https://www.petrolimex.com.vn/ndi/minh-bach-xang-dau/uoc-ton-quy-bog-tai-petrolimex-ngay-23-10-2025.html,3.085 tỷ đồng
Ước tồn Quỹ BOG tại Petrolimex ngày 16.10.2025,16.10.2025,https://www.petrolimex.com.vn/ndi/minh-bach-xang-dau/uoc-ton-quy-bog-tai-petrolimex-ngay-16-10-2025.html,3.085 tỷ đồng
Ước tồn Quỹ BOG tại Petrolimex ngày 09.10.2025,09.10.2025,https://www.petrolimex.com.vn/ndi/minh-bach-xang-dau/uoc-ton-quy-bog-tai-petrolimex-ngay-09-10-2025.html,3.085 tỷ đồng
Ước tồn Quỹ BOG tại Petrolimex ngày 02.10.2025,02.10.2025,https://www.petrolimex.com.vn/ndi/minh-bach-xang-dau/uoc-ton-quy-bog-tai-petrolimex-ngay-25-9-2025-1759390604-1389831543.html,3.085 tỷ đồng
Ước tồn Quỹ BOG tại Petrolimex ngày 25.9.2025,25.9.2025,https://www.petrolimex.com.vn/ndi/minh-bach-xang-dau/uoc-ton-quy-bog-tai-petrolimex-ngay-25-9-2025.html,3.085 tỷ đồng
Ước tồn Quỹ BOG tại Petrolimex ngày 18.9.2025,18.9.2025,https://www.petrolimex.com.vn/ndi/minh-bach-xang-dau/uoc-ton-quy-bog-tai-petrolimex-ngay-18-9-2025.html,3.085 tỷ đồng
Ước tồn Quỹ BOG tại Petrolimex ngày 11.9.2025,11.9.2025,https://www.petrolimex.com.vn/ndi/minh-bach-xang-dau/uoc-ton-quy-bog-tai-petrolimex-ngay-11-9-2025.html,3.085 tỷ đồng
Ước tồn Quỹ BOG tại Petrolimex ngày 04.9.2025,04.9.2025,https://www.petrolimex.com.vn/ndi/minh-bach-xang-dau/uoc-ton-quy-bog-tai-petrolimex-ngay-04-9-2025.html,3.084 tỷ đồng
Ước tồn Quỹ BOG tại Petrolimex ngày 28.8.2025,28.8.2025,https://www.petrolimex.com.vn/ndi/minh-bach-xang-dau/uoc-ton-quy-bog-tai-petrolimex-ngay-28-8-2025.html,3.084 tỷ đồng
Ước tồn Quỹ BOG tại Petrolimex ngày 21.8.2025,21.8.2025,https://www.petrolimex.com.vn/ndi/minh-bach-xang-dau/uoc-ton-quy-bog-tai-petrolimex-ngay-21-8-2025.html,3.084 tỷ đồng
Ước tồn Quỹ BOG tại Petrolimex ngày 14.8.2025,14.8.2025,https://www.petrolimex.com.vn/ndi/minh-bach-xang-dau/uoc-ton-quy-bog-tai-petrolimex-ngay-07-8-2025.html,3.084 tỷ đồng
Ước tồn Quỹ BOG tại Petrolimex ngày 07.8.2025,07.8.2025,https://www.petrolimex.com.vn/ndi/minh-bach-xang-dau/uoc-ton-quy-bog-tai-petrolimex-ngay-7-8-2025.html,3.084 tỷ đồng
Ước tồn Quỹ BOG tại Petrolimex ngày 31.7.2025,31.7.2025,https://www.petrolimex.com.vn/ndi/minh-bach-xang-dau/uoc-ton-quy-bog-tai-petrolimex-ngay-31-7-2025.html,3.084 tỷ đồng
Ước tồn Quỹ BOG tại Petrolimex ngày 24.7.2025,24.7.2025,https://www.petrolimex.com.vn/ndi/minh-bach-xang-dau/uoc-ton-quy-bog-tai-petrolimex-ngay-24-7-2025.html,3.084 tỷ đồng
Ước tồn Quỹ BOG tại Petrolimex ngày 17.7.2025,17.7.2025,https://www.petrolimex.com.vn/ndi/minh-bach-xang-dau/uoc-ton-quy-bog-tai-petrolimex-ngay-17-7-2025.html,3.084 tỷ đồng
Ước tồn Quỹ BOG tại Petrolimex ngày 10.7.2025,10.7.2025,https://www.petrolimex.com.vn/ndi/minh-bach-xang-dau/uoc-ton-quy-bog-tai-petrolimex-ngay-10-7-2025.html,3.084 tỷ đồng
Ước tồn Quỹ BOG tại Petrolimex ngày 03.7.2025,03.7.2025,https://www.petrolimex.com.vn/ndi/minh-bach-xang-dau/uoc-ton-quy-bog-tai-petrolimex-ngay-03-7-2025.html,3.083 tỷ đồng
Ước tồn Quỹ BOG tại Petrolimex ngày 01.7.2025,01.7.2025,https://www.petrolimex.com.vn/ndi/minh-bach-xang-dau/uoc-ton-quy-bog-tai-petrolimex-ngay-01-7-2025.html,3.083 tỷ đồng
Ước tồn Quỹ BOG tại Petrolimex ngày 26.6.2025,26.6.2025,https://www.petrolimex.com.vn/ndi/minh-bach-xang-dau/uoc-ton-quy-bog-tai-petrolimex-ngay-26-6-2025.html,3.083 tỷ đồng
Ước tồn Quỹ BOG tại Petrolimex ngày 19.6.2025,19.6.2025,https://www.petrolimex.com.vn/ndi/minh-bach-xang-dau/uoc-ton-quy-bog-tai-petrolimex-ngay-19-6-2025.html,3.083 tỷ đồng
Ước tồn Quỹ BOG tại Petrolimex ngày 12.6.2025,12.6.2025,https://www.petrolimex.com.vn/ndi/minh-bach-xang-dau/uoc-ton-quy-bog-tai-petrolimex-ngay-12-6-2025.html,3.083 tỷ đồng
Ước tồn Quỹ BOG tại Petrolimex ngày 05.6.2025,05.6.2025,https://www.petrolimex.com.vn/ndi/minh-bach-xang-dau/uoc-ton-quy-bog-tai-petrolimex-ngay-05-6-2025.html,3.083 tỷ đồng
Ước tồn Quỹ BOG tại Petrolimex ngày 29.5.2025,29.5.2025,https://www.petrolimex.com.vn/ndi/minh-bach-xang-dau/uoc-ton-quy-bog-tai-petrolimex-ngay-29-5-2025.html,3.083 tỷ đồng
Ước tồn Quỹ BOG tại Petrolimex ngày 22.5.2025,22.5.2025,https://www.petrolimex.com.vn/ndi/minh-bach-xang-dau/uoc-ton-quy-bog-tai-petrolimex-ngay-22-5-2025.html,3.083 tỷ đồng
Ước tồn Quỹ BOG tại Petrolimex ngày 15.5.2025,15.5.2025,https://www.petrolimex.com.vn/ndi/minh-bach-xang-dau/uoc-ton-quy-bog-tai-petrolimex-ngay-15-5-2025.html,3.083 tỷ đồng
Ước tồn Quỹ BOG tại Petrolimex ngày 8.5.2025,8.5.2025,https://www.petrolimex.com.vn/ndi/minh-bach-xang-dau/uoc-ton-quy-bog-tai-petrolimex-ngay-8-5-2025.html,3.082 tỷ đồng
Ước tồn Quỹ BOG tại Petrolimex ngày 5.5.2025,5.5.2025,https://www.petrolimex.com.vn/ndi/minh-bach-xang-dau/uoc-ton-quy-bog-tai-petrolimex-ngay-5-5-2025.html,3.082 tỷ đồng
Ước tồn Quỹ BOG tại Petrolimex ngày 24.4.2025,24.4.2025,https://www.petrolimex.com.vn/ndi/minh-bach-xang-dau/uoc-ton-quy-bog-tai-petrolimex-ngay-24-4-2025.html,3.082 tỷ đồng
Ước tồn Quỹ BOG tại Petrolimex ngày 17.04.2025,17.04.2025,https://www.petrolimex.com.vn/ndi/minh-bach-xang-dau/uoc-ton-quy-bog-tai-petrolimex-ngay-17-04-2025.html,3.082 tỷ đồng
Ước tồn Quỹ BOG tại Petrolimex ngày 10.04.2025,10.04.2025,https://www.petrolimex.com.vn/ndi/minh-bach-xang-dau/uoc-ton-quy-bog-tai-petrolimex-ngay-10-04-2025.html,3.082 tỷ đồng
Ước tồn Quỹ BOG tại Petrolimex ngày 03.04.2025,03.04.2025,https://www.petrolimex.com.vn/ndi/minh-bach-xang-dau/uoc-ton-quy-bog-tai-petrolimex-ngay-03-04-2025.html,3.082 tỷ đồng
Ước tồn Quỹ BOG tại Petrolimex ngày 27.03.2025,27.03.2025,https://www.petrolimex.com.vn/ndi/minh-bach-xang-dau/uoc-ton-quy-bog-tai-petrolimex-ngay-27-03-2025.html,3.082 tỷ đồng
Ước tồn Quỹ BOG tại Petrolimex ngày 20.03.2025,20.03.2025,https://www.petrolimex.com.vn/ndi/minh-bach-xang-dau/uoc-ton-quy-bog-tai-petrolimex-ngay-20-03-2025.html,3.082 tỷ đồng
Ước tồn Quỹ BOG tại Petrolimex ngày 13.03.2025,13.03.2025,https://www.petrolimex.com.vn/ndi/minh-bach-xang-dau/uoc-ton-quy-bog-tai-petrolimex-ngay-13-03-2025.html,3.082 tỷ đồng
Ước tồn Quỹ BOG tại Petrolimex ngày 06.03.2025,06.03.2025,https://www.petrolimex.com.vn/ndi/minh-bach-xang-dau/uoc-ton-quy-bog-tai-petrolimex-ngay-06-03-2025.html,3.081 tỷ đồng
Ước tồn Quỹ BOG tại Petrolimex ngày 27.02.2025,27.02.2025,https://www.petrolimex.com.vn/ndi/minh-bach-xang-dau/uoc-ton-quy-bog-tai-petrolimex-ngay-27-02-2025.html,3.081 tỷ đồng
Ước tồn Quỹ BOG tại Petrolimex ngày 20.02.2025,20.02.2025,https://www.petrolimex.com.vn/ndi/minh-bach-xang-dau/uoc-ton-quy-bog-tai-petrolimex-ngay-20-02-2025.html,3.081 tỷ đồng
Ước tồn Quỹ BOG tại Petrolimex ngày 13.02.2025,13.02.2025,https://www.petrolimex.com.vn/ndi/minh-bach-xang-dau/uoc-ton-quy-bog-tai-petrolimex-ngay-13-02-2025.html,3.081 tỷ đồng
Ước tồn Quỹ BOG tại Petrolimex ngày 06.02.2025,06.02.2025,https://www.petrolimex.com.vn/ndi/minh-bach-xang-dau/uoc-ton-quy-bog-tai-petrolimex-ngay-06-02-2025.html,3.081 tỷ đồng
Ước tồn Quỹ BOG tại Petrolimex ngày 01.02.2025,01.02.2025,https://www.petrolimex.com.vn/ndi/minh-bach-xang-dau/uoc-ton-quy-bog-tai-petrolimex-ngay-01-02-2025.html,3.081 tỷ đồng
Ước tồn Quỹ BOG tại Petrolimex ngày 23.01.2025,23.01.2025,https://www.petrolimex.com.vn/ndi/minh-bach-xang-dau/uoc-ton-quy-bog-tai-petrolimex-ngay-23-01-2025.html,3.081 tỷ đồng
Ước tồn Quỹ BOG tại Petrolimex ngày 16.01.2025,16.01.2025,https://www.petrolimex.com.vn/ndi/minh-bach-xang-dau/uoc-ton-quy-bog-tai-petrolimex-ngay-16-01-2025.html,3.081 tỷ đồng
Ước tồn Quỹ BOG tại Petrolimex ngày 09.01.2025,09.01.2025,https://www.petrolimex.com.vn/ndi/minh-bach-xang-dau/uoc-ton-quy-bog-tai-petrolimex-ngay-09-01-2025.html,3.081 tỷ đồng
Ước tồn Quỹ BOG tại Petrolimex ngày 02.01.2025,02.01.2025,https://www.petrolimex.com.vn/ndi/minh-bach-xang-dau/uoc-ton-quy-bog-tai-petrolimex-ngay-02-01-2025.html,3.080 tỷ đồng
Ước tồn Quỹ BOG tại Petrolimex ngày 26.12.2024,26.12.2024,https://www.petrolimex.com.vn/ndi/minh-bach-xang-dau/uoc-ton-quy-bog-tai-petrolimex-ngay-26-12-2024.html,3.080 tỷ đồng
Ước tồn Quỹ BOG tại Petrolimex ngày 19.12.2024,19.12.2024,https://www.petrolimex.com.vn/ndi/minh-bach-xang-dau/uoc-ton-quy-bog-tai-petrolimex-ngay-19-12-2024.html,0.473 tỷ đồng
Ước tồn Quỹ BOG tại Petrolimex ngày 12.12.2024,12.12.2024,https://www.petrolimex.com.vn/ndi/minh-bach-xang-dau/uoc-ton-quy-bog-tai-petrolimex-ngay-12-12-2024.html,0.473 tỷ đồng
Ước tồn Quỹ BOG tại Petrolimex ngày 05.12.2024,05.12.2024,https://www.petrolimex.com.vn/ndi/minh-bach-xang-dau/uoc-ton-quy-bog-tai-petrolimex-ngay-05-12-2024.html,0.473 tỷ đồng
Ước tồn Quỹ BOG tại Petrolimex ngày 28.11.2024,28.11.2024,https://www.petrolimex.com.vn/ndi/minh-bach-xang-dau/uoc-ton-quy-bog-tai-petrolimex-ngay-28-11-2024.html,0.473 tỷ đồng
Ước tồn Quỹ BOG tại Petrolimex ngày 21.11.2024,21.11.2024,https://www.petrolimex.com.vn/ndi/minh-bach-xang-dau/uoc-ton-quy-bog-tai-petrolimex-ngay-21-11-2024.html,0.473 tỷ đồng
Ước tồn Quỹ BOG tại Petrolimex ngày 14.11.2024,14.11.2024,https://www.petrolimex.com.vn/ndi/minh-bach-xang-dau/uoc-ton-quy-bog-tai-petrolimex-ngay-14-11-2024.html,0.473 tỷ đồng
Ước tồn Quỹ BOG tại Petrolimex ngày 07.11.2024,07.11.2024,https://www.petrolimex.com.vn/ndi/minh-bach-xang-dau/uoc-ton-quy-bog-tai-petrolimex-ngay-07-11-2024.html,0.473 tỷ đồng
Ước tồn Quỹ BOG tại Petrolimex ngày 31.10.2024,31.10.2024,https://www.petrolimex.com.vn/ndi/minh-bach-xang-dau/uoc-ton-quy-bog-tai-petrolimex-ngay-31-10-2024.html,0.473 tỷ đồng
Ước tồn Quỹ BOG tại Petrolimex ngày 24.10.2024,24.10.2024,https://www.petrolimex.com.vn/ndi/minh-bach-xang-dau/uoc-ton-quy-bog-tai-petrolimex-ngay-17-10-2024-1729754548-144995563.html,0.473 tỷ đồng
Ước tồn Quỹ BOG tại Petrolimex ngày 17.10.2024,17.10.2024,https://www.petrolimex.com.vn/ndi/minh-bach-xang-dau/uoc-ton-quy-bog-tai-petrolimex-ngay-17-10-2024.html,0.473 tỷ đồng
Ước tồn Quỹ BOG tại Petrolimex ngày 10.10.2024,10.10.2024,https://www.petrolimex.com.vn/ndi/minh-bach-xang-dau/uoc-ton-quy-bog-tai-petrolimex-ngay-10-10-2024.html,0.473 tỷ đồng
Ước tồn Quỹ BOG tại Petrolimex ngày 03.10.2024,03.10.2024,https://www.petrolimex.com.vn/ndi/minh-bach-xang-dau/uoc-ton-quy-bog-tai-petrolimex-ngay-03-10-2024.html,0.472 tỷ đồng
Ước tồn Quỹ BOG tại Petrolimex ngày 26.9.2024,26.9.2024,https://www.petrolimex.com.vn/ndi/minh-bach-xang-dau/uoc-ton-quy-bog-tai-petrolimex-ngay-26-9-2024.html,0.472 tỷ đồng
Ước tồn Quỹ BOG tại Petrolimex ngày 19.9.2024,19.9.2024,https://www.petrolimex.com.vn/ndi/minh-bach-xang-dau/uoc-ton-quy-bog-tai-petrolimex-ngay-19-9-2024.html,0.472 tỷ đồng
Ước tồn Quỹ BOG tại Petrolimex ngày 12.9.2024,12.9.2024,https://www.petrolimex.com.vn/ndi/minh-bach-xang-dau/uoc-ton-quy-bog-tai-petrolimex-ngay-12-9-2024.html,0.472 tỷ đồng
Ước tồn Quỹ BOG tại Petrolimex ngày 05.9.2024,05.9.2024,https://www.petrolimex.com.vn/ndi/minh-bach-xang-dau/uoc-ton-quy-bog-tai-petrolimex-ngay-05-9-2024.html,0.472 tỷ đồng
Ước tồn Quỹ BOG tại Petrolimex ngày 29.8.2024,29.8.2024,https://www.petrolimex.com.vn/ndi/minh-bach-xang-dau/uoc-ton-quy-bog-tai-petrolimex-ngay-29-8-2024.html,0.472 tỷ đồng
Ước tồn Quỹ BOG tại Petrolimex ngày 22.8.2024,22.8.2024,https://www.petrolimex.com.vn/ndi/minh-bach-xang-dau/uoc-ton-quy-bog-tai-petrolimex-ngay-22-8-2024.html,0.472 tỷ đồng
Ước tồn Quỹ BOG tại Petrolimex ngày 15.8.2024,15.8.2024,https://www.petrolimex.com.vn/ndi/minh-bach-xang-dau/uoc-ton-quy-bog-tai-petrolimex-ngay-15-8-2024.html,0.472 tỷ đồng
Ước tồn Quỹ BOG tại Petrolimex ngày 08.8.2024,08.8.2024,https://www.petrolimex.com.vn/ndi/minh-bach-xang-dau/uoc-ton-quy-bog-tai-petrolimex-ngay-08-8-2024.html,0.472 tỷ đồng
Ước tồn Quỹ BOG tại Petrolimex ngày 01.8.2024,01.8.2024,https://www.petrolimex.com.vn/ndi/minh-bach-xang-dau/uoc-ton-quy-bog-tai-petrolimex-ngay-01-8-2024.html,0.472 tỷ đồng
Ước tồn Quỹ BOG tại Petrolimex ngày 25.7.2024,25.7.2024,https://www.petrolimex.com.vn/ndi/minh-bach-xang-dau/uoc-ton-quy-bog-tai-petrolimex-ngay-25-7-2024.html,0.472 tỷ đồng
Ước tồn Quỹ BOG tại Petrolimex ngày 18.7.2024,18.7.2024,https://www.petrolimex.com.vn/ndi/minh-bach-xang-dau/uoc-ton-quy-bog-tai-petrolimex-ngay-18-7-2024.html,3.078 tỷ đồng
Ước tồn Quỹ BOG tại Petrolimex ngày 11.7.2024,11.7.2024,https://www.petrolimex.com.vn/ndi/minh-bach-xang-dau/uoc-ton-quy-bog-tai-petrolimex-ngay-11-7-2024.html,3.078 tỷ đồng
Ước tồn Quỹ BOG tại Petrolimex ngày 04.7.2024,04.7.2024,https://www.petrolimex.com.vn/ndi/minh-bach-xang-dau/uoc-ton-quy-bog-tai-petrolimex-ngay-04-7-2024.html,3.078 tỷ đồng
Ước tồn Quỹ BOG tại Petrolimex ngày 27.6.2024,27.6.2024,https://www.petrolimex.com.vn/ndi/minh-bach-xang-dau/uoc-ton-quy-bog-tai-petrolimex-ngay-27-6-2024.html,3.077 tỷ đồng
Ước tồn Quỹ BOG tại Petrolimex ngày 20.6.2024,20.6.2024,https://www.petrolimex.com.vn/ndi/minh-bach-xang-dau/uoc-ton-quy-bog-tai-petrolimex-ngay-20-6-2024.html,3.077 tỷ đồng
Ước tồn Quỹ BOG tại Petrolimex ngày 13.6.2024,13.6.2024,https://www.petrolimex.com.vn/ndi/minh-bach-xang-dau/uoc-ton-quy-bog-tai-petrolimex-ngay-13-6-2024.html,3.077 tỷ đồng
Ước tồn Quỹ BOG tại Petrolimex ngày 06.6.2024,06.6.2024,https://www.petrolimex.com.vn/ndi/minh-bach-xang-dau/uoc-ton-quy-bog-tai-petrolimex-ngay-06-6-2024.html,3.077 tỷ đồng
Ước tồn Quỹ BOG tại Petrolimex ngày 30.5.2024,30.5.2024,https://www.petrolimex.com.vn/ndi/minh-bach-xang-dau/uoc-ton-quy-bog-tai-petrolimex-ngay-30-5-2024.html,3.077 tỷ đồng
Ước tồn Quỹ BOG tại Petrolimex ngày 23.5.2024,23.5.2024,https://www.petrolimex.com.vn/ndi/minh-bach-xang-dau/uoc-ton-quy-bog-tai-petrolimex-ngay-23-5-2024.html,3.077 tỷ đồng
Ước tồn Quỹ BOG tại Petrolimex ngày 16.5.2024,16.5.2024,https://www.petrolimex.com.vn/ndi/minh-bach-xang-dau/uoc-ton-quy-bog-tai-petrolimex-ngay-16-5-2024.html,3.077 tỷ đồng
Ước tồn Quỹ BOG tại Petrolimex ngày 09.5.2024,09.5.2024,https://www.petrolimex.com.vn/ndi/minh-bach-xang-dau/uoc-ton-quy-bog-tai-petrolimex-ngay-09-5-2024.html,3.077 tỷ đồng
Ước tồn Quỹ BOG tại Petrolimex ngày 02.5.2024,02.5.2024,https://www.petrolimex.com.vn/ndi/minh-bach-xang-dau/uoc-ton-quy-bog-tai-petrolimex-ngay-02-5-2024.html,3.077 tỷ đồng
Ước tồn Quỹ BOG tại Petrolimex ngày 25.4.2024,25.4.2024,https://www.petrolimex.com.vn/ndi/minh-bach-xang-dau/uoc-ton-quy-bog-tai-petrolimex-ngay-25-4-2024.html,3.077 tỷ đồng
Ước tồn Quỹ BOG tại Petrolimex ngày 17.4.2024,17.4.2024,https://www.petrolimex.com.vn/ndi/minh-bach-xang-dau/uoc-ton-quy-bog-tai-petrolimex-ngay-11-4-2024.html,3.077 tỷ đồng
Ước tồn Quỹ BOG tại Petrolimex ngày 11.4.2024,11.4.2024,https://www.petrolimex.com.vn/ndi/minh-bach-xang-dau/uoc-ton.html,3.076 tỷ đồng
Ước tồn Quỹ BOG tại Petrolimex ngày 04.04.2024,04.04.2024,https://www.petrolimex.com.vn/ndi/minh-bach-xang-dau/uoc-ton-quy-bog-tai-petrolimex-ngay-04-04-2024.html,3.073 tỷ đồng
Ước tồn Quỹ BOG tại Petrolimex ngày 28.03.2024,28.03.2024,https://www.petrolimex.com.vn/ndi/minh-bach-xang-dau/uoc-ton-quy-bog-tai-petrolimex-ngay-28-03-2024.html,3.072 tỷ đồng
Ước tồn Quỹ BOG tại Petrolimex ngày 21.03.2024,21.03.2024,https://www.petrolimex.com.vn/ndi/minh-bach-xang-dau/uoc-ton-quy-bog-tai-petrolimex-ngay-21-03-2024.html,3.071 tỷ đồng
Ước tồn Quỹ BOG tại Petrolimex ngày 14.03.2024,14.03.2024,https://www.petrolimex.com.vn/ndi/minh-bach-xang-dau/uoc-ton-quy-bog-tai-petrolimex-ngay-14-03-2024.html,3.069 tỷ đồng
Ước tồn Quỹ BOG tại Petrolimex ngày 07.03.2024,07.03.2024,https://www.petrolimex.com.vn/ndi/minh-bach-xang-dau/uoc-ton-quy-bog-tai-petrolimex-ngay-07-03-2024.html,3.067 tỷ đồng
Ước tồn Quỹ BOG tại Petrolimex ngày 29.02.2024,29.02.2024,https://www.petrolimex.com.vn/ndi/minh-bach-xang-dau/uoc-ton-quy-bog-tai-petrolimex-ngay-29-02-2024.html,3.065 tỷ đồng
Ước tồn Quỹ BOG tại Petrolimex ngày 22.02.2024,22.02.2024,https://www.petrolimex.com.vn/ndi/minh-bach-xang-dau/uoc-ton-quy-bog-tai-petrolimex-ngay-22-02-2024.html,3.063 tỷ đồng
Ước tồn Quỹ BOG tại Petrolimex ngày 15.02.2024,15.02.2024,https://www.petrolimex.com.vn/ndi/minh-bach-xang-dau/uoc-ton-quy-bog-tai-petrolimex-ngay-15-02-2024.html,3.062 tỷ đồng
Ước tồn Quỹ BOG tại Petrolimex ngày 08.02.2024,08.02.2024,https://www.petrolimex.com.vn/ndi/minh-bach-xang-dau/uoc-ton-quy-bog-tai-petrolimex-ngay-08-02-2024.html,3.062 tỷ đồng
Ước tồn Quỹ BOG tại Petrolimex ngày 01.02.2024,01.02.2024,https://www.petrolimex.com.vn/ndi/minh-bach-xang-dau/uoc-ton-quy-bog-tai-petrolimex-ngay-01-02-2024.html,3.060 tỷ đồng
Ước tồn Quỹ BOG tại Petrolimex ngày 25.01.2024,25.01.2024,https://www.petrolimex.com.vn/ndi/minh-bach-xang-dau/uoc-ton-quy-bog-tai-petrolimex-ngay-25-01-2024.html,3.058 tỷ đồng
Ước tồn Quỹ BOG tại Petrolimex ngày 18.01.2024,18.01.2024,https://www.petrolimex.com.vn/ndi/minh-bach-xang-dau/uoc-ton-quy-bog-tai-petrolimex-ngay-18-01-2024.html,3.056 tỷ đồng
Ước tồn Quỹ BOG tại Petrolimex ngày 11.01.2024,11.01.2024,https://www.petrolimex.com.vn/ndi/minh-bach-xang-dau/uoc-ton-quy-bog-tai-petrolimex-ngay-11-01-2024.html,3.055 tỷ đồng
Ước tồn Quỹ BOG tại Petrolimex ngày 04.01.2024,04.01.2024,https://www.petrolimex.com.vn/ndi/minh-bach-xang-dau/uoc-ton-quy-bog-tai-petrolimex-ngay-04-01-2024-petrolimex.html,3.053 tỷ đồng
Ước tồn Quỹ BOG tại Petrolimex ngày 28.12.2023,28.12.2023,https://www.petrolimex.com.vn/ndi/minh-bach-xang-dau/uoc-ton-quy-bog-tai-petrolimex-ngay-28-12-2023.html,3.052 tỷ đồng
Ước tồn Quỹ BOG tại Petrolimex ngày 21.12.2023,21.12.2023,https://www.petrolimex.com.vn/ndi/minh-bach-xang-dau/uoc-ton-quy-bog-tai-petrolimex-ngay-21-12-2023.html,3.050 tỷ đồng
Ước tồn Quỹ BOG tại Petrolimex ngày 14.12.2023,14.12.2023,https://www.petrolimex.com.vn/ndi/minh-bach-xang-dau/uoc-ton-quy-bog-tai-petrolimex-ngay-14-12-2023.html,3.048 tỷ đồng
Ước tồn Quỹ BOG tại Petrolimex ngày 07.12.2023,07.12.2023,https://www.petrolimex.com.vn/ndi/minh-bach-xang-dau/van-ban-so-8746-bct-tttn-ngay-07-12-2023-ve-dieu-hanh-kinh-doanh-xang-dau.html,3.048 tỷ đồng
Ước tồn Quỹ BOG tại Petrolimex ngày 30.11.2023,30.11.2023,https://www.petrolimex.com.vn/ndi/minh-bach-xang-dau/uoc-ton-quy-bog-tai-petrolimex-ngay-30-11-2023.html,3.048 tỷ đồng
Ước tồn Quỹ BOG tại Petrolimex ngày 23.11.2023,23.11.2023,https://www.petrolimex.com.vn/ndi/minh-bach-xang-dau/uoc-ton-quy-bog-tai-petrolimex-ngay-23-11-2023.html,3.048 tỷ đồng
Ước tồn Quỹ BOG tại Petrolimex ngày 13.11.2023,13.11.2023,https://www.petrolimex.com.vn/ndi/minh-bach-xang-dau/uoc-ton-quy-bog-tai-petrolimex-ngay-13-11-2023.html,3.048 tỷ đồng
Ước tồn Quỹ BOG tại Petrolimex ngày 01.11.2023,01.11.2023,https://www.petrolimex.com.vn/ndi/minh-bach-xang-dau/uoc-ton-quy-bog-tai-petrolimex-ngay-01-11-2023.html,3.048 tỷ đồng
Ước tồn Quỹ BOG tại Petrolimex ngày 23.10.2023,23.10.2023,https://www.petrolimex.com.vn/ndi/minh-bach-xang-dau/uoc-ton-quy-bog-tai-petrolimex-ngay-23-10-2023.html,3.048 tỷ đồng
Ước tồn Quỹ BOG tại Petrolimex ngày 11.10.2023,11.10.2023,https://www.petrolimex.com.vn/ndi/minh-bach-xang-dau/uoc-ton-quy-bog-tai-petrolimex-ngay-11-10-2023.html,3.050 tỷ đồng
Ước tồn Quỹ BOG tại Petrolimex ngày 02.10.2023,02.10.2023,https://www.petrolimex.com.vn/ndi/minh-bach-xang-dau/uoc-ton-quy-bog-tai-petrolimex-ngay-02-10-2023.html,3.074 tỷ đồng
Ước tồn Quỹ BOG tại Petrolimex ngày 21.9.2023,21.9.2023,https://www.petrolimex.com.vn/ndi/minh-bach-xang-dau/uoc-ton-quy-bog-tai-petrolimex-ngay-2192023.html,3.154 tỷ đồng
Ước tồn Quỹ BOG tại Petrolimex ngày 11.9.2023,11.9.2023,https://www.petrolimex.com.vn/ndi/minh-bach-xang-dau/uoc-ton-quy-bog-tai-petrolimex-ngay-11-9-2023.html,3.156 tỷ đồng
Ước tồn Quỹ BOG tại Petrolimex ngày 05.9.2023,05.9.2023,https://www.petrolimex.com.vn/ndi/minh-bach-xang-dau/uoc-ton-quy-bog-tai-petrolimex-ngay-5-9-2023.html,3.156 tỷ đồng
Ước tồn Quỹ BOG tại Petrolimex ngày 21.8.2023,21.8.2023,https://www.petrolimex.com.vn/ndi/minh-bach-xang-dau/uoc-ton-quy-bog-tai-petrolimex-ngay-21-8-2023.html,3.156 tỷ đồng
Ước tồn Quỹ BOG tại Petrolimex ngày 11.8.2023,11.8.2023,https://www.petrolimex.com.vn/ndi/minh-bach-xang-dau/uoc-ton-quy-bog-tai-petrolimex-ngay-11-8-2023.html,dương (+) 3.167 tỷ đồng
Ước tồn Quỹ BOG tại Petrolimex ngày 01.8.2023,01.8.2023,https://www.petrolimex.com.vn/ndi/minh-bach-xang-dau/uoc-ton-quy-bog-tai-petrolimex-ngay-01-8-2023.html,dương (+) 3.207 tỷ đồng
Ước tồn Quỹ BOG tại Petrolimex ngày 21.7.2023,21.7.2023,https://www.petrolimex.com.vn/ndi/minh-bach-xang-dau/uoc-ton-quy-bog-tai-petrolimex-ngay-21-7-2023.html,dương (+) 3.206 tỷ đồng
Ước tồn Quỹ BOG tại Petrolimex ngày 11.7.2023,11.7.2023,https://www.petrolimex.com.vn/ndi/minh-bach-xang-dau/uoc-ton-quy-bog-tai-petrolimex-ngay-11-7-2023.html,dương (+) 3.206 tỷ đồng
Ước tồn Quỹ BOG tại Petrolimex ngày 03.7.2023,03.7.2023,https://www.petrolimex.com.vn/ndi/minh-bach-xang-dau/uoc-ton-quy-bog-tai-petrolimex-ngay-3-7-2023.html,dương (+) 3.205 tỷ đồng
Ước tồn Quỹ BOG tại Petrolimex ngày 21.6.2023,21.6.2023,https://www.petrolimex.com.vn/ndi/minh-bach-xang-dau/uoc-ton-quy-bog-tai-petrolimex-ngay-21-6-2023.html,dương (+) 3.164 tỷ đồng
Ước tồn Quỹ BOG tại Petrolimex ngày 12.6.2023,12.6.2023,https://www.petrolimex.com.vn/ndi/minh-bach-xang-dau/uoc-ton-quy-bog-tai-petrolimex-ngay-12-6-2023.html,dương (+) 3.109 tỷ đồng
Ước tồn Quỹ BOG tại Petrolimex ngày 01.6.2023,01.6.2023,https://www.petrolimex.com.vn/ndi/minh-bach-xang-dau/uoc-ton-quy-bog-tai-petrolimex-ngay-01-6-2023.html,dương (+) 3.005 tỷ đồng
Ước tồn Quỹ BOG tại Petrolimex ngày 22.5.2023,22.5.2023,https://www.petrolimex.com.vn/ndi/minh-bach-xang-dau/uoc-ton-quy-bog-tai-petrolimex-ngay-22-5-2023.html,dương (+) 2.908 tỷ đồng
Ước tồn Quỹ BOG tại Petrolimex ngày 11.5.2023,11.5.2023,https://www.petrolimex.com.vn/ndi/minh-bach-xang-dau/uoc-ton-quy-bog-tai-petrolimex-ngay-11-5-2023.html,dương (+) 2.810 tỷ đồng
Ước tồn Quỹ BOG tại Petrolimex ngày 4.5.2023,4.5.2023,https://www.petrolimex.com.vn/ndi/minh-bach-xang-dau/uoc-ton-quy-bog-tai-petrolimex-ngay-4-5-2023.html,dương (+) 2.738 tỷ đồng
Ước tồn Quỹ BOG tại Petrolimex ngày 21.4.2023,21.4.2023,https://www.petrolimex.com.vn/ndi/minh-bach-xang-dau/uoc-ton-quy-bog-tai-petrolimex-ngay-21-4-2023.html,dương (+) 2.633 tỷ đồng
Ước tồn Quỹ BOG tại Petrolimex ngày 11.4.2023,11.4.2023,https://www.petrolimex.com.vn/ndi/minh-bach-xang-dau/uoc-ton-quy-bog-tai-petrolimex-ngay-11-4-2023.html,dương (+) 2.555 tỷ đồng
Ước tồn Quỹ BOG tại Petrolimex ngày 03.4.2023,03.4.2023,https://www.petrolimex.com.vn/ndi/minh-bach-xang-dau/uoc-ton-quy-bog-tai-petrolimex-ngay-03-4-2023.html,dương (+) 2.470 tỷ đồng
Ước tồn Quỹ BOG tại Petrolimex ngày 21.3.2023,21.3.2023,https://www.petrolimex.com.vn/ndi/minh-bach-xang-dau/uoc-ton-quy-bog-tai-petrolimex-ngay-21-03-2023.html,dương (+) 2.367 tỷ đồng
Ước tồn Quỹ BOG tại Petrolimex ngày 13.03.2023,13.03.2023,https://www.petrolimex.com.vn/ndi/minh-bach-xang-dau/uoc-ton-quy-bog-tai-petrolimex-ngay-13-03-2023.html,dương (+) 2.290 tỷ đồng
Ước tồn Quỹ BOG tại Petrolimex ngày 01.03.2023,01.03.2023,https://www.petrolimex.com.vn/ndi/minh-bach-xang-dau/uoc-ton-quy-bog-tai-petrolimex-ngay-01-03-2023.html,dương (+) 2.164 tỷ đồng
Ước tồn Quỹ BOG tại Petrolimex ngày 21.02.2023,21.02.2023,https://www.petrolimex.com.vn/ndi/minh-bach-xang-dau/uoc-ton-quy-bog-tai-petrolimex-ngay-13-02-2023-1676965232-1365682909.html,dương (+) 2.118 tỷ đồng
Ước tồn Quỹ BOG tại Petrolimex ngày 13.02.2023,13.02.2023,https://www.petrolimex.com.vn/ndi/minh-bach-xang-dau/uoc-ton-quy-bog-tai-petrolimex-ngay-13-02-2023.html,dương (+) 2.051 tỷ đồng
Ước tồn Quỹ BOG tại Petrolimex ngày 30.01.2023,30.01.2023,https://www.petrolimex.com.vn/ndi/minh-bach-xang-dau/uoc-ton-quy-bog-tai-petrolimex-ngay-30-01-2023.html,dương (+) 2.167 tỷ đồng
Ước tồn Quỹ BOG tại Petrolimex ngày 11.01.2023,11.01.2023,https://www.petrolimex.com.vn/ndi/minh-bach-xang-dau/uoc-ton-quy-bog-tai-petrolimex-ngay-11-01-2023.html,dương (+) 2.070 tỷ đồng
Ước tồn Quỹ BOG tại Petrolimex ngày 03.01.2023,03.01.2023,https://www.petrolimex.com.vn/ndi/minh-bach-xang-dau/uoc-ton-quy-bog-tai-petrolimex-ngay-03-01-2023.html,dương (+) 2.021 tỷ đồng
Ước tồn Quỹ BOG tại Petrolimex ngày 01.01.2023,01.01.2023,https://www.petrolimex.com.vn/ndi/minh-bach-xang-dau/uoc-ton-quy-bog-tai-petrolimex-ngay-01-01-2023.html,dương (+) 1.989 tỷ đồng
Ước tồn Quỹ BOG tại Petrolimex ngày 21.12.2022,21.12.2022,https://www.petrolimex.com.vn/ndi/minh-bach-xang-dau/uoc-ton-quy-bog-tai-petrolimex-ngay-21-12-2022.html,dương (+) 1.766 tỷ đồng
Ước tồn Quỹ BOG tại Petrolimex ngày 12.12.2022,12.12.2022,https://www.petrolimex.com.vn/ndi/minh-bach-xang-dau/uoc-ton-quy-bog-tai-petrolimex-ngay-12-12-2022.html,dương (+) 1.587 tỷ đồng
Ước tồn Quỹ BOG tại Petrolimex ngày 01.12.2022,01.12.2022,https://www.petrolimex.com.vn/ndi/minh-bach-xang-dau/uoc-ton-quy-bog-tai-petrolimex-ngay-01-12-2022.html,dương (+) 1.414 tỷ đồng
Ước tồn Quỹ BOG tại Petrolimex ngày 21.11.2022,21.11.2022,https://www.petrolimex.com.vn/ndi/minh-bach-xang-dau/uoc-ton-quy-bog-tai-petrolimex-ngay-21-11-2022.html,dương (+) 1.344 tỷ đồng
Ước tồn Quỹ BOG tại Petrolimex ngày 11.11.2022,11.11.2022,https://www.petrolimex.com.vn/ndi/minh-bach-xang-dau/uoc-ton-quy-bog-tai-petrolimex-ngay-11-11-2022.html,dương  (+) 1.308 tỷ đồng
Ước tồn Quỹ BOG tại Petrolimex ngày 01.11.2022,01.11.2022,https://www.petrolimex.com.vn/ndi/minh-bach-xang-dau/uoc-ton-quy-bog-tai-petrolimex-ngay-01-11-2022.html,dương (+) 1.265 tỷ đồng
Ước tồn Quỹ BOG tại Petrolimex ngày 21.10.2022,21.10.2022,https://www.petrolimex.com.vn/ndi/minh-bach-xang-dau/uoc-ton-quy-bog-tai-petrolimex-ngay-21-10-2022.html,dương (+) 1.197 tỷ đồng
Ước tồn Quỹ BOG tại Petrolimex ngày 11.10.2022,11.10.2022,https://www.petrolimex.com.vn/ndi/minh-bach-xang-dau/uoc-ton-quy-bog-tai-petrolimex-ngay-11-10-2022.html,dương (+) 1.150 tỷ đồng
Ước tồn Quỹ BOG tại Petrolimex ngày 03.10.2022,03.10.2022,https://www.petrolimex.com.vn/ndi/minh-bach-xang-dau/uoc-ton-quy-bog-tai-petrolimex-ngay-03-10-2022.html,dương (+) 1.040 tỷ đồng
Ước tồn Quỹ BOG tại Petrolimex ngày 21.9.2022,21.9.2022,https://www.petrolimex.com.vn/ndi/minh-bach-xang-dau/uoc-ton-quy-bog-tai-petrolimex-ngay-21-9-2022.html,dương (+) 917 tỷ đồng
Ước tồn Quỹ BOG tại Petrolimex ngày 12.9.2022,12.9.2022,https://www.petrolimex.com.vn/ndi/minh-bach-xang-dau/uoc-ton-quy-bog-tai-petrolimex-ngay-12-9-2022.html,dương (840) tỷ đồng
Ước tồn Quỹ BOG tại Petrolimex ngày 05.9.2022,05.9.2022,https://www.petrolimex.com.vn/ndi/minh-bach-xang-dau/uoc-ton-quy-bog-tai-petrolimex-ngay-05-9-2022.html,dương (802) tỷ đồng
Ước tồn Quỹ BOG tại Petrolimex ngày 22.8.2022,22.8.2022,https://www.petrolimex.com.vn/ndi/minh-bach-xang-dau/uoc-ton-quy-bog-tai-petrolimex-ngay-22-8-2022.html,dương (644) tỷ đồng
Ước tồn Quỹ BOG tại Petrolimex ngày 11.8.2022,11.8.2022,https://www.petrolimex.com.vn/ndi/minh-bach-xang-dau/uoc-ton-quy-bog-tai-petrolimex-ngay-11-8-2022.html,dương (473) tỷ đồng
Ước tồn Quỹ BOG tại Petrolimex ngày 01.8.2022,01.8.2022,https://www.petrolimex.com.vn/ndi/minh-bach-xang-dau/uoc-ton-quy-bog-tai-petrolimex-ngay-01-8-2022.html,dương (305) tỷ đồng
Ước tồn Quỹ BOG tại Petrolimex ngày 21.7.2022,21.7.2022,https://www.petrolimex.com.vn/ndi/minh-bach-xang-dau/uoc-ton-quy-bog-tai-petrolimex-ngay-21-7-2022.html,"dương (53,3) tỷ đồng"
Ước tồn Quỹ BOG tại Petrolimex ngày 11.7.2022,11.7.2022,https://www.petrolimex.com.vn/ndi/minh-bach-xang-dau/uoc-ton-quy-bog-tai-petrolimex-ngay-11-7-2022.html,âm (-140) tỷ đồng
Ước tồn Quỹ BOG tại Petrolimex ngày 01.7.2022,01.7.2022,https://www.petrolimex.com.vn/ndi/minh-bach-xang-dau/uoc-ton-quy-bog-tai-petrolimex-ngay-01-7-2022.html,"âm (-148,5) tỷ đồng"
Ước tồn Quỹ BOG tại Petrolimex ngày 21.6.2022,21.6.2022,https://www.petrolimex.com.vn/ndi/minh-bach-xang-dau/uoc-ton-quy-bog-tai-petrolimex-ngay-21-6-2022.html,âm (-98) tỷ đồng
Ước tồn Quỹ BOG tại Petrolimex ngày 13.6.2022,13.6.2022,https://www.petrolimex.com.vn/ndi/minh-bach-xang-dau/uoc-ton-quy-bog-tai-petrolimex-ngay-13-6-2022.html,âm (- 49) tỷ đồng
Ước tồn Quỹ BOG tại Petrolimex ngày 01.6.2022,01.6.2022,https://www.petrolimex.com.vn/ndi/minh-bach-xang-dau/uoc-ton-quy-bog-tai-petrolimex-ngay-01-6-2022.html,âm (-5) tỷ đồng
Ước tồn Quỹ BOG tại Petrolimex ngày 23.5.2022,23.5.2022,https://www.petrolimex.com.vn/ndi/minh-bach-xang-dau/uoc-ton-quy-bog-tai-petrolimex-ngay-23-5-2022.html,âm (- 15) tỷ đồng
Ước tồn Quỹ BOG tại Petrolimex ngày 11.5.2022,11.5.2022,https://www.petrolimex.com.vn/ndi/minh-bach-xang-dau/uoc-ton-quy-bog-tai-petrolimex-ngay-11-5-2022.html,âm (- 53) tỷ đồng
Ước tồn Quỹ BOG tại Petrolimex ngày 04.5.2022,04.5.2022,https://www.petrolimex.com.vn/ndi/minh-bach-xang-dau/uoc-ton-quy-bog-tai-petrolimex-ngay-04-5-2022.html,âm (-108 ) tỷ đồng
Ước tồn Quỹ BOG tại Petrolimex ngày 21.4.2022,21.4.2022,https://www.petrolimex.com.vn/ndi/minh-bach-xang-dau/uoc-ton-quy-bog-tai-petrolimex-ngay-21-4-2022.html,âm (-222 ) tỷ đồng
Ước tồn Quỹ BOG tại Petrolimex ngày 12.4.2022,12.4.2022,https://www.petrolimex.com.vn/ndi/minh-bach-xang-dau/uoc-ton-quy-bog-tai-petrolimex-ngay-12-4-2022.html,âm (-382 ) tỷ đồng
Ước tồn Quỹ BOG tại Petrolimex ngày 01.04.2022,01.04.2022,https://www.petrolimex.com.vn/ndi/minh-bach-xang-dau/uoc-ton-quy-bog-tai-petrolimex-ngay-01-04-2022.html,âm (-434) tỷ đồng
Ước tồn Quỹ BOG tại Petrolimex ngày 21.03.2022,21.03.2022,https://www.petrolimex.com.vn/ndi/minh-bach-xang-dau/uoc-ton-quy-bog-tai-petrolimex-ngay-21-03-2022.html,âm (-470) tỷ đồng
Ước tồn Quỹ BOG tại Petrolimex ngày 11.3.2022,11.3.2022,https://www.petrolimex.com.vn/ndi/minh-bach-xang-dau/uoc-ton-quy-bog-tai-petrolimex-ngay-11-3-2022.html,âm (-250) tỷ đồng
Ước tồn Quỹ BOG tại Petrolimex ngày 01.3.2022,01.3.2022,https://www.petrolimex.com.vn/ndi/minh-bach-xang-dau/uoc-ton-quy-bog-tai-petrolimex-ngay-21-02-2022-1646119579.html,âm (-158 ) tỷ đồng
Ước tồn Quỹ BOG tại Petrolimex ngày 21.02.2022,21.02.2022,https://www.petrolimex.com.vn/ndi/minh-bach-xang-dau/uoc-ton-quy-bog-tai-petrolimex-ngay-21-02-2022.html,âm (-110) tỷ đồng
Ước tồn Quỹ BOG tại Petrolimex ngày 11.02.2022,11.02.2022,https://www.petrolimex.com.vn/ndi/minh-bach-xang-dau/uoc-ton-quy-bog-tai-petrolimex-ngay-11-02-2022.html,âm (-55) tỷ đồng
Ước tồn Quỹ BOG tại Petrolimex ngày 21.01.2022,21.01.2022,https://www.petrolimex.com.vn/ndi/minh-bach-xang-dau/uoc-ton-quy-bog-tai-petrolimex-ngay-21-01-2022.html,âm (-18) tỷ đồng
Ước tồn Quỹ BOG tại Petrolimex ngày 11.01.2022,11.01.2022,https://www.petrolimex.com.vn/ndi/minh-bach-xang-dau/uoc-ton-quy-bog-tai-petrolimex-ngay-11-01-2022.html,âm (-95) tỷ đồng
Ước tồn Quỹ BOG tại Petrolimex ngày 25.12.2021,25.12.2021,https://www.petrolimex.com.vn/ndi/minh-bach-xang-dau/uoc-ton-quy-bog-tai-petrolimex-ngay-25-12-2021.html,âm (-269) tỷ đồng
Ước tồn Quỹ BOG tại Petrolimex ngày 10.12.2021,10.12.2021,https://www.petrolimex.com.vn/ndi/minh-bach-xang-dau/uoc-ton-quy-bog-tai-petrolimex-ngay-10-12-2021.html,âm (-400) tỷ đồng
Ước tồn Quỹ BOG tại Petrolimex ngày 25.11.2021,25.11.2021,https://www.petrolimex.com.vn/ndi/minh-bach-xang-dau/uoc-ton-quy-bog-tai-petrolimex-ngay-25-11-2021.html,âm (-440) tỷ đồng
Ước tồn Quỹ BOG tại Petrolimex ngày 10.11.2021,10.11.2021,https://www.petrolimex.com.vn/ndi/minh-bach-xang-dau/uoc-ton-quy-bog-tai-petrolimex-ngay-10-11-2021.html,âm (-355) tỷ đồng
Ước tồn Quỹ BOG tại Petrolimex ngày 26.10.2021,26.10.2021,https://www.petrolimex.com.vn/ndi/minh-bach-xang-dau/uoc-ton-quy-bog-tai-petrolimex-ngay-26-10-2021.html,âm (-262) tỷ đồng
Ước tồn Quỹ BOG tại Petrolimex ngày 11.10.2021,11.10.2021,https://www.petrolimex.com.vn/ndi/minh-bach-xang-dau/uoc-ton-quy-bog-tai-petrolimex-ngay-11-10-2021.html,âm (-190) tỷ đồng
Ước tồn Quỹ BOG tại Petrolimex ngày 25.9.2021,25.9.2021,https://www.petrolimex.com.vn/ndi/minh-bach-xang-dau/uoc-ton-quy-bog-tai-petrolimex-ngay-25-9-2021.html,"âm (-193,5) tỷ đồng"
Ước tồn Quỹ BOG tại Petrolimex ngày 10.9.2021,10.9.2021,https://www.petrolimex.com.vn/ndi/minh-bach-xang-dau/uoc-ton-quy-bog-tai-petrolimex-ngay-10-9-2021.html,âm (-) 197 tỷ đồng
Ước tồn Quỹ BOG tại Petrolimex ngày 26.8.2021,26.8.2021,https://www.petrolimex.com.vn/ndi/minh-bach-xang-dau/uoc-ton-quy-bog-tai-petrolimex-ngay-26-8-2021.html,âm (-) 216  tỷ đồng
Ước tồn Quỹ BOG tại Petrolimex ngày 11.8.2021,11.8.2021,https://www.petrolimex.com.vn/ndi/minh-bach-xang-dau/uoc-ton-quy-bog-tai-petrolimex-ngay-11-8-2021.html,âm (-) 145 tỷ đồng
Ước tồn Quỹ BOG tại Petrolimex ngày 27.7.2021,27.7.2021,https://www.petrolimex.com.vn/ndi/minh-bach-xang-dau/uoc-ton-quy-bog-tai-petrolimex-ngay-27-7-2021.html,âm (-) 90 tỷ đồng
Ước tồn Quỹ BOG tại Petrolimex ngày 12.7.2021,12.7.2021,https://www.petrolimex.com.vn/ndi/minh-bach-xang-dau/uoc-ton-quy-bog-tai-petrolimex-ngay-12-7-2021.html,âm (-) 54 tỷ đồng
Ước tồn Quỹ BOG tại Petrolimex ngày 26.6.2021,26.6.2021,https://www.petrolimex.com.vn/ndi/minh-bach-xang-dau/uoc-ton-quy-bog-tai-petrolimex-ngay-26-6-2021.html,115 tỷ đồng
Ước tồn Quỹ BOG tại Petrolimex ngày 11.6.2021,11.6.2021,https://www.petrolimex.com.vn/ndi/minh-bach-xang-dau/uoc-ton-quy-bog-tai-petrolimex-ngay-11-6-2021.html,370 tỷ đồng
Ước tồn Quỹ BOG tại Petrolimex ngày 27.5.2021,27.5.2021,https://www.petrolimex.com.vn/ndi/minh-bach-xang-dau/uoc-ton-quy-bog-tai-petrolimex-ngay-27-5-2021.html,710 tỷ đồng
Ước tồn Quỹ BOG tại Petrolimex ngày 12.5.2021,12.5.2021,https://www.petrolimex.com.vn/ndi/minh-bach-xang-dau/uoc-ton-quy-bog-tai-petrolimex-ngay-12-05-2021.html,1.000tỷ đồng
Ước tồn Quỹ BOG tại Petrolimex ngày 27.04.2021,27.04.2021,https://www.petrolimex.com.vn/ndi/minh-bach-xang-dau/minh-bach-xang-dau-uoc-ton-quy-bog-tai-petrolimex-ngay-27-04-2021.html,1.400tỷ đồng
Ước tồn Quỹ BOG tại Petrolimex ngày 12.04.2021,12.04.2021,https://www.petrolimex.com.vn/ndi/minh-bach-xang-dau/minh-bach-xang-dau-uoc-ton-quy-bog-tai-petrolimex-ngay-12-04-2021.html,1.730 tỷ đồng
Ước tồn Quỹ BOG tại Petrolimex ngày 27.03.2021,27.03.2021,https://www.petrolimex.com.vn/ndi/minh-bach-xang-dau/minh-bach-xang-dau-uoc-ton-quy-bog-tai-petrolimex-ngay-27-03-2021.html,2.100 tỷ đồng
Ước tồn Quỹ BOG tại Petrolimex ngày 12.03.2021,12.03.2021,https://www.petrolimex.com.vn/ndi/minh-bach-xang-dau/minh-bach-xang-dau-uoc-ton-quy-bog-tai-petrolimex-ngay-12-03-2021.html,2.400 tỷ đồng
Ước tồn Quỹ BOG tại Petrolimex ngày 25.02.2021,25.02.2021,https://www.petrolimex.com.vn/ndi/minh-bach-xang-dau/minh-bach-xang-dau-uoc-ton-quy-bog-tai-petrolimex-ngay-25-02-2021.html,2.900tỷ đồng
Ước tồn Quỹ BOG tại Petrolimex ngày 10.02.2021,10.02.2021,https://www.petrolimex.com.vn/ndi/minh-bach-xang-dau/uoc-ton-quy-bog-tai-petrolimex-ngay-10-02-2021.html,3.220tỷ đồng
Ước tồn Quỹ BOG tại Petrolimex ngày 26.01.2021,26.01.2021,https://www.petrolimex.com.vn/ndi/minh-bach-xang-dau/minh-bach-xang-dau-uoc-ton-quy-bog-tai-petrolimex-ngay-26-01-2021.html,3.420tỷ đồng
Ước tồn Quỹ BOG tại Petrolimex ngày 11.01.2021,11.01.2021,https://www.petrolimex.com.vn/ndi/minh-bach-xang-dau/minh-bach-xang-dau-uoc-ton-quy-bog-tai-petrolimex-ngay-11-01-2021.html,3.550tỷ đồng
Ước tồn Quỹ BOG tại Petrolimex ngày 26.12.2020,26.12.2020,https://www.petrolimex.com.vn/ndi/minh-bach-xang-dau/uoc-ton-quy-bog-tai-petrolimex-ngay-26-12-2020.html,3.722tỷ đồng
Ước tồn Quỹ BOG tại Petrolimex ngày 11.12.2020,11.12.2020,https://www.petrolimex.com.vn/ndi/minh-bach-xang-dau/minh-bach-xang-dau-uoc-ton-quy-bog-tai-petrolimex-ngay-11-12-2020.html,3.850 tỷ đồng
Ước tồn Quỹ BOG tại Petrolimex ngày 26.11.2020,26.11.2020,https://www.petrolimex.com.vn/ndi/minh-bach-xang-dau/minh-bach-xang-dau-uoc-ton-quy-bog-tai-petrolimex-ngay-26-11-2020.html,3.973tỷ đồng
Ước tồn Quỹ BOG tại Petrolimex ngày 11.11.2020,11.11.2020,https://www.petrolimex.com.vn/ndi/minh-bach-xang-dau/uoc-ton-quy-bog-tai-petrolimex-ngay-11-11-2020.html,4.000tỷ đồng
Ước tồn Quỹ BOG tại Petrolimex ngày 27.10.2020,27.10.2020,https://www.petrolimex.com.vn/ndi/minh-bach-xang-dau/uoc-ton-quy-bog-tai-petrolimex-ngay-27-10-2020.html,4.050tỷ đồng
Ước tồn Quỹ BOG tại Petrolimex ngày 12.10.2020,12.10.2020,https://www.petrolimex.com.vn/ndi/minh-bach-xang-dau/minh-bach-xang-dau-uoc-ton-quy-bog-tai-petrolimex-ngay-12-10-2020.html,4.130tỷ đồng
Ước tồn Quỹ BOG tại Petrolimex ngày 26.9.2020,26.9.2020,https://www.petrolimex.com.vn/ndi/minh-bach-xang-dau/uoc-ton-quy-bog-tai-petrolimex-ngay-26-9-2020.html,4.210 tỷ đồng
Ước tồn Quỹ BOG tại Petrolimex ngày 11.9.2020,11.9.2020,https://www.petrolimex.com.vn/ndi/minh-bach-xang-dau/uoc-ton-quy-bog-tai-petrolimex-ngay-11-9-2020.html,4.290 tỷ đồng
Ước tồn Quỹ BOG tại Petrolimex ngày 27.8.2020,27.8.2020,https://www.petrolimex.com.vn/ndi/minh-bach-xang-dau/minh-bach-xang-dau-uoc-ton-quy-bog-tai-petrolimex-ngay-27-8-2020.html,4.370 tỷ đồng
Ước tồn Quỹ BOG tại Petrolimex ngày 12.8.2020,12.8.2020,https://www.petrolimex.com.vn/ndi/minh-bach-xang-dau/minh-bach-xang-dau-uoc-ton-quy-bog-tai-petrolimex-ngay-12-8-2020.html,4.375 tỷ đồng
Ước tồn Quỹ BOG tại Petrolimex ngày 28.7.2020,28.7.2020,https://www.petrolimex.com.vn/ndi/minh-bach-xang-dau/minh-bach-xang-dau-uoc-ton-quy-bog-tai-petrolimex-ngay-28-7-2020.html,4.350 tỷ đồng
Ước tồn Quỹ BOG tại Petrolimex ngày 13.7.2020,13.7.2020,https://www.petrolimex.com.vn/ndi/minh-bach-xang-dau/uoc-ton-quy-bog-tai-petrolimex-ngay-13-7-2020.html,4.400 tỷ đồng
Ước tồn Quỹ BOG tại Petrolimex ngày 27.6.2020,27.6.2020,https://www.petrolimex.com.vn/ndi/minh-bach-xang-dau/uoc-ton-quy-bog-tai-petrolimex-ngay-27-6-2020.html,4.410tỷđồng
Ước tồn Quỹ BOG tại Petrolimex ngày 12.6.2020,12.6.2020,https://www.petrolimex.com.vn/ndi/minh-bach-xang-dau/minh-bach-xang-dau-uoc-ton-quy-bog-tai-petrolimex-ngay-12-6-2020.html,4.310tỷđồng
Ước tồn Quỹ BOG tại Petrolimex ngày 28.5.2020,28.5.2020,https://www.petrolimex.com.vn/ndi/minh-bach-xang-dau/minh-bach-xang-dau-uoc-ton-quy-bog-tai-petrolimex-ngay-28-5-2020.html,4.100tỷđồng
Ước tồn Quỹ BOG tại Petrolimex ngày 13.5.2020,13.5.2020,https://www.petrolimex.com.vn/ndi/minh-bach-xang-dau/minh-bach-xang-dau-uoc-ton-quy-bog-tai-petrolimex-ngay-13-05-2020.html,3.650tỷđồng
Ước tồn Quỹ BOG tại Petrolimex ngày 28.04.2020,28.04.2020,https://www.petrolimex.com.vn/ndi/minh-bach-xang-dau/minh-bach-xang-dau-uoc-ton-quy-bog-tai-petrolimex-ngay-28-04-2020.html,2.900tỷđồng
Ước tồn Quỹ BOG tại Petrolimex ngày 13.04.2020,13.04.2020,https://www.petrolimex.com.vn/ndi/minh-bach-xang-dau/minh-bach-xang-dau-uoc-ton-quy-bog-tai-petrolimex-ngay-13-04-2020.html,2.545tỷđồng
Ước tồn Quỹ BOG tại Petrolimex ngày 29.3.2020,29.3.2020,https://www.petrolimex.com.vn/ndi/minh-bach-xang-dau/minh-bach-xang-dau-uoc-ton-quy-bog-tai-petrolimex-ngay-29-3-2020.html,2.245tỷđồng
Ước tồn Quỹ BOG tại Petrolimex ngày 15.3.2020,15.3.2020,https://www.petrolimex.com.vn/ndi/minh-bach-xang-dau/uoc-ton-quy-bog-tai-petrolimex-ngay-15-3-2020.html,2.000tỷđồng
Ước tồn Quỹ BOG tại Petrolimex ngày 29.02.2020,29.02.2020,https://www.petrolimex.com.vn/ndi/minh-bach-xang-dau/uoc-ton-quy-bog-tai-petrolimex-ngay-29-02-2020.html,1.810tỷđồng
Ước tồn Quỹ BOG tại Petrolimex ngày 14.02.2020,14.02.2020,https://www.petrolimex.com.vn/ndi/minh-bach-xang-dau/minh-bach-xang-dau-uoc-ton-quy-bog-tai-petrolimex-ngay-14-02-2020.html,1.630tỷđồng
Ước tồn Quỹ BOG tại Petrolimex ngày 30.01.2020,30.01.2020,https://www.petrolimex.com.vn/ndi/minh-bach-xang-dau/minh-bach-xang-dau-uoc-ton-quy-bog-tai-petrolimex-ngay-30-01-2020.html,1.500tỷđồng
Ước tồn Quỹ BOG tại Petrolimex ngày 15.01.2020,15.01.2020,https://www.petrolimex.com.vn/ndi/minh-bach-xang-dau/minh-bach-xang-dau-uoc-ton-quy-bog-tai-petrolimex-ngay-15-01-2020.html,1.462tỷđồng
Ước tồn Quỹ BOG tại Petrolimex ngày 31.12.2019,31.12.2019,https://www.petrolimex.com.vn/ndi/minh-bach-xang-dau/minh-bach-xang-dau-uoc-ton-quy-bog-tai-petrolimex-ngay-31-12-2019.html,1.430tỷđồng
Ước tồn Quỹ BOG tại Petrolimex ngày 16.12.2019,16.12.2019,https://www.petrolimex.com.vn/ndi/minh-bach-xang-dau/minh-bach-xang-dau-uoc-ton-quy-bog-tai-petrolimex-ngay-16-12-2019.html,1.340tỷđồng
Ước tồn Quỹ BOG tại Petrolimex ngày 30.11.2019,30.11.2019,https://www.petrolimex.com.vn/ndi/minh-bach-xang-dau/minh-bach-xang-dau-uoc-ton-quy-bog-tai-petrolimex-ngay-30-11-2019.html,1.280tỷđồng
Ước tồn Quỹ BOG tại Petrolimex ngày 15.11.2019,15.11.2019,https://www.petrolimex.com.vn/ndi/minh-bach-xang-dau/uoc-ton-quy-bog-tai-petrolimex-ngay-15-11-2019.html,1.259 tỷđồng
Ước tồn Quỹ BOG tại Petrolimex ngày 31.10.2019,31.10.2019,https://www.petrolimex.com.vn/ndi/minh-bach-xang-dau/uoc-ton-quy-bog-tai-petrolimex-ngay-31-10-2019.html,1.185 tỷđồng
Ước tồn Quỹ BOG tại Petrolimex ngày 16.10.2019,16.10.2019,https://www.petrolimex.com.vn/ndi/minh-bach-xang-dau/minh-bach-xang-dau-uoc-ton-quy-bog-tai-petrolimex-ngay-16-10-2019.html,1.090 tỷđồng
Ước tồn Quỹ BOG tại Petrolimex ngày 01.10.2019,01.10.2019,https://www.petrolimex.com.vn/ndi/minh-bach-xang-dau/uoc-ton-quy-bog-tai-petrolimex-ngay-01-10-2019.html,1.121 tỷđồng
Ước tồn Quỹ BOG tại Petrolimex ngày 16.9.2019,16.9.2019,https://www.petrolimex.com.vn/ndi/minh-bach-xang-dau/uoc-ton-quy-bog-tai-petrolimex-ngay-16-9-2019.html,970 tỷđồng
Ước tồn Quỹ BOG tại Petrolimex ngày 31.8.2019,31.8.2019,https://www.petrolimex.com.vn/ndi/minh-bach-xang-dau/uoc-ton-quy-bog-tai-petrolimex-ngay-31-8-2019.html,820 tỷđồng
Ước tồn Quỹ BOG tại Petrolimex ngày 16.8.2019,16.8.2019,https://www.petrolimex.com.vn/ndi/minh-bach-xang-dau/uoc-ton-quy-bog-tai-petrolimex-ngay-16-8-2019.html,629 tỷđồng
Ước tồn Quỹ BOG tại Petrolimex ngày 01.8.2019,01.8.2019,https://www.petrolimex.com.vn/ndi/minh-bach-xang-dau/uoc-ton-quy-bog-tai-petrolimex-ngay-01-8-2019.html,470 tỷđồng
Ước tồn Quỹ BOG tại Petrolimex ngày 17.7.2019,17.7.2019,https://www.petrolimex.com.vn/ndi/minh-bach-xang-dau/uoc-ton-quy-bog-tai-petrolimex-ngay-17-2019.html,317 tỷđồng
Ước tồn Quỹ BOG tại Petrolimex ngày 02.7.2019,02.7.2019,https://www.petrolimex.com.vn/ndi/minh-bach-xang-dau/uoc-ton-quy-bog-tai-petrolimex-ngay-02-7-2019.html,50 tỷđồng
Ước tồn Quỹ BOG tại Petrolimex ngày 17.6.2019,17.6.2019,https://www.petrolimex.com.vn/ndi/minh-bach-xang-dau/uoc-ton-quy-bog-tai-petrolimex-ngay-17-6-2019.html,-246 tỷđồng
Ước tồn Quỹ BOG tại Petrolimex ngày 01.6.2019,01.6.2019,https://www.petrolimex.com.vn/ndi/minh-bach-xang-dau/uoc-ton-quy-bog-tai-petrolimex-ngay-01-6-2019.html,-316 tỷđồng
Ước tồn Quỹ BOG tại Petrolimex ngày 17.5.2019,17.5.2019,https://www.petrolimex.com.vn/ndi/minh-bach-xang-dau/uoc-ton-quy-bog-tai-petrolimex-ngay-17-5-2019.html,-381 tỷđồng
Ước tồn Quỹ BOG tại Petrolimex ngày 02.5.2019,02.5.2019,https://www.petrolimex.com.vn/ndi/minh-bach-xang-dau/minh-bach-xang-dau-uoc-ton-quy-bog-tai-petrolimex-ngay-02-5-2019.html,-355 tỷđồng
Ước tồn Quỹ BOG tại Petrolimex ngày 17.4.2019,17.4.2019,https://www.petrolimex.com.vn/ndi/minh-bach-xang-dau/uoc-ton-quy-bog-tai-petrolimex-ngay-17-4-2019.html,-240 tỷđồng
Ước tồn Quỹ BOG tại Petrolimex ngày 02.4.2019,02.4.2019,https://www.petrolimex.com.vn/ndi/minh-bach-xang-dau/uoc-ton-quy-bog-tai-petrolimex-ngay-02-4-2019.html,"9,6 tỷđồng"
Ước tồn Quỹ BOG tại Petrolimex ngày 18.3.2019,18.3.2019,https://www.petrolimex.com.vn/ndi/minh-bach-xang-dau/uoc-ton-quy-bog-tai-petrolimex-ngay-18-3-2019.html,655 tỷđồng
Ước tồn Quỹ BOG tại Petrolimex ngày 02.3.2019,02.3.2019,https://www.petrolimex.com.vn/ndi/minh-bach-xang-dau/minh-bach-xang-dau-uoc-ton-quy-bog-tai-petrolimex-ngay-02-3-2019.html,1.210 tỷđồng
Ước tồn Quỹ BOG tại Petrolimex ngày 15.02.2019,15.02.2019,https://www.petrolimex.com.vn/ndi/minh-bach-xang-dau/uoc-ton-quy-bog-tai-petrolimex-ngay-15-02-2019.html,1.720 tỷđồng
Ước tồn Quỹ BOG tại Petrolimex ngày 31.01.2019,31.01.2019,https://www.petrolimex.com.vn/ndi/minh-bach-xang-dau/uoc-ton-quy-bog-tai-petrolimex-ngay-31-01-2019.html,1.940 tỷđồng
Ước tồn Quỹ BOG tại Petrolimex ngày 16.01.2019,16.01.2019,https://www.petrolimex.com.vn/ndi/minh-bach-xang-dau/uoc-ton-quy-bog-tai-petrolimex-ngay-16-01-2019.html,2.133 tỷđồng
Ước tồn Quỹ BOG tại Petrolimex ngày 01.01.2019,01.01.2019,https://www.petrolimex.com.vn/ndi/minh-bach-xang-dau/minh-bach-xang-dau-uoc-ton-quy-bog-tai-petrolimex-ngay-31-12-2018.html,1.910 tỷđồng
Ước tồn Quỹ BOG tại Petrolimex ngày 21.12.2018,21.12.2018,https://www.petrolimex.com.vn/ndi/minh-bach-xang-dau/minh-bach-xang-dau-uoc-ton-quy-bog-tai-petrolimex-ngay-21-12-2018.html,1.680 tỷđồng
Ước tồn Quỹ BOG tại Petrolimex ngày 06.12.2018,06.12.2018,https://www.petrolimex.com.vn/ndi/minh-bach-xang-dau/uoc-ton-quy-bog-tai-petrolimex-ngay-06-12-2018.html,1.460 tỷđồng
Ước tồn Quỹ BOG tại Petrolimex ngày 21.11.2018,21.11.2018,https://www.petrolimex.com.vn/ndi/minh-bach-xang-dau/minh-bach-xang-dau-uoc-ton-quy-bog-tai-petrolimex-ngay-21-11-2018.html,1.262 tỷđồng
Ước tồn Quỹ BOG tại Petrolimex ngày 06.11.2018,06.11.2018,https://www.petrolimex.com.vn/ndi/minh-bach-xang-dau/uoc-ton-quy-bog-tai-petrolimex-ngay-06-11-2018.html,1.230 tỷđồng
Ước tồn Quỹ BOG tại kỳ điều hành giá 22.10.2018 là 1.420 tỷ đồng,22.10.2018,https://www.petrolimex.com.vn/ndi/minh-bach-xang-dau/uoc-ton-quy-bog-tai-ky-dieu-hanh-gia-22-10-2018-la-1-420-ty-dong.html,1.420 tỷđồng
Ước tồn Quỹ BOG tại kỳ điều hành giá 06.10.2018 là 1.700 tỷ đồng,06.10.2018,https://www.petrolimex.com.vn/ndi/minh-bach-xang-dau/uoc-ton-quy-bog-tai-ky-dieu-hanh-gia-06-10-2018-la-1-700-ty-dong.html,1.700 tỷđồng
Ước tồn Quỹ BOG tại kỳ điều hành giá 21.9.2018 là 1.930 tỷ đồng,21.9.2018,https://www.petrolimex.com.vn/ndi/minh-bach-xang-dau/uoc-ton-quy-bog-tai-ky-dieu-hanh-gia-21-9-2018-la-1-930-ty-dong.html,1.930 tỷđồng
Ước tồn Quỹ BOG tại kỳ điều hành giá 06.9.2018 là 2.100 tỷ đồng,06.9.2018,https://www.petrolimex.com.vn/ndi/minh-bach-xang-dau/uoc-ton-quy-bog-tai-ky-dieu-hanh-gia-06-9-2018-la-2-100-ty-dong.html,2.100 tỷđồng
Ước tồn Quỹ BOG tại kỳ điều hành giá 22.8.2018 là 2.300 tỷ đồng,22.8.2018,https://www.petrolimex.com.vn/ndi/minh-bach-xang-dau/uoc-ton-quy-bog-tai-ky-dieu-hanh-gia-22-8-2018-la-2-300-ty-dong.html,2.300 tỷđồng
Ước tồn Quỹ BOG tại kỳ điều hành giá 07.8.2018 là 2.240 tỷ đồng,07.8.2018,https://www.petrolimex.com.vn/ndi/minh-bach-xang-dau/uoc-ton-quy-bog-tai-ky-dieu-hanh-gia-07-8-2018-la-2-240-ty-dong.html,2.240 tỷđồng
Ước tồn Quỹ BOG tại kỳ điều hành giá 23.7.2018 là 2.256 tỷ đồng,23.7.2018,https://www.petrolimex.com.vn/ndi/minh-bach-xang-dau/uoc-ton-quy-bog-tai-ky-dieu-hanh-gia-23-7-2018-la-2-256-ty-dong.html,2.256 tỷđồng
Ước tồn Quỹ BOG tại kỳ điều hành giá 07.7.2018 là 2.260 tỷ đồng,07.7.2018,https://www.petrolimex.com.vn/ndi/minh-bach-xang-dau/uoc-ton-quy-bog-tai-ky-dieu-hanh-gia-07-7-2018-la-2-260-ty-dong.html,2.260 tỷđồng
Ước tồn Quỹ BOG tại kỳ điều hành giá 22.6.2018 là 2.270 tỷ đồng,22.6.2018,https://www.petrolimex.com.vn/ndi/minh-bach-xang-dau/petrolimex-uoc-ton-quy-bog-tai-ky-dieu-chinh-gia-22-6-2018-la-2-270-ty-dong.html,2.270 tỷđồng
Ước tồn Quỹ BOG tại Petrolimex trước thời điểm điều hành giá xăng dầu 15 giờ ngày 07.6.2018 là 2.370 tỷ đồng,07.6.2018,https://www.petrolimex.com.vn/ndi/minh-bach-xang-dau/petrolimex-minh-bach-xang-dau-uoc-ton-quy-bog-tai-petrolimex-truoc-thoi-diem-tang-gia-xang-dau-15-gio-ngay-23-5-2018-la-2-550-ty-dong.html,2.370 tỷđồng
Ước tồn Quỹ BOG tại Petrolimex trước thời điểm tăng giá xăng dầu 15 giờ ngày 23.5.2018 là 2.550 tỷ đồng,23.5.2018,https://www.petrolimex.com.vn/ndi/minh-bach-xang-dau/uoc-ton-quy-bog-tai-petrolimex-truoc-thoi-diem-tang-gia-xang-dau-15-gio-ngay-23-5-2018-la-2-550-ty-dong.html,2.550 tỷ đồng
Ước tồn Quỹ BOG tại Petrolimex trước thời điểm tăng giá xăng dầu 15 giờ ngày 08.5.2018 là 2.620 tỷ đồng,08.5.2018,https://www.petrolimex.com.vn/ndi/minh-bach-xang-dau/uoc-ton-quy-bog-tai-petrolimex-truoc-thoi-diem-tang-gia-xang-dau-15-gio-ngay-08-5-2018-la-2-620-ty-dong.html,2.620 tỷ đồng
Ước tồn Quỹ BOG tại Petrolimex trước thời điểm điều chỉnh giá dầu 15 giờ ngày 23.4.2018 là 2.692 tỷ đồng,23.4.2018,https://www.petrolimex.com.vn/ndi/minh-bach-xang-dau/uoc-ton-quy-bog-tai-petrolimex-truoc-thoi-diem-dieu-chinh-gia-dau-15-gio-ngay-23-4-2018-la-2-692-ty-dong.html,2.692 tỷ đồng
Ước tồn Quỹ BOG tại Petrolimex trước thời điểm tăng giá xăng dầu 15 giờ ngày 07.4.2018 là 2.740 tỷ đồng,07.4.2018,https://www.petrolimex.com.vn/ndi/minh-bach-xang-dau/uoc-ton-quy-bog-tai-petrolimex-truoc-thoi-diem-tang-gia-xang-dau-15-gio-ngay-07-4-2018-la-2-740-ty-dong.html,2.740 tỷ đồng
Ước tồn Quỹ BOG tại Petrolimex trước thời điểm 15 giờ 00 ngày 23.3.2018 là 2.750 tỷ đồng,23.3.2018,https://www.petrolimex.com.vn/nd/tin-chuyen-nganh/uoc-ton-quy-bog-tai-petrolimex-truoc-thoi-diem-15-gio-00-ngay-23-3-2018-la-2-750-ty-dong.html,2.750 tỷ đồng
Ước tồn Quỹ BOG tại Petrolimex trước thời điểm 15 giờ 00 ngày 08.3.2018 là 2.760 tỷ đồng,08.3.2018,https://www.petrolimex.com.vn/ndi/minh-bach-xang-dau/uoc-ton-quy-bog-tai-petrolimex-truoc-thoi-diem-15-gio-00-ngay-08-3-2018-la-2-760-ty-dong.html,2.760 tỷ đồng
Ước tồn Quỹ BOG tại Petrolimex trước thời điểm 15 giờ 00 ngày 21.02.2018 là 2.670 tỷ đồng,21.02.2018,https://www.petrolimex.com.vn/ndi/minh-bach-xang-dau/uoc-ton-quy-bog-tai-petrolimex-truoc-thoi-diem-15-gio-00-ngay-21-02-2018-la-2-670-ty-dong.html,2.670 tỷ đồng
Ước tồn Quỹ BOG tại Petrolimex trước thời điểm 15 giờ 00 ngày 03.02.2018 là 2.900 tỷ đồng,03.02.2018,https://www.petrolimex.com.vn/ndi/minh-bach-xang-dau/uoc-ton-quy-bog-tai-petrolimex-truoc-thoi-diem-15-gio-00-ngay-03-02-2018-la-2-900-ty-dong.html,2.900 tỷ đồng
Ước tồn Quỹ BOG tại Petrolimex trước thời điểm 15 giờ 00 ngày 19.01.2018 là 2.953 tỷ đồng,19.01.2018,https://www.petrolimex.com.vn/ndi/minh-bach-xang-dau/uoc-ton-quy-bog-tai-petrolimex-truoc-thoi-diem-15-gio-00-ngay-19-01-2018-la-2-953-ty-dong.html,2.953 tỷ đồng
Ước tồn Quỹ BOG tại Petrolimex trước thời điểm 15 giờ 00 ngày 04.01.2018 là 3.024 tỷ đồng,04.01.2018,https://www.petrolimex.com.vn/ndi/minh-bach-xang-dau/uoc-ton-quy-bog-tai-petrolimex-truoc-thoi-diem-15-gio-00-ngay-04-01-2018-la-3-024-ty-dong.html,3.024 tỷ đồng
Ước tồn Quỹ BOG tại Petrolimex trước thời điểm 15 giờ 00 ngày 20.12.2017 là 3.105 tỷ đồng,20.12.2017,https://www.petrolimex.com.vn/ndi/minh-bach-xang-dau/uoc-ton-quy-bog-tai-petrolimex-truoc-thoi-diem-15-gio-00-ngay-20-12-2017-la-3-105-ty-dong.html,3.105 tỷ đồng
Ước tồn Quỹ BOG tại Petrolimex trước thời điểm tăng giá dầu điêzen 15 giờ 00 ngày 05.12.2017 là 3.188 tỷ đồng,05.12.2017,https://www.petrolimex.com.vn/ndi/minh-bach-xang-dau/uoc-ton-quy-bog-tai-petrolimex-truoc-thoi-diem-tang-gia-dau-15-gio-00-ngay-05-12-2017-la-3-188-ty-dong.html,3.188 tỷ đồng
Ước tồn Quỹ BOG tại Petrolimex trước thời điểm tăng giá xăng dầu 15 giờ ngày 20.11.2017 là 3.251 tỷ đồng,20.11.2017,https://www.petrolimex.com.vn/ndi/minh-bach-xang-dau/uoc-ton-quy-bog-tai-petrolimex-truoc-thoi-diem-tang-gia-xang-dau-15-gio-00-ngay-20-11-2017-la-3-251-ty-dong.html,3.251 tỷ đồng
Ước tồn Quỹ BOG tại Petrolimex trước thời điểm tăng giá xăng dầu 15 giờ 00 ngày 04.11.2017 là 3.240 tỷ đồng,04.11.2017,https://www.petrolimex.com.vn/ndi/minh-bach-xang-dau/petrolimex-minh-bach-xang-dau-uoc-ton-quy-bog-tai-petrolimex-truoc-thoi-diem-giam-gia-xang-dau-15-gio-00-ngay-04-11-2017-la-3-240-ty-dong.html,3.240 tỷ đồng
Ước tồn Quỹ BOG tại Petrolimex trước thời điểm giảm giá xăng dầu 16 giờ 55 ngày 20.10.2017 là 3.190 tỷ đồng,20.10.2017,https://www.petrolimex.com.vn/ndi/minh-bach-xang-dau/uoc-ton-quy-bog-tai-petrolimex-truoc-thoi-diem-giam-gia-xang-dau-16-gio-55-ngay-20-10-2017-la-3-190-ty-dong.html,3.190 tỷ đồng
Ước tồn Quỹ BOG tại Petrolimex trước thời điểm điều chỉnh giá xăng dầu 16 giờ 55 ngày 05.10.2017 là 3.141 tỷ đồng,05.10.2017,https://www.petrolimex.com.vn/ndi/minh-bach-xang-dau/uoc-ton-quy-bog-tai-petrolimex-truoc-thoi-diem-dieu-chinh-gia-xang-dau-16-gio-55-ngay-05-10-2017-la-3-141-ty-dong.html,3.141 tỷ đồng
Ước tồn Quỹ BOG tại Petrolimex trước thời điểm tăng giá xăng dầu 15 giờ ngày 20.9.2017 là 3.087 tỷ đồng,20.9.2017,https://www.petrolimex.com.vn/ndi/minh-bach-xang-dau/uoc-ton-quy-bog-tai-petrolimex-truoc-thoi-diem-tang-gia-xang-dau-15-gio-ngay-20-9-2017-la-3-087-ty-dong.html,3.087 tỷ đồng
Ước tồn Quỹ BOG tại Petrolimex trước thời điểm tăng giá xăng dầu 15 giờ ngày 05.9.2017 là 2.956 tỷ đồng,05.9.2017,https://www.petrolimex.com.vn/ndi/minh-bach-xang-dau/uoc-ton-quy-bog-tai-petrolimex-truoc-thoi-diem-tang-gia-xang-dau-15-gio-ngay-05-9-2017-la-2-956-ty-dong.html,2.956 tỷ đồng
Ước tồn Quỹ BOG tại Petrolimex trước thời điểm tăng giá xăng dầu 15 giờ ngày 19.8.2017 là 2.900 tỷ đồng,19.8.2017,https://www.petrolimex.com.vn/ndi/minh-bach-xang-dau/petrolimex-minh-bach-xang-dau-uoc-ton-quy-bog-tai-petrolimex-truoc-thoi-diem-tang-gia-xang-dau-15-gio-ngay-04-8-2017-la-2-809-ty-dong.html,2.900 tỷ đồng
Ước tồn Quỹ BOG tại Petrolimex trước thời điểm tăng giá xăng dầu 15 giờ ngày 04.8.2017 là 2.809 tỷ đồng,04.8.2017,https://www.petrolimex.com.vn/ndi/minh-bach-xang-dau/uoc-ton-quy-bog-tai-petrolimex-truoc-thoi-diem-tang-gia-xang-dau-15-gio-ngay-04-8-2017-la-2-809-ty-dong.html,2.809 tỷ đồng
Ước tồn Quỹ BOG tại Petrolimex trước thời điểm tăng giá xăng dầu 15 giờ ngày 20.7.2017 là 2.690 tỷ đồng,20.7.2017,https://www.petrolimex.com.vn/ndi/minh-bach-xang-dau/uoc-ton-quy-bog-tai-petrolimex-truoc-thoi-diem-tang-gia-xang-dau-15-gio-ngay-20-7-2017-la-2-690-ty-dong.html,2.690 tỷ đồng
Ước tồn Quỹ BOG tại Petrolimex trước thời điểm điều chỉnh giá xăng dầu 17 giờ ngày 05.7.2017 là 2.576 tỷ đồng,05.7.2017,https://www.petrolimex.com.vn/ndi/minh-bach-xang-dau/uoc-ton-quy-bog-tai-petrolimex-truoc-thoi-diem-dieu-chinh-gia-xang-dau-17-gio-ngay-05-7-2017-la-2-576-ty-dong.html,2.576 tỷ đồng
Ước tồn Quỹ BOG tại Petrolimex trước thời điểm giảm giá xăng dầu 15 giờ ngày 20.6.2017 là 2.476 tỷ đồng,20.6.2017,https://www.petrolimex.com.vn/ndi/minh-bach-xang-dau/uoc-ton-quy-bog-tai-petrolimex-truoc-thoi-diem-giam-gia-xang-dau-15-gio-ngay-20-6-2017-la-2-476-ty-dong.html,2.476 tỷ đồng
Ước tồn Quỹ BOG tại Petrolimex trước thời điểm tăng giá xăng dầu 15 giờ ngày 05.6.2017 là 2.380 tỷ đồng,05.6.2017,https://www.petrolimex.com.vn/ndi/minh-bach-xang-dau/uoc-ton-quy-bog-tai-petrolimex-truoc-thoi-diem-tang-gia-xang-dau-15-gio-ngay-05-6-2017-la-2-380-ty-dong.html,2.380 tỷ đồng
Ước tồn Quỹ BOG tại Petrolimex trước thời điểm tăng giá xăng dầu 15 giờ ngày 20.5.2017 là 2.255 tỷ đồng,20.5.2017,https://www.petrolimex.com.vn/nd/tin-chuyen-nganh/uoc-ton-quy-bog-tai-petrolimex-truoc-thoi-diem-tang-gia-xang-dau-15-gio-ngay-20-5-2017-la-2-255-ty-dong.html,2.255 tỷ đồng
Ước tồn Quỹ BOG tại Petrolimex trước thời điểm tăng giá xăng dầu 15 giờ ngày 05.5.2017 là 2.140 tỷ đồng,05.5.2017,https://www.petrolimex.com.vn/ndi/minh-bach-xang-dau/uoc-ton-quy-bog-tai-petrolimex-truoc-thoi-diem-tang-gia-xang-dau-15-gio-ngay-05-5-2017-la-2-140-ty-dong.html,2.140 tỷ đồng
Ước tồn Quỹ BOG tại Petrolimex trước thời điểm tăng giá xăng dầu 15 giờ ngày 20.4.2017 là 2.175 tỷ đồng,20.4.2017,https://www.petrolimex.com.vn/ndi/minh-bach-xang-dau/uoc-ton-quy-bog-tai-petrolimex-truoc-thoi-diem-tang-gia-xang-dau-15-gio-ngay-20-4-2017-la-2-175-ty-dong.html,2.175tỷ đồng
Ước tồn Quỹ BOG tại Petrolimex trước thời điểm giảm giá xăng dầu 15 giờ ngày 05.4.2017 là 2.026 tỷ đồng,05.4.2017,https://www.petrolimex.com.vn/ndi/minh-bach-xang-dau/uoc-ton-quy-bog-tai-petrolimex-truoc-thoi-diem-giam-gia-gia-xang-dau-15-gio-ngay-05-4-2017-la-2-026-ty-dong.html,2.026 tỷ đồng
Ước tồn Quỹ BOG tại Petrolimex trước thời điểm giảm giá xăng dầu 15 giờ ngày 21.3.2017 là 1.960 tỷ đồng,21.3.2017,https://www.petrolimex.com.vn/ndi/minh-bach-xang-dau/uoc-ton-quy-bog-tai-petrolimex-truoc-thoi-diem-dieu-chinh-gia-xang-dau-15-gio-ngay-21-3-2017-la-1-960-ty-dong.html,1.960 tỷ đồng
Ước tồn Quỹ BOG tại Petrolimex trước thời điểm điều chỉnh giá xăng dầu 15 giờ ngày 06.3.2017 là 1.827 tỷ đồng,06.3.2017,https://www.petrolimex.com.vn/ndi/minh-bach-xang-dau/uoc-ton-quy-bog-tai-petrolimex-truoc-thoi-diem-dieu-chinh-gia-xang-dau-15-gio-ngay-06-3-2017-la-1-827-ty-dong.html,1.827 tỷ đồng
Ước tồn Quỹ BOG tại Petrolimex trước thời điểm tăng giá xăng dầu 15 giờ ngày 18.02.2017 là 1.817 tỷ đồng,18.02.2017,https://www.petrolimex.com.vn/ndi/minh-bach-xang-dau/petrolimex-minh-bach-xang-dau-uoc-ton-quy-bog-tai-petrolimex-truoc-thoi-diem-tang-gia-xang-dau-15-gio-ngay-18-02-2017-la-1-817-ty-dong.html,1.817 tỷ đồng
Ước tồn Quỹ BOG tại Petrolimex trước thời điểm giảm giá dầu 16 giờ ngày 03.02.2017 là 1.821 tỷ đồng,03.02.2017,https://www.petrolimex.com.vn/ndi/minh-bach-xang-dau/uoc-ton-quy-bog-tai-petrolimex-truoc-thoi-diem-giam-gia-dau-16-gio-ngay-03-02-2017-la-1-821-ty-dong.html,1.821 tỷ đồng
Ước tồn Quỹ BOG tại Petrolimex trước thời điểm tăng giá dầu 15 giờ ngày 19.01.2017 là 1.790 tỷ đồng,19.01.2017,https://www.petrolimex.com.vn/ndi/minh-bach-xang-dau/petrolimex_minh_bach_xang_dau-uoc_ton_quy_bog_tai_petrolimex_truoc_thoi_diem_tang_gia_dau_15_gio_ngay_19-01-2017_la_1-790_ty_dong.html,1.790 tỷ đồng
Ước tồn Quỹ BOG tại Petrolimex trước thời điểm tăng giá dầu 16 giờ ngày 04.01.2017 là 1.805 tỷ đồng,04.01.2017,https://www.petrolimex.com.vn/ndi/minh-bach-xang-dau/uoc-ton-quy-bog-tai-petrolimex-truoc-thoi-diem-tang-gia-xang-dau-16-gio-ngay-04-01-2017-la-1-805-ty-dong.html,1.805 tỷ đồng
Ước tồn Quỹ BOG tại Petrolimex trước thời điểm tăng giá xăng dầu 15 giờ ngày 20.12.2016 là 1.840 tỷ đồng,20.12.2016,https://www.petrolimex.com.vn/ndi/minh-bach-xang-dau/petrolimex-minh-bach-xang-dau-uoc-ton-quy-bog-tai-petrolimex-truoc-thoi-diem-tang-gia-xang-dau-15-gio-ngay-20-12-2016-la-1-840-ty-dong.html,1.840 tỷ đồng
Ước tồn Quỹ BOG tại Petrolimex trước thời điểm tăng giá xăng dầu 19 giờ ngày 05.12.2016 là 1.850 tỷ đồng,05.12.2016,https://www.petrolimex.com.vn/ndi/minh-bach-xang-dau/uoc-ton-quy-bog-tai-petrolimex-truoc-thoi-diem-tang-gia-xang-dau-19-gio-ngay-05-12-2016-la-1-850-ty-dong.html,1.850 tỷ đồng
Ước tồn Quỹ BOG tại Petrolimex trước thời điểm giảm giá xăng dầu 15 giờ ngày 19.11.2016 là 1.752 tỷ đồng,19.11.2016,https://www.petrolimex.com.vn/ndi/minh-bach-xang-dau/uoc-ton-quy-bog-tai-petrolimex-truoc-thoi-diem-giam-gia-xang-dau-15-gio-ngay-19-11-2016-la-ty-dong.html,1.752 tỷ đồng
Ước tồn Quỹ BOG tại Petrolimex trước thời điểm tăng giá xăng dầu 15 giờ ngày 04.11.2016 là 1.757 tỷ đồng,04.11.2016,https://www.petrolimex.com.vn/ndi/minh-bach-xang-dau/uoc-ton-quy-bog-tai-petrolimex-truoc-thoi-diem-tang-gia-xang-dau-15-gio-ngay-04-11-2016-la-1-757-ty-dong.html,1.757 tỷ đồng
Ước tồn Quỹ BOG tại Petrolimex trước thời điểm tăng giá xăng dầu 16 giờ 45 ngày 20.10.2016 là 1.815 tỷ đồng,20.10.2016,https://www.petrolimex.com.vn/ndi/minh-bach-xang-dau/uoc-ton-quy-bog-tai-petrolimex-truoc-thoi-diem-tang-gia-xang-dau-16-gio-45-ngay-20-10-2016-la-1-815-ty-dong.html,1.815 tỷ đồng
Ước tồn Quỹ BOG tại Petrolimex trước thời điểm tăng giá xăng dầu 16 giờ 30 ngày 05.10.2016 là 1.735 tỷ đồng,05.10.2016,https://www.petrolimex.com.vn/ndi/minh-bach-xang-dau/uoc-ton-quy-bog-tai-petrolimex-truoc-thoi-diem-tang-gia-xang-dau-16-gio-30-ngay-05-10-2016-la-ty-dong.html,1.735tỷ đồng
Ước tồn Quỹ BOG tại Petrolimex trước thời điểm tăng giá xăng dầu 15 giờ ngày 20.9.2016 là 1.678 tỷ đồng,20.9.2016,https://www.petrolimex.com.vn/ndi/minh-bach-xang-dau/petrolimex-minh-bach-xang-dau-uoc-ton-quy-bog-tai-petrolimex-truoc-thoi-diem-tang-gia-xang-dau-15-gio-ngay-05-9-2016-la-1-678-ty-dong.html,1.678tỷ đồng
Ước tồn Quỹ BOG tại Petrolimex trước thời điểm tăng giá xăng dầu 15 giờ ngày 05.9.2016 là 1.630 tỷ đồng,05.9.2016,https://www.petrolimex.com.vn/ndi/minh-bach-xang-dau/uoc-ton-quy-bog-tai-petrolimex-truoc-thoi-diem-tang-gia-xang-dau-15-gio-ngay-05-9-2016-la-1-630-ty-dong.html,1.630tỷ Đồng
Ước tồn Quỹ BOG tại Petrolimex trước thời điểm tăng giá xăng dầu 15 giờ 30 ngày 19.8.2016 là 1.515 tỷ đồng,19.8.2016,https://www.petrolimex.com.vn/ndi/minh-bach-xang-dau/petrolimex-minh-bach-xang-dau-uoc-ton-quy-bog-tai-petrolimex-truoc-thoi-diem-tang-gia-xang-dau-15-gio-30-ngay-19-8-2016-la-1-515-ty-dong.html,1.515tỷ Đồng
Ước tồn Quỹ BOG tại Petrolimex trước thời điểm giảm giá xăng dầu 15 giờ ngày 04.8.2016 là 1.418 tỷ đồng,04.8.2016,https://www.petrolimex.com.vn/ndi/minh-bach-xang-dau/uoc-ton-quy-bog-tai-petrolimex-truoc-thoi-diem-giam-gia-xang-dau-15-gio-ngay-04-8-2016-la-1-418-ty-dong.html,1.418tỷ Đồng
Ước tồn Quỹ BOG tại Petrolimex trước thời điểm giảm giá xăng 15 giờ ngày 20.7.2016 là 1.350 tỷ đồng,20.7.2016,https://www.petrolimex.com.vn/ndi/minh-bach-xang-dau/uoc-ton-quy-bog-tai-petrolimex-truoc-thoi-diem-giam-gia-xang-15-gio-ngay-20-7-2016-la-1-350-ty-dong.html,1.350tỷ Đồng
Ước tồn Quỹ BOG tại Petrolimex trước thời điểm điều chỉnh giá xăng dầu 15 giờ ngày 05.7.2016 là 1.405 tỷ đồng,05.7.2016,https://www.petrolimex.com.vn/ndi/minh-bach-xang-dau/uoc-ton-quy-bog-tai-petrolimex-truoc-thoi-diem-dieu-chinh-gia-xang-dau-15-gio-ngay-05-7-2016-la-1-405-ty-dong.html,1.405tỷ Đồng
Ước tồn Quỹ BOG tại Petrolimex trước thời điểm tăng giá xăng dầu 15 giờ ngày 20.6.2016 là 1.487 tỷ đồng,20.6.2016,https://www.petrolimex.com.vn/ndi/minh-bach-xang-dau/uoc-ton-quy-bog-tai-petrolimex-truoc-thoi-diem-tang-gia-xang-dau-15-gio-ngay-20-6-2016-la-1-487-ty-dong.html,1.487tỷ Đồng
Ước tồn Quỹ BOG tại Petrolimex trước thời điểm tăng giá xăng dầu 15 giờ ngày 04.6.2016 là 1.650 tỷ đồng,04.6.2016,https://www.petrolimex.com.vn/ndi/minh-bach-xang-dau/uoc-ton-quy-bog-tai-petrolimex-truoc-thoi-diem-tang-gia-xang-dau-15-gio-ngay-04-6-2016-la-1-650-ty-dong.html,1.650tỷ Đồng
Ước tồn Quỹ BOG tại Petrolimex trước thời điểm tăng giá xăng dầu 15 giờ ngày 20.5.2016 là 1.800 tỷ đồng,20.5.2016,https://www.petrolimex.com.vn/ndi/minh-bach-xang-dau/petrolimex-minh-bach-xang-dau-uoc-ton-quy-bog-tai-petrolimex-truoc-thoi-diem-tang-gia-xang-dau-15-gio-ngay-20-5-2016-la-1-800-ty-dong.html,1.800tỷ Đồng
Ước tồn Quỹ BOG tại Petrolimex trước thời điểm tăng giá xăng dầu 15 giờ ngày 05.5.2016 là 1.955 tỷ đồng,05.5.2016,https://www.petrolimex.com.vn/ndi/minh-bach-xang-dau/uoc-ton-quy-bog-tai-petrolimex-truoc-thoi-diem-tang-gia-xang-dau-15-gio-ngay-05-5-2016-la-1-955-ty-dong.html,1.955tỷ Đồng
Ước tồn Quỹ BOG tại Petrolimex trước thời điểm tăng giá dầu 16 giờ ngày 20.4.2016 là 2.072 tỷ đồng,20.4.2016,https://www.petrolimex.com.vn/ndi/minh-bach-xang-dau/uoc-ton-quy-bog-tai-petrolimex-truoc-thoi-diem-tang-gia-dau-16-gio-ngay-20-4-2016-la-2-072-ty-dong.html,2.072tỷ Đồng
Ước tồn Quỹ BOG tại Petrolimex trước thời điểm tăng giá xăng 17 giờ ngày 05.4.2016 là 2.280 tỷ đồng,05.4.2016,https://www.petrolimex.com.vn/ndi/minh-bach-xang-dau/uoc-ton-quy-bog-tai-petrolimex-truoc-thoi-diem-tang-gia-xang-17-gio-00-ngay-05-4-2016-la-2-280-ty-dong.html,2.280tỷ Đồng
Ước tồn Quỹ BOG tại Petrolimex trước thời điểm tăng giá 16 giờ 30 ngày 21.3.2016 là 2.710 tỷ đồng,21.3.2016,https://www.petrolimex.com.vn/ndi/minh-bach-xang-dau/uoc-ton-quy-bog-tai-petrolimex-truoc-thoi-diem-dieu-chinh-gia-16-gio-30-ngay-21-3-2016-la-2-710-ty-dong.html,2.710tỷ Đồng
Ước tồn Quỹ BOG tại Petrolimex tại thời điểm 15 giờ 00 ngày 04.3.2016 là 2.700 tỷ đồng,04.3.2016,https://www.petrolimex.com.vn/ndi/minh-bach-xang-dau/uoc-ton-quy-bog-tai-petrolimex-truoc-thoi-diem-15-gio-00-ngay-04-3-2016-la-2-700-ty-dong.html,2.700tỷ Đồng
Ước tồn Quỹ BOG tại Petrolimex trước thời điểm điều chỉnh giá 15 giờ 00 ngày 18.02.2016 là 2.670 tỷ đồng,18.02.2016,https://www.petrolimex.com.vn/ndi/minh-bach-xang-dau/uoc-ton-quy-bog-tai-petrolimex-truoc-thoi-diem-dieu-chinh-gia-15-gio-00-ngay-18-02-2016-la-2-670-ty-dong.html,2.670tỷ Đồng
Ước tồn Quỹ BOG tại Petrolimex trước thời điểm điều chỉnh giá 15 giờ 00 ngày 03.02.2016 là 2.580 tỷ đồng,03.02.2016,https://www.petrolimex.com.vn/ndi/minh-bach-xang-dau/uoc-ton-quy-bog-tai-petrolimex-truoc-thoi-diem-dieu-chinh-gia-15-gio-00-ngay-03-02-2016-la-2-580-ty-dong.html,2.580tỷ Đồng
Ước tồn Quỹ BOG tại Petrolimex trước thời điểm điều chỉnh giá 15 giờ 00 ngày 19.01.2016 là 2.520 tỷ đồng,19.01.2016,https://www.petrolimex.com.vn/ndi/minh-bach-xang-dau/uoc-ton-quy-bog-tai-petrolimex-truoc-thoi-diem-dieu-chinh-gia-15-gio-00-ngay-19-01-2016-la-2-520-ty-dong.html,2.520tỷ Đồng
Ước tồn Quỹ BOG tại Petrolimex trước thời điểm điều chỉnh giá 15 giờ 00 ngày 04.01.2016 là 2.380 tỷ đồng,04.01.2016,https://www.petrolimex.com.vn/ndi/minh-bach-xang-dau/uoc-ton-quy-bog-tai-petrolimex-truoc-thoi-diem-dieu-chinh-gia-15-gio-00-ngay-04-01-2015-la-2-380-ty-dong.html,2.380tỷ Đồng
Ước tồn Quỹ BOG tại Petrolimex trước thời điểm điều chỉnh giá 15 giờ 00 ngày 18.12.2015 là 2.282 tỷ đồng,18.12.2015,https://www.petrolimex.com.vn/ndi/minh-bach-xang-dau/uoc-ton-quy-bog-tai-petrolimex-truoc-thoi-diem-dieu-chinh-gia-15-gio-00-ngay-18-12-2015-la-2-282-ty-dong.html,2.282tỷ Đồng
Ước tồn Quỹ BOG tại Petrolimex trước thời điểm điều chỉnh giá 15 giờ 00 ngày 03.12.2015 là 2.180 tỷ đồng,03.12.2015,https://www.petrolimex.com.vn/ndi/minh-bach-xang-dau/uoc-ton-quy-bog-tai-petrolimex-truoc-thoi-diem-dieu-chinh-gia-15-gio-00-ngay-03-12-2015-la-2-180-ty-dong.html,2.180tỷ Đồng
Ước tồn Quỹ BOG tại Petrolimex trước thời điểm điều chỉnh giá 15 giờ 00 ngày 18.11.2015 là 2.110 tỷ đồng,18.11.2015,https://www.petrolimex.com.vn/ndi/minh-bach-xang-dau/uoc-ton-quy-bog-tai-petrolimex-truoc-thoi-diem-dieu-chinh-gia-15-gio-00-ngay-18-11-2015-la-2-110-ty-dong.html,2.110tỷ Đồng
Ước tồn Quỹ BOG tại Petrolimex trước thời điểm điều chỉnh giá 15 giờ 00 ngày 03.11.2015 là 2.000 tỷ đồng,03.11.2015,https://www.petrolimex.com.vn/ndi/minh-bach-xang-dau/uoc-ton-quy-bog-tai-petrolimex-truoc-thoi-diem-dieu-chinh-gia-15-gio-00-ngay-03-11-2015-la-2-000-ty-dong.html,2.000tỷ Đồng
Ước tồn Quỹ BOG tại Petrolimex trước thời điểm điều chỉnh giá 15 giờ 00 ngày 19.10.2015 là 1.940 tỷ đồng,19.10.2015,https://www.petrolimex.com.vn/ndi/minh-bach-xang-dau/uoc-ton-quy-bog-tai-petrolimex-truoc-thoi-diem-dieu-chinh-gia-15-gio-00-ngay-19-10-2015-la-1-940-ty-dong.html,1.940tỷ Đồng
Ước tồn Quỹ BOG tại Petrolimex trước thời điểm điều chỉnh giá 15 giờ 00 ngày 03.10.2015 là 1.830 tỷ đồng,03.10.2015,https://www.petrolimex.com.vn/ndi/minh-bach-xang-dau/uoc-ton-quy-bog-tai-petrolimex-truoc-thoi-diem-dieu-chinh-gia-15-gio-00-ngay-03-10-2015-la-1-830-ty-dong.html,1.830tỷ Đồng
Ước tồn Quỹ BOG tại Petrolimex trước thời điểm tăng giá 15 giờ 00 ngày 18.9.2015 là 1.725 tỷ đồng,18.9.2015,https://www.petrolimex.com.vn/ndi/minh-bach-xang-dau/uoc-ton-quy-bog-tai-petrolimex-truoc-thoi-diem-tang-gia-15-gio-00-ngay-18-9-2015-la-1-725-ty-dong.html,1.725 tỷ Đồng
Ước tồn Quỹ BOG tại Petrolimex trước thời điểm giảm giá 15 giờ 00 ngày 03.9.2015 là 1.620 tỷ đồng,03.9.2015,https://www.petrolimex.com.vn/ndi/minh-bach-xang-dau/petrolimex-minh-bach-xang-dau-uoc-ton-quy-bog-tai-petrolimex-truoc-thoi-diem-giam-gia-15-gio-00-ngay-03-9-2015-la-1-620-ty-dong.html,1.620 tỷ Đồng
Ước tồn Quỹ BOG tại Petrolimex trước thời điểm giảm giá 15 giờ 00 ngày 19.8.2015 là 1.530 tỷ đồng,19.8.2015,https://www.petrolimex.com.vn/ndi/minh-bach-xang-dau/uoc-ton-quy-bog-tai-petrolimex-truoc-thoi-diem-giam-gia-15-gio-00-ngay-19-8-2015-la-1-530-ty-dong.html,1.530 tỷ Đồng
Ước tồn Quỹ BOG tại Petrolimex trước thời điểm điều chỉnh giá 14 giờ 30 ngày 04.8.2015 là 1.444 tỷ đồng,04.8.2015,https://www.petrolimex.com.vn/ndi/minh-bach-xang-dau/uoc-ton-quy-bog-tai-petrolimex-truoc-thoi-diem-dieu-chinh-gia-14-gio-30-ngay-04-8-2015-la-1-444-ty-dong.html,1.444 tỷ Đồng
Ước tồn Quỹ BOG tại Petrolimex trước thời điểm điều chỉnh giá 15 giờ 00 ngày 20.7.2015 là 1.350 tỷ đồng,20.7.2015,https://www.petrolimex.com.vn/ndi/minh-bach-xang-dau/petrolimex-minh-bach-xang-dau-uoc-ton-quy-bog-tai-petrolimex-truoc-thoi-diem-dieu-chinh-gia-15-gio-00-ngay-20-7-2015-la-1-350-ty-dong.html,1.350 tỷ Đồng
Ước tồn Quỹ BOG tại Petrolimex trước thời điểm điều chỉnh giá 13 giờ 00 ngày 04.7.2015 là 1.340 tỷ đồng,04.7.2015,https://www.petrolimex.com.vn/ndi/minh-bach-xang-dau/uoc-ton-quy-bog-tai-petrolimex-truoc-thoi-diem-dieu-chinh-gia-13-gio-00-ngay-04-7-2015.html,1.340 tỷ Đồng
Ước tồn Quỹ BOG tại Petrolimex trước thời điểm điều chỉnh giá xăng dầu ngày 19.6.2015 là 1.390 tỷ Đồng,19.6.2015,https://www.petrolimex.com.vn/ndi/minh-bach-xang-dau/uoc-ton-quy-bog-tai-petrolimex-truoc-thoi-diem-dieu-chinh-gia-xang-dau-ngay-19-6-2015-la-1-390-ty-dong.html,1.390 tỷ Đồng
Ước tồn Quỹ BOG tại Petrolimex trước thời điểm giảm giá dầu ngày 04.6.2015 là 1.450 tỷ Đồng,04.6.2015,https://www.petrolimex.com.vn/ndi/minh-bach-xang-dau/uoc-ton-quy-bog-tai-petrolimex-truoc-thoi-diem-giam-gia-dau-ngay-04-6-2015-la-1-450-ty-dong.html,1.450 tỷ Đồng
"Ước tồn Quỹ BOG tại Petrolimex trước thời điểm điều chỉnh giá dầu ngày 21.5.2015 là 1.412,5 tỷ Đồng",21.5.2015,https://www.petrolimex.com.vn/ndi/minh-bach-xang-dau/petrolimex-minh-bach-xang-dau-uoc-ton-quy-bog-tai-petrolimex-truoc-thoi-diem-dieu-chinh-gia-dau-ngay-20-5-2015-la-1-4125-ty-dong.html,"1.412,5 tỷ Đồng"
Ước tồn Quỹ BOG tại Petrolimex trước thời điểm tăng giá xăng ngày 20.5.2015 là 1.414 tỷ Đồng,20.5.2015,https://www.petrolimex.com.vn/ndi/minh-bach-xang-dau/uoc-ton-quy-bog-tai-petrolimex-truoc-thoi-diem-dieu-chinh-gia-xang-dau-ngay-20-5-2015.html,1.414 tỷ Đồng
Ước tồn Quỹ BOG tại Petrolimex trước thời điểm điều chỉnh giá xăng dầu ngày 05.5.2015 là 1.790 tỷ Đồng,05.5.2015,https://www.petrolimex.com.vn/ndi/minh-bach-xang-dau/uoc-ton-quy-bog-tai-petrolimex-truoc-thoi-diem-dieu-chinh-gia-xang-dau-ngay-05-5-2015.html,1.790 tỷ Đồng
Ước tồn Quỹ BOG tại Petrolimex trước thời điểm giảm giá dầu hoả và mazút ngày 26.3.2015 là 2.000 tỷ Đồng,26.3.2015,https://www.petrolimex.com.vn/ndi/minh-bach-xang-dau/uoc-ton-quy-bog-tai-petrolimex-truoc-thoi-diem-giam-gia-dau-hoa-va-mazut-ngay-26-3-2015-la-2-000-ty-dong.html,2.000 tỷ Đồng
Ước tồn Quỹ BOG tại Petrolimex trước thời điểm tăng giá ngày 11.3.2015 là 2.300 tỷ Đồng,11.3.2015,https://www.petrolimex.com.vn/ndi/minh-bach-xang-dau/petrolimex-minh-bach-xang-dau-uoc-ton-quy-bog-tai-petrolimex-truoc-thoi-diem-giam-gia-ngay-11-3-2015-la-2-300-ty-dong.html,2.300 tỷ Đồng
Ước tồn Quỹ BOG tại Petrolimex trước thời điểm giảm giá ngày 05.02.2015 là 2.650 tỷ Đồng,05.02.2015,https://www.petrolimex.com.vn/ndi/minh-bach-xang-dau/uoc-ton-quy-bog-tai-petrolimex-truoc-thoi-diem-giam-gia-ngay-05-02-2015-la-2-650-ty-dong.html,2.650 tỷ Đồng
Ước tồn Quỹ BOG tại Petrolimex trước thời điểm giảm giá ngày 21.01.2015 là 2.400 tỷ Đồng,21.01.2015,https://www.petrolimex.com.vn/ndi/minh-bach-xang-dau/petrolimex-minh-bach-xang-dau-uoc-ton-quy-bog-tai-petrolimex-truoc-thoi-diem-giam-gia-ngay-21-01-2015-la-2-400-ty-dong.html,2.400 tỷ Đồng
Ước tồn Quỹ BOG tại Petrolimex trước thời điểm giảm giá ngày 06.01.2015 là 2.200 tỷ Đồng,06.01.2015,https://www.petrolimex.com.vn/ndi/minh-bach-xang-dau/uoc-ton-quy-bog-tai-petrolimex-truoc-thoi-diem-giam-gia-ngay-06-01-2015-la-2-200-ty-dong.html,2.200 tỷ Đồng
Ước tồn Quỹ BOG tại Petrolimex trước thời điểm giảm giá ngày 22.12.2014 là 1.955 tỷ Đồng,22.12.2014,https://www.petrolimex.com.vn/ndi/minh-bach-xang-dau/uoc-ton-quy-bog-tai-petrolimex-truoc-thoi-diem-giam-gia-ngay-22-12-2014-la-1-955-ty-dong.html,1.955 tỷ Đồng
Ước tồn Quỹ BOG tại Petrolimex trước thời điểm giảm giá ngày 06.12.2014 là 1.850 tỷ Đồng,06.12.2014,https://www.petrolimex.com.vn/ndi/minh-bach-xang-dau/uoc-ton-quy-bog-tai-petrolimex-truoc-thoi-diem-giam-gia-ngay-06-12-2014-la-1-850-ty-dong.html,1.850 tỷ Đồng
Ước tồn Quỹ BOG tại Petrolimex trước thời điểm giảm giá ngày 22.11.2014 là 1.650 tỷ Đồng,22.11.2014,https://www.petrolimex.com.vn/ndi/minh-bach-xang-dau/petrolimex-minh-bach-xang-dau-uoc-ton-quy-bog-tai-petrolimex-truoc-thoi-diem-giam-gia-ngay-22-11-2014-la-1-650-ty-dong.html,1.650 tỷ Đồng
Ước tồn Quỹ BOG tại Petrolimex trước thời điểm giảm giá ngày 07.11.2014 là 1.500 tỷ Đồng,07.11.2014,https://www.petrolimex.com.vn/ndi/minh-bach-xang-dau/uoc-ton-quy-bog-tai-petrolimex-tai-thoi-diem-giam-gia-ngay-07-11-2014.html,1.500 tỷ Đồng
