doc_id,date,vcb_sell_price_raw
a728f566cad561f8,16/4/26,26.357
a728f566cad561f8,17/4/26,26.357
a728f566cad561f8,18/4/26,-
a728f566cad561f8,19/4/26,-
a728f566cad561f8,20/4/26,26.358
896e0a3f91d55e45,3/4/26,-
896e0a3f91d55e45,4/4/26,-
896e0a3f91d55e45,5/4/26,-
896e0a3f91d55e45,6/4/26,26.361
896e0a3f91d55e45,7/4/26,26.363
5038f03bf8420274,5/3/26,26.307
5038f03bf8420274,6/3/26,26.309
cd334f1809ca70cb,26/2/26,26.260
cd334f1809ca70cb,27/2/26,26.230
cd334f1809ca70cb,28/2/26,-
cd334f1809ca70cb,1/3/26,-
cd334f1809ca70cb,2/3/26,26.289
cd334f1809ca70cb,3/3/26,26.298
cd334f1809ca70cb,4/3/26,26.304
f7f6307c25f1bd85,20/2/26,26.160
f7f6307c25f1bd85,21/2/26,-
f7f6307c25f1bd85,22/2/26,-
f7f6307c25f1bd85,23/2/26,26.290
f7f6307c25f1bd85,24/2/26,26.305
f7f6307c25f1bd85,25/2/26,26.309
bf9489af04f85357,12/2/26,"26,160"
bf9489af04f85357,13/2/26,"26,160"
bf9489af04f85357,14/2/26,-
bf9489af04f85357,15/2/26,-
bf9489af04f85357,16/2/26,"26,160"
bf9489af04f85357,17/2/26,-
bf9489af04f85357,18/2/26,-
bf9489af04f85357,19/2/26,"26,160"
4140a899a2cfcefd,5/2/26,26.150
4140a899a2cfcefd,6/2/26,26.140
4140a899a2cfcefd,7/2/26,-
4140a899a2cfcefd,8/2/26,-
4140a899a2cfcefd,9/2/26,26.100
4140a899a2cfcefd,10/2/26,26.060
4140a899a2cfcefd,11/2/26,26.160
6809720dbebd9a21,29/1/26,26.200
6809720dbebd9a21,30/1/26,26.110
6809720dbebd9a21,31/1/26,-
6809720dbebd9a21,1/2/26,-
6809720dbebd9a21,2/2/26,26.180
6809720dbebd9a21,3/2/26,26.180
6809720dbebd9a21,4/2/26,26.180
48cea29f6701993d,22/1/26,26.381
48cea29f6701993d,23/1/26,26.381
48cea29f6701993d,24/1/26,-
48cea29f6701993d,25/1/26,-
48cea29f6701993d,26/1/26,26.368
48cea29f6701993d,27/1/26,26.330
48cea29f6701993d,28/1/26,26.260
a874d5794c21461f,15/1/26,26.391
a874d5794c21461f,16/1/26,26.387
a874d5794c21461f,17/1/26,-
a874d5794c21461f,18/1/26,-
a874d5794c21461f,19/1/26,26.388
a874d5794c21461f,20/1/26,26.386
a874d5794c21461f,21/1/26,26.380
7ceb92855164dccc,31/12/25,26.377
7ceb92855164dccc,1/1/26,-
7ceb92855164dccc,2/1/26,26.377
7ceb92855164dccc,3/1/26,-
7ceb92855164dccc,4/1/26,-
7ceb92855164dccc,5/1/26,26.380
7ceb92855164dccc,6/1/26,26.378
7ceb92855164dccc,7/1/26,26.378
84b6eb81c9fa9228,25/12/25,-
84b6eb81c9fa9228,26/12/25,26.384
84b6eb81c9fa9228,27/12/25,-
84b6eb81c9fa9228,28/12/25,-
84b6eb81c9fa9228,29/12/25,26.381
84b6eb81c9fa9228,30/12/25,26.380
cd990b5d4e95df0e,18/12/25,26.408
cd990b5d4e95df0e,19/12/25,26.405
cd990b5d4e95df0e,20/12/25,-
cd990b5d4e95df0e,21/12/25,-
cd990b5d4e95df0e,22/12/25,26.406
cd990b5d4e95df0e,23/12/25,26.403
cd990b5d4e95df0e,24/12/25,26.403
52ca854df47d6ca2,11/12/25,26.411
52ca854df47d6ca2,12/12/25,26.405
52ca854df47d6ca2,13/12/25,-
52ca854df47d6ca2,14/12/25,-
52ca854df47d6ca2,15/12/25,26.401
52ca854df47d6ca2,16/12/25,26.398
52ca854df47d6ca2,17/12/25,26.403
cf4043b38fa0a377,4/12/25,26.409
cf4043b38fa0a377,5/12/25,26.408
cf4043b38fa0a377,6/12/25,-
cf4043b38fa0a377,7/12/25,-
cf4043b38fa0a377,8/12/25,26.409
cf4043b38fa0a377,9/12/25,26.412
cf4043b38fa0a377,10/12/25,26.412
4276ec4c940451d6,27/11/25,26.409
4276ec4c940451d6,28/11/25,26.412
4276ec4c940451d6,29/11/25,
4276ec4c940451d6,30/11/25,
4276ec4c940451d6,1/12/25,26.413
4276ec4c940451d6,2/12/25,26.410
4276ec4c940451d6,3/12/25,26.410
ce79c97a8561cafd,20/11/25,26.386
ce79c97a8561cafd,21/11/25,26.392
ce79c97a8561cafd,22/11/25,-
ce79c97a8561cafd,23/11/25,-
ce79c97a8561cafd,24/11/25,26.401
ce79c97a8561cafd,25/11/25,26.403
ce79c97a8561cafd,26/11/25,26.403
0ef954a9d915b261,13/11/25,"26,381"
0ef954a9d915b261,14/11/25,"26,378"
0ef954a9d915b261,15/11/25,
0ef954a9d915b261,16/11/25,
0ef954a9d915b261,17/11/25,"26,376"
0ef954a9d915b261,18/11/25,"26,388"
0ef954a9d915b261,19/11/25,"26,388"
1e7fd6acc777908a,6/11/25,"26,355"
1e7fd6acc777908a,7/11/25,"26,358"
1e7fd6acc777908a,8/11/25,-
1e7fd6acc777908a,9/11/25,-
1e7fd6acc777908a,10/11/25,"26,361"
1e7fd6acc777908a,11/11/25,"26,373"
1e7fd6acc777908a,12/11/25,"26,385"
6852d53097037f5c,30/10/25,26.345
6852d53097037f5c,31/10/25,26.347
6852d53097037f5c,1/11/25,-
6852d53097037f5c,2/11/25,-
6852d53097037f5c,3/11/25,26.347
6852d53097037f5c,4/11/25,26.349
6852d53097037f5c,5/11/25,26.351
4e73ea2c475175c5,23/10/25,26.352
4e73ea2c475175c5,24/10/25,26.352
4e73ea2c475175c5,25/10/25,-
4e73ea2c475175c5,26/10/25,-
4e73ea2c475175c5,27/10/25,26.351
4e73ea2c475175c5,28/10/25,26.349
4e73ea2c475175c5,29/10/25,26.345
224bfe067c3e56e0,9/10/25,"26,386"
224bfe067c3e56e0,10/10/25,"26,384"
224bfe067c3e56e0,11/10/25,-
224bfe067c3e56e0,12/10/25,-
224bfe067c3e56e0,13/10/25,"26,367"
224bfe067c3e56e0,14/10/25,"26,369"
224bfe067c3e56e0,15/10/25,"26,360"
3d3cc7b8749f5d7a,2/10/25,"26,435"
3d3cc7b8749f5d7a,3/10/25,"26,420"
3d3cc7b8749f5d7a,4/10/25,-
3d3cc7b8749f5d7a,5/10/25,-
3d3cc7b8749f5d7a,6/10/25,"26,403"
3d3cc7b8749f5d7a,7/10/25,"26,398"
3d3cc7b8749f5d7a,8/10/25,"26,389"
6d0d915b3c40f1f8,25/9/25,"26,450"
6d0d915b3c40f1f8,26/9/25,"26,453"
6d0d915b3c40f1f8,27/9/25,-
6d0d915b3c40f1f8,28/9/25,-
6d0d915b3c40f1f8,29/9/25,"26,451"
6d0d915b3c40f1f8,30/9/25,"26,446"
6d0d915b3c40f1f8,1/10/25,"26,446"
29581e6f1ebe579f,18/9/25,"26,445"
29581e6f1ebe579f,19/9/25,"26,445"
29581e6f1ebe579f,20/9/25,-
29581e6f1ebe579f,21/9/25,-
29581e6f1ebe579f,22/9/25,"26,448"
29581e6f1ebe579f,23/9/25,"26,448"
29581e6f1ebe579f,24/9/25,"26,445"
890d8b16af9704e1,11/9/25,26.482
890d8b16af9704e1,12/9/25,26.476
890d8b16af9704e1,13/9/25,-
890d8b16af9704e1,14/9/25,-
890d8b16af9704e1,15/9/25,26.476
890d8b16af9704e1,16/9/25,26.468
890d8b16af9704e1,17/9/25,26.457
5e038ebe3805ab01,4/9/25,"26,510"
5e038ebe3805ab01,5/9/25,"26,510"
5e038ebe3805ab01,6/9/25,-
5e038ebe3805ab01,7/9/25,-
5e038ebe3805ab01,8/9/25,"26,497"
5e038ebe3805ab01,9/9/25,"26,497"
5e038ebe3805ab01,10/9/25,"26,482"
d71ca098e4ef19e1,28/8/25,"26,531"
d71ca098e4ef19e1,29/8/25,"26,502"
d71ca098e4ef19e1,30/8/25,-
d71ca098e4ef19e1,31/8/25,-
d71ca098e4ef19e1,1/9/25,"26,502"
d71ca098e4ef19e1,2/9/25,"26,502"
d71ca098e4ef19e1,3/9/25,"26,508"
60652000ef0073df,21/8/25,26.536
60652000ef0073df,22/8/25,26.520
60652000ef0073df,23/8/25,-
60652000ef0073df,24/8/25,-
60652000ef0073df,25/8/25,26.480
60652000ef0073df,26/8/25,26.530
60652000ef0073df,27/8/25,26.536
e3098fe9b030e746,14/8/25,26.440
e3098fe9b030e746,15/8/25,26.450
e3098fe9b030e746,16/8/25,-
e3098fe9b030e746,17/8/25,-
e3098fe9b030e746,18/8/25,26.470
e3098fe9b030e746,19/8/25,26.490
e3098fe9b030e746,20/8/25,26.520
de63768e8edbc9f8,7/8/25,"26,400"
de63768e8edbc9f8,8/8/25,"26,400"
de63768e8edbc9f8,9/8/25,-
de63768e8edbc9f8,10/8/25,-
de63768e8edbc9f8,11/8/25,"26,400"
de63768e8edbc9f8,12/8/25,"26,450"
de63768e8edbc9f8,13/8/25,"26,450"
bb8d0255d7f62a48,31/7/25,"26,380"
bb8d0255d7f62a48,1/8/25,"26,390"
bb8d0255d7f62a48,2/8/25,-
bb8d0255d7f62a48,3/8/25,-
bb8d0255d7f62a48,4/8/25,"26,370"
bb8d0255d7f62a48,5/8/25,"26,420"
bb8d0255d7f62a48,6/8/25,"26,420"
b9f957592c086c67,24/7/25,26.320
b9f957592c086c67,25/7/25,26.320
b9f957592c086c67,26/7/25,-
b9f957592c086c67,27/7/25,-
b9f957592c086c67,28/7/25,26.370
b9f957592c086c67,29/7/25,26.400
b9f957592c086c67,30/7/25,26.390
04952f180c7b5bda,17/7/25,"26,330"
04952f180c7b5bda,18/7/25,"26,340"
04952f180c7b5bda,19/7/25,-
04952f180c7b5bda,20/7/25,-
04952f180c7b5bda,21/7/25,"26,340"
04952f180c7b5bda,22/7/25,"26,320"
04952f180c7b5bda,23/7/25,"26,320"
8a053775d8966ef2,10/7/25,26.290
8a053775d8966ef2,11/7/25,26.290
8a053775d8966ef2,12/7/25,-
8a053775d8966ef2,13/7/25,-
8a053775d8966ef2,14/7/25,26.290
8a053775d8966ef2,15/7/25,26.310
8a053775d8966ef2,16/7/25,26.330
a321ba1451d946ec,3/7/25,26.345
a321ba1451d946ec,4/7/25,26.350
a321ba1451d946ec,5/7/25,-
a321ba1451d946ec,6/7/25,-
a321ba1451d946ec,7/7/25,26.330
a321ba1451d946ec,8/7/25,26.305
a321ba1451d946ec,9/7/25,26.320
5adae1dced8dbd55,26/6/25,26.290
5adae1dced8dbd55,27/6/25,26.270
5adae1dced8dbd55,28/6/25,-
5adae1dced8dbd55,29/6/25,-
5adae1dced8dbd55,30/6/25,26.300
5adae1dced8dbd55,1/7/25,26.310
5adae1dced8dbd55,2/7/25,26.323
5a5265c83adc2602,19/6/25,26.276
5a5265c83adc2602,20/6/25,26.282
5a5265c83adc2602,21/6/25,-
5a5265c83adc2602,22/6/25,-
5a5265c83adc2602,23/6/25,26.279
5a5265c83adc2602,24/6/25,26.310
5a5265c83adc2602,25/6/25,26.307
678175aa5523860d,12/6/25,"26,210"
678175aa5523860d,13/6/25,"26,223"
678175aa5523860d,14/6/25,-
678175aa5523860d,15/6/25,-
678175aa5523860d,16/6/25,"26,242"
678175aa5523860d,17/6/25,"26,247"
678175aa5523860d,18/6/25,"26,243"
2e4508090c994436,5/6/25,26.244
2e4508090c994436,6/6/25,26.220
2e4508090c994436,7/6/25,-
2e4508090c994436,8/6/25,-
2e4508090c994436,9/6/25,26.220
2e4508090c994436,10/6/25,26.200
2e4508090c994436,11/6/25,26.200
70311e056d5ffa15,29/5/25,26.200
70311e056d5ffa15,30/5/25,26.200
70311e056d5ffa15,31/5/25,-
70311e056d5ffa15,1/6/25,-
70311e056d5ffa15,2/6/25,26.200
70311e056d5ffa15,3/6/25,26.230
70311e056d5ffa15,4/6/25,26.254
b8c6b7893827fa99,22/5/25,26.150
b8c6b7893827fa99,23/5/25,26.130
b8c6b7893827fa99,24/5/25,-
b8c6b7893827fa99,25/5/25,-
b8c6b7893827fa99,26/5/25,26.090
b8c6b7893827fa99,27/5/25,26.100
b8c6b7893827fa99,28/5/25,26.140
11ae3aa3d8e13813,15/5/25,"26,110"
11ae3aa3d8e13813,16/5/25,"26,110"
11ae3aa3d8e13813,17/5/25,-
11ae3aa3d8e13813,18/5/25,-
11ae3aa3d8e13813,19/5/25,"26,120"
11ae3aa3d8e13813,20/5/25,"26,140"
11ae3aa3d8e13813,21/5/25,"26,140"
df9f7f768eccc0e8,8/5/25,"26,150"
df9f7f768eccc0e8,9/5/25,"26,140"
df9f7f768eccc0e8,10/5/25,-
df9f7f768eccc0e8,11/5/25,-
df9f7f768eccc0e8,12/5/25,-
df9f7f768eccc0e8,13/5/25,"26,140"
df9f7f768eccc0e8,14/5/25,"26,120"
0761832a6f3871c9,5/5/25,26.140
0761832a6f3871c9,6/5/25,26.150
0761832a6f3871c9,7/5/25,26.130
f066ef7a129e75dc,24/4/25,26.174
f066ef7a129e75dc,25/4/25,26.195
f066ef7a129e75dc,26/4/25,-
f066ef7a129e75dc,27/4/25,-
f066ef7a129e75dc,28/4/25,26.170
f066ef7a129e75dc,29/4/25,26.180
f066ef7a129e75dc,30/4/25,26.180
f066ef7a129e75dc,1/5/25,-
f066ef7a129e75dc,2/5/25,26.180
f066ef7a129e75dc,3/5/25,-
f066ef7a129e75dc,4/5/25,-
a08f9af844846763,17/4/25,26.060
a08f9af844846763,18/4/25,-
a08f9af844846763,19/4/25,-
a08f9af844846763,20/4/25,-
a08f9af844846763,21/4/25,26.060
a08f9af844846763,22/4/25,26.115
a08f9af844846763,23/4/25,26.141
8156ff3d02aa4d36,10/4/25,25.970
8156ff3d02aa4d36,11/4/25,25.920
8156ff3d02aa4d36,12/4/25,-
8156ff3d02aa4d36,13/4/25,-
8156ff3d02aa4d36,14/4/25,26.000
8156ff3d02aa4d36,15/4/25,26.010
8156ff3d02aa4d36,16/4/25,26.010
93c4a91c0e45e9e5,3/4/25,25.980
93c4a91c0e45e9e5,4/4/25,25.960
93c4a91c0e45e9e5,5/4/25,-
93c4a91c0e45e9e5,6/4/25,-
93c4a91c0e45e9e5,7/4/25,25.960
93c4a91c0e45e9e5,8/4/25,26.140
93c4a91c0e45e9e5,9/4/25,26.182
a69c1d3cf11a89b5,20/3/25,25.740
a69c1d3cf11a89b5,21/3/25,25.760
a69c1d3cf11a89b5,22/3/25,-
a69c1d3cf11a89b5,23/3/25,-
a69c1d3cf11a89b5,24/3/25,25.810
a69c1d3cf11a89b5,25/3/25,25.810
a69c1d3cf11a89b5,26/3/25,25.750
90ae92eed8a97b76,13/3/25,25.680
90ae92eed8a97b76,14/3/25,25.710
90ae92eed8a97b76,15/3/25,-
90ae92eed8a97b76,16/3/25,-
90ae92eed8a97b76,17/3/25,25.720
90ae92eed8a97b76,18/3/25,25.710
90ae92eed8a97b76,19/3/25,25.730
71e3d0f6592fbb77,27/2/25,25.740
71e3d0f6592fbb77,28/2/25,25.730
71e3d0f6592fbb77,1/3/25,-
71e3d0f6592fbb77,2/3/25,-
71e3d0f6592fbb77,3/3/25,25.780
71e3d0f6592fbb77,4/3/25,25.750
71e3d0f6592fbb77,5/3/25,25.680
fa1eb7d694a84828,20/2/25,25.710
fa1eb7d694a84828,21/2/25,25.680
fa1eb7d694a84828,22/2/25,-
fa1eb7d694a84828,23/2/25,-
fa1eb7d694a84828,24/2/25,25.670
fa1eb7d694a84828,25/2/25,25.690
fa1eb7d694a84828,26/2/25,25.720
a7b7db6999ddbac1,13/2/25,25.660
a7b7db6999ddbac1,14/2/25,25.580
a7b7db6999ddbac1,15/2/25,-
a7b7db6999ddbac1,16/2/25,-
a7b7db6999ddbac1,17/2/25,25.640
a7b7db6999ddbac1,18/2/25,25.700
a7b7db6999ddbac1,19/2/25,25.700
36402681df05eb59,6/2/25,25.450
36402681df05eb59,7/2/25,25.470
36402681df05eb59,8/2/25,-
36402681df05eb59,9/2/25,-
36402681df05eb59,10/2/25,25.560
36402681df05eb59,11/2/25,25.700
36402681df05eb59,12/2/25,25.740
cde62b286d7ce87e,1/2/25,-
cde62b286d7ce87e,2/2/25,-
cde62b286d7ce87e,3/2/25,25.500
cde62b286d7ce87e,4/2/25,25.360
cde62b286d7ce87e,5/2/25,25.340
42773ce2c7acca4f,23/1/25,25.320
42773ce2c7acca4f,24/1/25,25.300
42773ce2c7acca4f,25/1/25,-
42773ce2c7acca4f,26/1/25,-
42773ce2c7acca4f,27/1/25,25.300
42773ce2c7acca4f,28/1/25,25.300
42773ce2c7acca4f,29/1/25,-
42773ce2c7acca4f,30/1/25,-
42773ce2c7acca4f,31/1/25,25.300
2d366215e386724a,16/1/25,25.549
2d366215e386724a,17/1/25,25.510
2d366215e386724a,18/1/25,-
2d366215e386724a,19/1/25,-
2d366215e386724a,20/1/25,25.500
2d366215e386724a,21/1/25,25.450
2d366215e386724a,22/1/25,25.320
cb6106ec65b0f039,9/1/25,25.554
cb6106ec65b0f039,10/1/25,25.558
cb6106ec65b0f039,11/1/25,-
cb6106ec65b0f039,12/1/25,-
cb6106ec65b0f039,13/1/25,25.560
cb6106ec65b0f039,14/1/25,25.563
cb6106ec65b0f039,15/1/25,25.554
60dbc03761dfa22f,19/12/24,25.519
60dbc03761dfa22f,20/12/24,25.540
60dbc03761dfa22f,21/12/24,-
60dbc03761dfa22f,22/12/24,-
60dbc03761dfa22f,23/12/24,25.530
60dbc03761dfa22f,24/12/24,25.523
60dbc03761dfa22f,25/12/24,-
55200b1cf534bc1c,12/12/24,25.471
55200b1cf534bc1c,13/12/24,25.477
55200b1cf534bc1c,14/12/24,-
55200b1cf534bc1c,15/12/24,-
55200b1cf534bc1c,16/12/24,25.485
55200b1cf534bc1c,17/12/24,25.483
55200b1cf534bc1c,18/12/24,25.491
e1d4cd5b265ecce4,28/11/24,25.484
e1d4cd5b265ecce4,29/11/24,25.463
e1d4cd5b265ecce4,30/11/24,-
e1d4cd5b265ecce4,1/12/24,-
e1d4cd5b265ecce4,2/12/24,25.452
e1d4cd5b265ecce4,3/12/24,25.473
e1d4cd5b265ecce4,4/12/24,25.475
5eef8331bfa2de62,21/11/24,25.504
5eef8331bfa2de62,22/11/24,25.509
5eef8331bfa2de62,23/11/24,-
5eef8331bfa2de62,24/11/24,-
5eef8331bfa2de62,25/11/24,25.506
5eef8331bfa2de62,26/11/24,25.509
5eef8331bfa2de62,27/11/24,25.509
2f790c55b31bad00,14/11/24,25.504
2f790c55b31bad00,15/11/24,25.512
2f790c55b31bad00,16/11/24,-
2f790c55b31bad00,17/11/24,-
2f790c55b31bad00,18/11/24,25.502
2f790c55b31bad00,19/11/24,25.507
2f790c55b31bad00,20/11/24,25.499
4a6e7231324c9b50,7/11/24,25.497
4a6e7231324c9b50,8/11/24,25.470
4a6e7231324c9b50,9/11/24,-
4a6e7231324c9b50,10/11/24,-
4a6e7231324c9b50,11/11/24,25.476
4a6e7231324c9b50,12/11/24,25.480
4a6e7231324c9b50,13/11/24,25.502
81ea7e10e17bf4ea,31/10/24,-
81ea7e10e17bf4ea,1/11/24,25.454
81ea7e10e17bf4ea,2/11/24,-
81ea7e10e17bf4ea,3/11/24,-
81ea7e10e17bf4ea,4/11/24,25.465
81ea7e10e17bf4ea,5/11/24,25.460
81ea7e10e17bf4ea,6/11/24,25.470
67424b4bd17e4957,24/10/24,25.473
67424b4bd17e4957,25/10/24,25.467
67424b4bd17e4957,26/10/24,-
67424b4bd17e4957,27/10/24,-
67424b4bd17e4957,28/10/24,25.464
8e8a2ffeca0c5f07,17/10/24,"25,370"
8e8a2ffeca0c5f07,18/10/24,"25,340"
8e8a2ffeca0c5f07,19/10/24,-
8e8a2ffeca0c5f07,20/10/24,-
8e8a2ffeca0c5f07,21/10/24,"25,430"
8e8a2ffeca0c5f07,22/10/24,"25,452"
8e8a2ffeca0c5f07,23/10/24,"25,462"
271060ee867d8926,10/10/24,"25,030"
271060ee867d8926,11/10/24,"25,000"
271060ee867d8926,12/10/24,-
271060ee867d8926,13/10/24,-
271060ee867d8926,14/10/24,"25,020"
271060ee867d8926,15/10/24,"25,125"
271060ee867d8926,16/10/24,"25,170"
9faf39ef788ff56d,3/10/24,"24,920"
9faf39ef788ff56d,4/10/24,"24,940"
9faf39ef788ff56d,5/10/24,-
9faf39ef788ff56d,6/10/24,-
9faf39ef788ff56d,7/10/24,"25,030"
9faf39ef788ff56d,8/10/24,"25,025"
9faf39ef788ff56d,9/10/24,"25,025"
141e9343abe20eb9,26/9/24,"24,800"
141e9343abe20eb9,27/9/24,"24,760"
141e9343abe20eb9,28/9/24,-
141e9343abe20eb9,29/9/24,-
141e9343abe20eb9,30/9/24,"24,740"
141e9343abe20eb9,1/10/24,"24,770"
141e9343abe20eb9,2/10/24,"24,820"
a949aafc486ea103,19/9/24,"24,750"
a949aafc486ea103,20/9/24,"24,740"
a949aafc486ea103,21/9/24,-
a949aafc486ea103,22/9/24,-
a949aafc486ea103,23/9/24,"24,800"
a949aafc486ea103,24/9/24,"24,770"
a949aafc486ea103,25/9/24,"24,750"
7d3ebb22e94f1f40,12/9/24,"24,750"
7d3ebb22e94f1f40,13/9/24,"24,730"
7d3ebb22e94f1f40,14/9/24,-
7d3ebb22e94f1f40,15/9/24,-
7d3ebb22e94f1f40,16/9/24,"24,720"
7d3ebb22e94f1f40,17/9/24,"24,770"
7d3ebb22e94f1f40,18/9/24,"24,810"
b7d05ef645a67f44,5/9/24,"24,920"
b7d05ef645a67f44,6/9/24,"24,770"
b7d05ef645a67f44,7/9/24,-
b7d05ef645a67f44,8/9/24,-
b7d05ef645a67f44,9/9/24,"24,840"
b7d05ef645a67f44,10/9/24,"24,830"
b7d05ef645a67f44,11/9/24,"24,725"
92226e6a7b03760b,15/8/24,"25,210"
92226e6a7b03760b,16/8/24,"25,230"
92226e6a7b03760b,17/8/24,-
92226e6a7b03760b,18/8/24,-
92226e6a7b03760b,19/8/24,"25,160"
92226e6a7b03760b,20/8/24,"25,080"
92226e6a7b03760b,21/8/24,"25,100"
8daeccf4f36f9455,8/8/24,"25,320"
8daeccf4f36f9455,9/8/24,-
8daeccf4f36f9455,10/8/24,-
8daeccf4f36f9455,11/8/24,-
8daeccf4f36f9455,12/8/24,"25,280"
8daeccf4f36f9455,13/8/24,"25,290"
8daeccf4f36f9455,14/8/24,"25,190"
b4ee19c7165c12a0,1/8/24,"25,400"
b4ee19c7165c12a0,2/8/24,"25,380"
b4ee19c7165c12a0,3/8/24,-
b4ee19c7165c12a0,4/8/24,-
b4ee19c7165c12a0,5/8/24,"25,270"
b4ee19c7165c12a0,6/8/24,"25,320"
b4ee19c7165c12a0,7/8/24,"25,335"
1cb3b772784ecebf,25/7/24,"25,460"
1cb3b772784ecebf,26/7/24,"25,461"
1cb3b772784ecebf,27/7/24,-
1cb3b772784ecebf,2/87/24,-
1cb3b772784ecebf,2/97/24,"25,455"
1cb3b772784ecebf,30/7/24,"25,460"
1cb3b772784ecebf,31/7/24,"25,420"
79fbdd1395119f99,18/7/24,"25,450"
79fbdd1395119f99,19/7/24,"25,458"
79fbdd1395119f99,20/7/24,-
79fbdd1395119f99,21/7/24,-
79fbdd1395119f99,22/7/24,"25,474"
79fbdd1395119f99,23/7/24,"25,477"
79fbdd1395119f99,24/7/24,"25,477"
d55e0016dee18732,11/7/24,"25,465.00"
d55e0016dee18732,12/7/24,"25,460.00"
d55e0016dee18732,13/7/24,-
d55e0016dee18732,14/7/24,-
d55e0016dee18732,15/7/24,"25,457.00"
d55e0016dee18732,16/7/24,"25,457.00"
d55e0016dee18732,17/7/24,"25,468.00"
84d07ef8a882969f,4/7/24,"25,463"
84d07ef8a882969f,5/7/24,"25,458"
84d07ef8a882969f,6/7/24,-
84d07ef8a882969f,7/7/24,-
84d07ef8a882969f,8/7/24,"25,455"
84d07ef8a882969f,9/7/24,"25,454"
84d07ef8a882969f,10/7/24,"25,459"
7959ab958153b98b,27/6/24,"25,477"
7959ab958153b98b,28/6/24,"25,473"
7959ab958153b98b,29/6/24,-
7959ab958153b98b,30/6/24,-
7959ab958153b98b,1/7/24,"25,464"
7959ab958153b98b,2/7/24,"25,465"
7959ab958153b98b,3/7/24,"25,470"
f3815863f9e37aba,20/6/24,"25,467"
f3815863f9e37aba,21/6/24,"25,468"
f3815863f9e37aba,22/6/24,-
f3815863f9e37aba,23/6/24,-
f3815863f9e37aba,24/6/24,"25,475"
f3815863f9e37aba,25/6/24,"25,465"
f3815863f9e37aba,26/6/24,"25,470"
64c3790a34fc2a62,13/6/24,"25,457"
64c3790a34fc2a62,14/6/24,"25,461"
64c3790a34fc2a62,15/6/24,-
64c3790a34fc2a62,16/6/24,-
64c3790a34fc2a62,17/6/24,-
64c3790a34fc2a62,18/6/24,"25,471"
64c3790a34fc2a62,19/6/24,"25,469"
c1c8c98c8d46237b,6/6/24,"25,453"
c1c8c98c8d46237b,7/6/24,"25,453"
c1c8c98c8d46237b,8/6/24,-
c1c8c98c8d46237b,9/6/24,-
c1c8c98c8d46237b,10/6/24,"25,454"
c1c8c98c8d46237b,11/6/24,"25,462"
c1c8c98c8d46237b,12/6/24,"25,466"
5d23a701a057a309,30/5/24,"25,470"
5d23a701a057a309,31/5/24,"25,474"
5d23a701a057a309,1/6/24,
5d23a701a057a309,2/6/24,
5d23a701a057a309,3/6/24,"25,474"
5d23a701a057a309,4/6/24,"25,458"
5d23a701a057a309,5/6/24,"25,453"
49be5b6eff8c914b,23/5/24,"25,470"
49be5b6eff8c914b,24/5/24,"25,477"
49be5b6eff8c914b,25/5/24,-
49be5b6eff8c914b,26/5/24,-
49be5b6eff8c914b,27/5/24,"25,481"
49be5b6eff8c914b,28/5/24,"25,468"
49be5b6eff8c914b,29/5/24,"25,465"
bc836d5191d7ce51,16/5/24,"25,452"
bc836d5191d7ce51,17/5/24,"25,450"
bc836d5191d7ce51,18/5/24,-
bc836d5191d7ce51,19/5/24,-
bc836d5191d7ce51,20/5/24,"25,459"
bc836d5191d7ce51,21/5/24,"25,463"
bc836d5191d7ce51,22/5/24,-
58ef356368c56074,9/5/24,"25,478"
58ef356368c56074,10/5/24,"25,484"
58ef356368c56074,11/5/24,-
58ef356368c56074,12/5/24,-
58ef356368c56074,13/5/24,"25,479"
58ef356368c56074,14/5/24,"25,482"
58ef356368c56074,15/5/24,"25,482"
a29a516f2e050fb7,2/5/24,25.454
a29a516f2e050fb7,3/5/24,25.453
a29a516f2e050fb7,4/5/24,-
a29a516f2e050fb7,5/5/24,-
a29a516f2e050fb7,6/5/24,"25,457"
a29a516f2e050fb7,7/5/24,"25,455"
a29a516f2e050fb7,8/5/24,"25,461"
cc3fff00c14c4ea3,25/4/24,"25,477"
cc3fff00c14c4ea3,26/4/24,"25,458"
cc3fff00c14c4ea3,27/4/24,-
cc3fff00c14c4ea3,28/4/24,-
cc3fff00c14c4ea3,29/4/24,"25,458"
cc3fff00c14c4ea3,30/4/24,"25,458"
cc3fff00c14c4ea3,1/5/24,-
e52bb3fc81b9a626,17/4/24,"25,440"
e52bb3fc81b9a626,18/4/24,"25,440"
e52bb3fc81b9a626,19/4/24,"25,473"
e52bb3fc81b9a626,20/4/24,-
e52bb3fc81b9a626,21/4/24,-
e52bb3fc81b9a626,22/4/24,"25,485"
e52bb3fc81b9a626,23/4/24,"25,488"
e52bb3fc81b9a626,24/4/24,"25,487"
dd4881330cce28e3,11/4/24,"25,170"
dd4881330cce28e3,12/4/24,"25,180"
dd4881330cce28e3,13/4/24,-
dd4881330cce28e3,14/4/24,-
dd4881330cce28e3,15/4/24,"25,300"
dd4881330cce28e3,16/4/24,"25,348"
2a1501798dd51761,4/4/24,"25,110"
2a1501798dd51761,5/4/24,"25,120"
2a1501798dd51761,6/4/24,-
2a1501798dd51761,7/4/24,-
2a1501798dd51761,8/4/24,"25,130"
2a1501798dd51761,9/4/24,"25,130"
2a1501798dd51761,10/4/24,-
b24b70c1085fb515,21/3/24,"24,950"
b24b70c1085fb515,22/3/24,"24,950"
b24b70c1085fb515,23/3/24,
b24b70c1085fb515,24/3/24,
b24b70c1085fb515,25/3/24,"24,930"
b24b70c1085fb515,26/3/24,"24,950"
b24b70c1085fb515,27/3/24,"24,950"
5246fa97457bcb70,14/3/24,"24,870"
5246fa97457bcb70,15/3/24,"24,890"
5246fa97457bcb70,16/3/24,-
5246fa97457bcb70,17/3/24,-
5246fa97457bcb70,18/3/24,"24,880"
5246fa97457bcb70,19/3/24,"24,910"
5246fa97457bcb70,20/3/24,"24,950"
218325b47d08220a,7/3/24,"24,870"
218325b47d08220a,8/3/24,"24,840"
218325b47d08220a,9/3/24,-
218325b47d08220a,10/3/24,-
218325b47d08220a,11/3/24,"24,790"
218325b47d08220a,12/3/24,"24,800"
218325b47d08220a,13/3/24,"24,820"
511bd198a7514607,29/2/24,"24,820"
511bd198a7514607,1/3/24,"24,810"
511bd198a7514607,2/3/24,-
511bd198a7514607,3/3/24,-
511bd198a7514607,4/3/24,"24,840"
511bd198a7514607,5/3/24,"24,850"
511bd198a7514607,6/3/24,"24,860"
d2bccd5ca4e11d24,22/2/24,"24,760"
d2bccd5ca4e11d24,23/2/24,"24,790"
d2bccd5ca4e11d24,24/2/24,
d2bccd5ca4e11d24,25/2/24,
d2bccd5ca4e11d24,26/2/24,"24,840"
d2bccd5ca4e11d24,27/2/24,"24,800"
d2bccd5ca4e11d24,28/2/24,"24,790"
4a63c46cb353090e,15/2/24,"24,610"
4a63c46cb353090e,16/2/24,"24,680"
4a63c46cb353090e,17/2/24,-
4a63c46cb353090e,18/2/24,-
4a63c46cb353090e,19/2/24,"24,700"
4a63c46cb353090e,20/2/24,"24,700"
4a63c46cb353090e,21/2/24,"24,680"
b6a5234b1125cb33,8/2/24,24.570
b6a5234b1125cb33,9/2/24,24.570
b6a5234b1125cb33,10/2/24,-
b6a5234b1125cb33,11/2/24,-
b6a5234b1125cb33,12/2/24,-
b6a5234b1125cb33,13/2/24,24.570
b6a5234b1125cb33,14/2/24,24.570
2196557009c194a0,1/2/24,"24,580"
2196557009c194a0,2/2/24,"24,500"
2196557009c194a0,3/2/24,-
2196557009c194a0,4/2/24,-
2196557009c194a0,5/2/24,"24,540"
2196557009c194a0,6/2/24,"24,530"
2196557009c194a0,7/2/24,"24,570"
30e240e2a457f143,25/1/24,"24,770"
30e240e2a457f143,26/1/24,"24,765"
30e240e2a457f143,27/1/24,
30e240e2a457f143,28/1/24,
30e240e2a457f143,29/1/24,"24,715"
30e240e2a457f143,30/1/24,"24,575"
30e240e2a457f143,31/1/24,"24,595"
06bd3142210deae9,18/1/24,"24,725"
06bd3142210deae9,19/1/24,"24,715"
06bd3142210deae9,20/1/24,-
06bd3142210deae9,21/1/24,-
06bd3142210deae9,22/1/24,"24,705"
06bd3142210deae9,23/1/24,"24,730"
06bd3142210deae9,24/1/24,"24,770"
f7af1a1867c6a7cd,11/1/24,"24,635.00"
f7af1a1867c6a7cd,12/1/24,"24,630.00"
f7af1a1867c6a7cd,13/1/24,-
f7af1a1867c6a7cd,14/1/24,-
f7af1a1867c6a7cd,15/1/24,"24,635.00"
f7af1a1867c6a7cd,16/1/24,"24,710.00"
f7af1a1867c6a7cd,17/1/24,"24,700.00"
8ee7aaa1a9b516d5,13/11/23,-
8ee7aaa1a9b516d5,14/11/23,"24,530.00"
8ee7aaa1a9b516d5,15/11/23,"24,440.00"
8ee7aaa1a9b516d5,16/11/23,"24,455.00"
8ee7aaa1a9b516d5,17/11/23,"24,415.00"
8ee7aaa1a9b516d5,18/11/23,-
8ee7aaa1a9b516d5,19/11/23,-
8ee7aaa1a9b516d5,20/11/23,"24,345.00"
8ee7aaa1a9b516d5,21/11/23,"24,290.00"
8ee7aaa1a9b516d5,22/11/23,"24,355.00"
fda83b07610d6d7a,21/8/23,"23,970.00"
fda83b07610d6d7a,22/8/23,"24,070.00"
fda83b07610d6d7a,23/8/23,"24,140.00"
fda83b07610d6d7a,24/8/23,"24,150.00"
fda83b07610d6d7a,25/8/23,"24,150.00"
fda83b07610d6d7a,26/8/23,
fda83b07610d6d7a,27/8/23,
fda83b07610d6d7a,28/8/23,"24,260.00"
fda83b07610d6d7a,29/8/23,"24,350.00"
fda83b07610d6d7a,30/8/23,"24,315.00"
fda83b07610d6d7a,31/8/23,"24,240.00"
fda83b07610d6d7a,1/9/23,-
fda83b07610d6d7a,2/9/23,-
fda83b07610d6d7a,3/9/23,-
fda83b07610d6d7a,4/9/23,"24,240.00"
495ad626e2357be6,11/1/23,"23,610.00"
495ad626e2357be6,12/1/23,"23,610.00"
495ad626e2357be6,13/1/23,"23,610.00"
495ad626e2357be6,14/1/23,-
495ad626e2357be6,15/1/23,-
495ad626e2357be6,16/1/23,"23,610.00"
495ad626e2357be6,17/1/23,"23,600.00"
495ad626e2357be6,18/1/23,"23,600.00"
495ad626e2357be6,19/1/23,"23,620.00"
495ad626e2357be6,20/1/23,"23,620.00"
495ad626e2357be6,21/1/23,-
495ad626e2357be6,22/1/23,-
495ad626e2357be6,23/1/23,-
495ad626e2357be6,24/1/23,-
495ad626e2357be6,25/1/23,"23,620.00"
495ad626e2357be6,26/1/23,"23,620.00"
495ad626e2357be6,27/1/23,"23,630.00"
495ad626e2357be6,28/1/23,-
495ad626e2357be6,29/1/23,-
7b5d1e885986634b,21/11/22,"24,857.00"
7b5d1e885986634b,23/11/22,"24,855 . 00"
7b5d1e885986634b,24/11/22,"24,854.00"
7b5d1e885986634b,25/11/22,"24,840 . 00"
7b5d1e885986634b,26/11/22,-
7b5d1e885986634b,27/11/22,-
7b5d1e885986634b,28/11/22,"24,840.00"
7b5d1e885986634b,29/11/22,"24,850.00"
7b5d1e885986634b,30/11/22,"24,800.00"
10930402cc504c28,21/6/22,23380.00
10930402cc504c28,22/6/22,23385.00
10930402cc504c28,23/6/22,23390.00
10930402cc504c28,24/6/22,23390.00
10930402cc504c28,25/6/22,-
10930402cc504c28,26/6/22,-
10930402cc504c28,27/6/22,23390.00
10930402cc504c28,28/6/22,23390.00
10930402cc504c28,29/6/22,23380.00
10930402cc504c28,30/6/22,23415.00
5220c6dff4aaca33,12/4/22,23025.00
5220c6dff4aaca33,13/4/22,23020.00
5220c6dff4aaca33,14/4/22,23040.00
5220c6dff4aaca33,15/4/22,23040.00
5220c6dff4aaca33,16/4/22,-
5220c6dff4aaca33,17/4/22,-
5220c6dff4aaca33,18/4/22,23060.00
5220c6dff4aaca33,19/4/22,23095.00
5220c6dff4aaca33,20/4/22,23105.00
6cfdc092eeb3dca7,25/12/21,
6cfdc092eeb3dca7,26/12/21,
6cfdc092eeb3dca7,27/12/21,
6cfdc092eeb3dca7,28/12/21,"22,980"
6cfdc092eeb3dca7,29/12/21,"22,980"
6cfdc092eeb3dca7,30/12/21,"22,920"
6cfdc092eeb3dca7,31/12/21,"22,920"
6cfdc092eeb3dca7,1/1/22,
6cfdc092eeb3dca7,2/1/22,
6cfdc092eeb3dca7,3/1/22,"22,920"
6cfdc092eeb3dca7,4/1/22,"22,920"
6cfdc092eeb3dca7,5/1/22,"22,900"
6cfdc092eeb3dca7,6/1/22,"22,900"
6cfdc092eeb3dca7,7/1/22,"22,850"
6cfdc092eeb3dca7,8/1/22,
6cfdc092eeb3dca7,9/1/22,
6cfdc092eeb3dca7,10/1/22,"22,820"
454489abd5c080db,10/12/21,"23,100"
454489abd5c080db,11/12/21,
454489abd5c080db,12/12/21,
454489abd5c080db,13/12/21,"23,090"
454489abd5c080db,14/12/21,"23,110"
454489abd5c080db,15/12/21,"23,140"
454489abd5c080db,16/12/21,"23,120"
454489abd5c080db,17/12/21,"23,100"
454489abd5c080db,18/12/21,
454489abd5c080db,19/12/21,
454489abd5c080db,20/12/21,"23,070"
454489abd5c080db,21/12/21,"23,040"
454489abd5c080db,22/12/21,"23,090"
454489abd5c080db,23/12/21,"23,095"
454489abd5c080db,24/12/21,"23,010"
72b4b296d7c8b304,25/11/21,"22,775"
72b4b296d7c8b304,26/11/21,"22,775"
72b4b296d7c8b304,27/11/21,
72b4b296d7c8b304,28/11/21,
72b4b296d7c8b304,29/11/21,"22,790"
72b4b296d7c8b304,30/11/21,"22,800"
72b4b296d7c8b304,1/12/21,"22,810"
72b4b296d7c8b304,2/12/21,"22,830"
72b4b296d7c8b304,3/12/21,"22,940"
72b4b296d7c8b304,4/12/21,
72b4b296d7c8b304,5/12/21,
72b4b296d7c8b304,6/12/21,"23,220"
72b4b296d7c8b304,7/12/21,"23,200"
72b4b296d7c8b304,8/12/21,"23,080"
72b4b296d7c8b304,9/12/21,"23,100"
3559d236b812dfcd,10/11/21,"22 , 760"
3559d236b812dfcd,11/11/21,"22,745"
3559d236b812dfcd,12/11/21,"22,745"
3559d236b812dfcd,13/11/21,
3559d236b812dfcd,14/11/21,
3559d236b812dfcd,15/11/21,"22,750"
3559d236b812dfcd,16/11/21,"22,750"
3559d236b812dfcd,17/11/21,"22,750"
3559d236b812dfcd,18/11/21,"22,750"
3559d236b812dfcd,19/11/21,"22,755"
3559d236b812dfcd,20/11/21,
3559d236b812dfcd,21/11/21,
3559d236b812dfcd,22/11/21,"22,770"
3559d236b812dfcd,23/11/21,"22,775"
3559d236b812dfcd,24/11/21,"22,785"
b41e561195c91720,26/10/21,"22,855"
b41e561195c91720,27/10/21,"22,855"
b41e561195c91720,28/10/21,"22,855"
b41e561195c91720,29/10/21,"22,850"
b41e561195c91720,30/10/21,
b41e561195c91720,31/10/21,
b41e561195c91720,1/11/21,"22,850"
b41e561195c91720,2/11/21,"22,850"
b41e561195c91720,3/11/21,"22,830"
b41e561195c91720,4/11/21,"22,780"
b41e561195c91720,5/11/21,"22,770"
b41e561195c91720,6/11/21,
b41e561195c91720,7/11/21,
b41e561195c91720,8/11/21,"22,760"
b41e561195c91720,9/11/21,"22,760"
ea44ca29da438dc5,11/10/21,"22,860"
ea44ca29da438dc5,12/10/21,"22,850"
ea44ca29da438dc5,13/10/21,"22,860"
ea44ca29da438dc5,14/10/21,"22,860"
ea44ca29da438dc5,15/10/21,"22,860"
ea44ca29da438dc5,16/10/21,
ea44ca29da438dc5,17/10/21,
ea44ca29da438dc5,18/10/21,"22,860"
ea44ca29da438dc5,19/10/21,"22,860"
ea44ca29da438dc5,20/10/21,"22,855"
ea44ca29da438dc5,21/10/21,"22,855"
ea44ca29da438dc5,22/10/21,"22,855"
ea44ca29da438dc5,23/10/21,
ea44ca29da438dc5,24/10/21,
ea44ca29da438dc5,25/10/21,"22,855"
55827b3e640c7586,26/9/21,
55827b3e640c7586,27/9/21,"22,860"
55827b3e640c7586,28/9/21,"22,870"
55827b3e640c7586,29/9/21,"22,860"
55827b3e640c7586,30/9/21,"22,860"
55827b3e640c7586,1/10/21,"22,860"
55827b3e640c7586,2/10/21,
55827b3e640c7586,3/10/21,
55827b3e640c7586,4/10/21,"22,860"
55827b3e640c7586,5/10/21,"22,860"
55827b3e640c7586,6/10/21,"22,860"
55827b3e640c7586,7/10/21,"22,860"
55827b3e640c7586,8/10/21,"22,860"
55827b3e640c7586,9/10/21,
55827b3e640c7586,10/10/21,
2a7b98f03827a3f9,10/9/21,"22,870"
2a7b98f03827a3f9,11/9/21,
2a7b98f03827a3f9,12/9/21,
2a7b98f03827a3f9,13/9/21,"22,870"
2a7b98f03827a3f9,14/9/21,"22,870"
2a7b98f03827a3f9,15/9/21,"22,860"
2a7b98f03827a3f9,16/9/21,"22,860"
2a7b98f03827a3f9,17/9/21,"22,870"
2a7b98f03827a3f9,18/9/21,
2a7b98f03827a3f9,19/9/21,
2a7b98f03827a3f9,20/9/21,"22,875"
2a7b98f03827a3f9,21/9/21,"22,870"
2a7b98f03827a3f9,22/9/21,"22,860"
2a7b98f03827a3f9,23/9/21,"22,860"
2a7b98f03827a3f9,24/9/21,"22,860"
25f909e5f880c572,26/8/21,"22,880.00"
25f909e5f880c572,27/8/21,"22,890.00"
25f909e5f880c572,28/8/21,
25f909e5f880c572,29/8/21,
25f909e5f880c572,30/8/21,"22,880"
25f909e5f880c572,31/8/21,"22,870"
25f909e5f880c572,1/9/21,"22,880"
25f909e5f880c572,2/9/21,"22,880"
25f909e5f880c572,3/9/21,"22,880"
25f909e5f880c572,4/9/21,
25f909e5f880c572,5/9/21,
25f909e5f880c572,6/9/21,"22,865"
25f909e5f880c572,7/9/21,"22,860"
25f909e5f880c572,8/9/21,"22,870"
25f909e5f880c572,9/9/21,"22,870"
fbc438476304231f,11/8/21,"22,900"
fbc438476304231f,12/8/21,"22,910"
fbc438476304231f,13/8/21,"22,930"
fbc438476304231f,14/8/21,
fbc438476304231f,15/8/21,
fbc438476304231f,16/8/21,"22,940"
fbc438476304231f,17/8/21,"22,935"
fbc438476304231f,18/8/21,"22,910"
fbc438476304231f,19/8/21,"22,910"
fbc438476304231f,20/8/21,"22,915"
fbc438476304231f,21/8/21,
fbc438476304231f,22/8/21,
fbc438476304231f,23/8/21,"22,925"
fbc438476304231f,24/8/21,"22,925"
fbc438476304231f,25/8/21,"22,900"
ca09ee3139976bf4,27/7/21,"23,110"
ca09ee3139976bf4,28/7/21,"23,095"
ca09ee3139976bf4,29/7/21,"23,070"
ca09ee3139976bf4,30/7/21,"23,050"
ca09ee3139976bf4,31/7/21,
ca09ee3139976bf4,1/8/21,
ca09ee3139976bf4,2/8/21,"23,050"
ca09ee3139976bf4,3/8/21,"23,050"
ca09ee3139976bf4,4/8/21,"23,040"
ca09ee3139976bf4,5/8/21,"23,040"
ca09ee3139976bf4,6/8/21,"23,030"
ca09ee3139976bf4,7/8/21,
ca09ee3139976bf4,8/8/21,
ca09ee3139976bf4,9/8/21,"23,0 3 0"
ca09ee3139976bf4,10/8/21,"23,000"
e2aba3cc77fe2c0b,12/7/21,"23,120"
e2aba3cc77fe2c0b,13/7/21,"23,120"
e2aba3cc77fe2c0b,14/7/21,"23,110"
e2aba3cc77fe2c0b,15/7/21,"23,120"
e2aba3cc77fe2c0b,16/7/21,"23,110"
e2aba3cc77fe2c0b,17/7/21,
e2aba3cc77fe2c0b,18/7/21,
e2aba3cc77fe2c0b,19/7/21,"23,120"
e2aba3cc77fe2c0b,20/7/21,"23,130"
e2aba3cc77fe2c0b,21/7/21,"23,130"
e2aba3cc77fe2c0b,22/7/21,"23,120"
e2aba3cc77fe2c0b,23/7/21,"23,110"
e2aba3cc77fe2c0b,24/7/21,
e2aba3cc77fe2c0b,25/7/21,
e2aba3cc77fe2c0b,26/7/21,"23,110"
6bfaa9d6a3da55a6,27/6/21,
6bfaa9d6a3da55a6,28/6/21,"23,120"
6bfaa9d6a3da55a6,29/6/21,"23,120"
6bfaa9d6a3da55a6,30/6/21,"23,120"
6bfaa9d6a3da55a6,1/7/21,"23,110"
6bfaa9d6a3da55a6,2/7/21,"23 , 100"
6bfaa9d6a3da55a6,3/7/21,
6bfaa9d6a3da55a6,4/7/21,
6bfaa9d6a3da55a6,5/7/21,"23 , 100"
6bfaa9d6a3da55a6,6/7/21,"23,100"
6bfaa9d6a3da55a6,7/7/21,"23 , 100"
6bfaa9d6a3da55a6,8/7/21,"23,120"
6bfaa9d6a3da55a6,9/7/21,"23 , 100"
6bfaa9d6a3da55a6,10/7/21,
6bfaa9d6a3da55a6,11/7/21,
602027f03890d215,11/6/21,"23,050"
602027f03890d215,12/6/21,
602027f03890d215,13/6/21,
602027f03890d215,14/6/21,"23,050"
602027f03890d215,15/6/21,"23,050"
602027f03890d215,16/6/21,"23,050"
602027f03890d215,17/6/21,"23,060"
602027f03890d215,18/6/21,"23,110"
602027f03890d215,19/6/21,
602027f03890d215,20/6/21,
602027f03890d215,21/6/21,"23,120"
602027f03890d215,22/6/21,"23,120"
602027f03890d215,23/6/21,"23,120"
602027f03890d215,24/6/21,"23,100"
602027f03890d215,25/6/21,"23,110"
c25ab0c229997983,31/5/21,"23,145"
c25ab0c229997983,1/6/21,"23,145"
8339c3bca900ecab,27/4/21,"23,140"
8339c3bca900ecab,28/4/21,"23,140"
8339c3bca900ecab,29/4/21,"23,140"
8339c3bca900ecab,30/4/21,"23,140"
8339c3bca900ecab,1/5/21,
8339c3bca900ecab,2/5/21,
8339c3bca900ecab,3/5/21,"23,140"
8339c3bca900ecab,4/5/21,"23,150"
8339c3bca900ecab,5/5/21,"23,150"
8339c3bca900ecab,6/5/21,"23,150"
8339c3bca900ecab,7/5/21,"23,160"
8339c3bca900ecab,8/5/21,
8339c3bca900ecab,9/5/21,
8339c3bca900ecab,10/5/21,"23,150"
8339c3bca900ecab,11/5/21,"23,160"
b4f05a5c0d3ec1d3,28/3/21,
b4f05a5c0d3ec1d3,29/3/21,"23,160"
b4f05a5c0d3ec1d3,30/3/21,"23,160"
b4f05a5c0d3ec1d3,31/3/21,"23,170"
b4f05a5c0d3ec1d3,1/4/21,"23,170"
b4f05a5c0d3ec1d3,2/4/21,"23,160"
b4f05a5c0d3ec1d3,3/4/21,
b4f05a5c0d3ec1d3,4/4/21,
b4f05a5c0d3ec1d3,5/4/21,"23,160"
b4f05a5c0d3ec1d3,6/4/21,"23,180"
b4f05a5c0d3ec1d3,7/4/21,"23,180"
b4f05a5c0d3ec1d3,8/4/21,"23,180"
b4f05a5c0d3ec1d3,9/4/21,"23,160"
b4f05a5c0d3ec1d3,10/4/21,
b4f05a5c0d3ec1d3,11/4/21,
8f97d11bbb23826a,12/3/21,"23,140"
8f97d11bbb23826a,13/3/21,
8f97d11bbb23826a,14/3/21,
8f97d11bbb23826a,15/3/21,"23,170"
8f97d11bbb23826a,16/3/21,"23,165"
8f97d11bbb23826a,17/3/21,"23,160"
8f97d11bbb23826a,18/3/21,"23,160"
8f97d11bbb23826a,20/3/21,
8f97d11bbb23826a,21/3/21,
8f97d11bbb23826a,22/3/21,"23,170"
8f97d11bbb23826a,23/3/21,"23,170"
8f97d11bbb23826a,24/3/21,"23,170"
8f97d11bbb23826a,25/3/21,"23,190"
8f97d11bbb23826a,26/3/21,"23,175"
365d82a975376d25,25/2/21,"23,110"
365d82a975376d25,26/2/21,"23,100"
365d82a975376d25,27/2/21,
365d82a975376d25,28/2/21,
365d82a975376d25,1/3/21,"23,110"
365d82a975376d25,2/3/21,"23,120"
365d82a975376d25,3/3/21,"23,120"
365d82a975376d25,4/3/21,"23,110"
365d82a975376d25,5/3/21,"23,125"
365d82a975376d25,6/3/21,
365d82a975376d25,7/3/21,
365d82a975376d25,8/3/21,"23,140"
365d82a975376d25,9/3/21,"23,140"
365d82a975376d25,10/3/21,"23,140"
365d82a975376d25,11/3/21,"23,140"
35db264c4642bb9e,10/2/21,"23,090"
35db264c4642bb9e,11/2/21,"23,090"
35db264c4642bb9e,12/2/21,"23,090"
35db264c4642bb9e,13/2/21,
35db264c4642bb9e,14/2/21,
35db264c4642bb9e,15/2/21,"23,090"
35db264c4642bb9e,16/2/21,"23,090"
35db264c4642bb9e,17/2/21,"23,090"
35db264c4642bb9e,18/2/21,"23,090"
35db264c4642bb9e,19/2/21,"23,105"
35db264c4642bb9e,20/2/21,
35db264c4642bb9e,21/2/21,
35db264c4642bb9e,22/2/21,"23,110"
35db264c4642bb9e,23/2/21,"23,120"
35db264c4642bb9e,24/2/21,"23,120"
29dcb757af4fa90f,26/1/21,"23,160"
29dcb757af4fa90f,27/1/21,"23,160"
29dcb757af4fa90f,28/1/21,"23,150"
29dcb757af4fa90f,29/1/21,"23,140"
29dcb757af4fa90f,30/1/21,
29dcb757af4fa90f,31/1/21,
29dcb757af4fa90f,1/2/21,"23,130"
29dcb757af4fa90f,2/2/21,"23,110"
29dcb757af4fa90f,3/2/21,"23,120"
29dcb757af4fa90f,4/2/21,"23,110"
29dcb757af4fa90f,5/2/21,"23,090"
29dcb757af4fa90f,6/2/21,
29dcb757af4fa90f,7/2/21,
29dcb757af4fa90f,8/2/21,"23,060"
29dcb757af4fa90f,9/2/21,"23,090"
688f3c7f5e7ef362,11/1/21,"23 , 160"
688f3c7f5e7ef362,12/1/21,"23,160"
688f3c7f5e7ef362,13/1/21,"23,160"
688f3c7f5e7ef362,14/1/21,"23 , 160"
688f3c7f5e7ef362,15/1/21,"23 , 160"
688f3c7f5e7ef362,16/1/21,
688f3c7f5e7ef362,17/1/21,
688f3c7f5e7ef362,19/1/21,"23,160"
688f3c7f5e7ef362,20/1/21,"23 , 165"
688f3c7f5e7ef362,21/1/21,"23 , 165"
688f3c7f5e7ef362,22/1/21,"23 , 165"
688f3c7f5e7ef362,23/1/21,
688f3c7f5e7ef362,24/1/21,
688f3c7f5e7ef362,25/1/21,"23,165"
c83af9a9e8d6368e,27/12/20,
c83af9a9e8d6368e,28/12/20,"23,220"
c83af9a9e8d6368e,29/12/20,"23,220"
c83af9a9e8d6368e,30/12/20,"23,190"
c83af9a9e8d6368e,31/12/20,"23,215"
c83af9a9e8d6368e,1/1/21,"23,215"
c83af9a9e8d6368e,2/1/21,
c83af9a9e8d6368e,3/1/21,
c83af9a9e8d6368e,4/1/21,"23,190"
c83af9a9e8d6368e,5/1/21,"23,190"
c83af9a9e8d6368e,6/1/21,"23,190"
c83af9a9e8d6368e,7/1/21,"23,170"
c83af9a9e8d6368e,8/1/21,"23,160"
c83af9a9e8d6368e,9/1/21,
c83af9a9e8d6368e,10/1/21,
b57be55ed50a7b2c,11/12/20,"23,220"
b57be55ed50a7b2c,12/12/20,
b57be55ed50a7b2c,13/12/20,
b57be55ed50a7b2c,14/12/20,"23,220"
b57be55ed50a7b2c,15/12/20,"23,220"
b57be55ed50a7b2c,16/12/20,"23,220"
b57be55ed50a7b2c,17/12/20,"23,220"
b57be55ed50a7b2c,18/12/20,"23,220"
b57be55ed50a7b2c,19/12/20,
b57be55ed50a7b2c,20/12/20,
b57be55ed50a7b2c,21/12/20,"23,220"
b57be55ed50a7b2c,22/12/20,"23,220"
b57be55ed50a7b2c,23/12/20,"23,220"
b57be55ed50a7b2c,24/12/20,"23,220"
b57be55ed50a7b2c,25/12/20,"23,220"
6aee6bec61580895,11/9/20,"23,270"
6aee6bec61580895,12/9/20,
6aee6bec61580895,13/9/20,
6aee6bec61580895,14/9/20,"23,270"
6aee6bec61580895,15/9/20,"23,270"
6aee6bec61580895,16/9/20,"23,270"
6aee6bec61580895,17/9/20,"23,270"
6aee6bec61580895,18/9/20,"23,270"
6aee6bec61580895,19/9/20,
6aee6bec61580895,20/9/20,
6aee6bec61580895,21/9/20,"23,270"
6aee6bec61580895,22/9/20,"23,270"
6aee6bec61580895,23/9/20,"23,280"
6aee6bec61580895,24/9/20,"23,280"
6aee6bec61580895,25/9/20,"23,280"
1c865e2d217bd1b6,28/7/20,"23,270"
1c865e2d217bd1b6,29/7/20,"23,270"
1c865e2d217bd1b6,30/7/20,"23,270"
1c865e2d217bd1b6,31/7/20,"23,270"
1c865e2d217bd1b6,1/8/20,
1c865e2d217bd1b6,2/8/20,
1c865e2d217bd1b6,3/8/20,"23,270"
1c865e2d217bd1b6,4/8/20,"23,270"
1c865e2d217bd1b6,5/8/20,"23,270"
1c865e2d217bd1b6,6/8/20,"23,270"
1c865e2d217bd1b6,7/8/20,"23,270"
1c865e2d217bd1b6,8/8/20,
1c865e2d217bd1b6,9/8/20,
1c865e2d217bd1b6,10/8/20,"23,270"
1c865e2d217bd1b6,11/8/20,"23,270"
e18cdc1abe7b60dc,13/7/20,"23,270"
e18cdc1abe7b60dc,14/7/20,"23,270"
e18cdc1abe7b60dc,15/7/20,"23,270"
e18cdc1abe7b60dc,16/7/20,"23,280"
e18cdc1abe7b60dc,17/7/20,"23,280"
e18cdc1abe7b60dc,18/7/20,
e18cdc1abe7b60dc,19/7/20,
e18cdc1abe7b60dc,20/7/20,"23,280"
e18cdc1abe7b60dc,21/7/20,"23,280"
e18cdc1abe7b60dc,22/7/20,"23,270"
e18cdc1abe7b60dc,23/7/20,"23,270"
e18cdc1abe7b60dc,24/7/20,"23,270"
e18cdc1abe7b60dc,25/7/20,
e18cdc1abe7b60dc,26/7/20,
e18cdc1abe7b60dc,27/7/20,"23,270"
24ce5fea41900cbf,28/6/20,
24ce5fea41900cbf,29/6/20,"23,295"
24ce5fea41900cbf,30/6/20,"23,300"
24ce5fea41900cbf,1/7/20,"23,290"
24ce5fea41900cbf,2/7/20,"23,290"
24ce5fea41900cbf,3/7/20,"23,290"
24ce5fea41900cbf,4/7/20,
24ce5fea41900cbf,5/7/20,
24ce5fea41900cbf,6/7/20,"23,280"
24ce5fea41900cbf,7/7/20,"23,280"
24ce5fea41900cbf,8/7/20,"23,290"
24ce5fea41900cbf,9/7/20,"23,280"
24ce5fea41900cbf,10/7/20,"23,270"
24ce5fea41900cbf,11/7/20,
24ce5fea41900cbf,12/7/20,
9d4951184c929caf,12/6/20,"23 , 320"
9d4951184c929caf,13/6/20,
9d4951184c929caf,14/6/20,
9d4951184c929caf,15/6/20,"23 , 310"
9d4951184c929caf,16/6/20,"23 , 295"
9d4951184c929caf,17/6/20,"23 , 290"
9d4951184c929caf,18/6/20,"23 , 290"
9d4951184c929caf,19/6/20,"23 , 310"
9d4951184c929caf,20/6/20,
9d4951184c929caf,21/6/20,
9d4951184c929caf,22/6/20,"23 , 310"
9d4951184c929caf,23/6/20,"23 , 300"
9d4951184c929caf,24/6/20,"23 , 310"
9d4951184c929caf,25/6/20,"23 , 295"
9d4951184c929caf,26/6/20,"23 , 300"
4f8755ac70d1cc16,28/5/20,"23,390"
4f8755ac70d1cc16,29/5/20,"23,370"
4f8755ac70d1cc16,30/5/20,
4f8755ac70d1cc16,31/5/20,
4f8755ac70d1cc16,1/6/20,"23,350"
4f8755ac70d1cc16,2/6/20,"23,350"
4f8755ac70d1cc16,3/6/20,"23,350"
4f8755ac70d1cc16,4/6/20,"23,350"
4f8755ac70d1cc16,5/6/20,"23,340"
4f8755ac70d1cc16,6/6/20,
4f8755ac70d1cc16,7/6/20,
4f8755ac70d1cc16,8/6/20,"23,320"
4f8755ac70d1cc16,9/6/20,"23,280"
4f8755ac70d1cc16,10/6/20,"23,280"
4f8755ac70d1cc16,11/6/20,"23,320"
b4beea8a5a7fb153,13/5/20,"23,440"
b4beea8a5a7fb153,14/5/20,"23,460"
b4beea8a5a7fb153,15/5/20,"23,450"
b4beea8a5a7fb153,16/5/20,
b4beea8a5a7fb153,17/5/20,
b4beea8a5a7fb153,18/5/20,"23,430"
b4beea8a5a7fb153,19/5/20,"23,370"
b4beea8a5a7fb153,20/5/20,"23,360"
b4beea8a5a7fb153,21/5/20,"23,360"
b4beea8a5a7fb153,22/5/20,"23,370"
b4beea8a5a7fb153,23/5/20,
b4beea8a5a7fb153,24/5/20,
b4beea8a5a7fb153,25/5/20,"23,390"
b4beea8a5a7fb153,26/5/20,"23,410"
b4beea8a5a7fb153,27/5/20,"23,410"
c61d5c8c24339ad2,28/4/20,"23,535"
c61d5c8c24339ad2,29/4/20,"23,510"
c61d5c8c24339ad2,30/4/20,"23,510"
c61d5c8c24339ad2,1/5/20,"23,510"
c61d5c8c24339ad2,2/5/20,
c61d5c8c24339ad2,3/5/20,
c61d5c8c24339ad2,4/5/20,"23,520"
c61d5c8c24339ad2,5/5/20,"23,510"
c61d5c8c24339ad2,6/5/20,"23,510"
c61d5c8c24339ad2,7/5/20,"23,490"
c61d5c8c24339ad2,8/5/20,"23,450"
c61d5c8c24339ad2,9/5/20,
c61d5c8c24339ad2,10/5/20,
c61d5c8c24339ad2,11/5/20,"23,420"
c61d5c8c24339ad2,12/5/20,"23,430"
cb16aa11db345903,13/4/20,"23,530"
cb16aa11db345903,14/4/20,"23,545"
cb16aa11db345903,15/4/20,"23,530"
cb16aa11db345903,16/4/20,"23,550"
cb16aa11db345903,17/4/20,"23,510"
cb16aa11db345903,18/4/20,
cb16aa11db345903,19/4/20,
cb16aa11db345903,20/4/20,"23,540"
cb16aa11db345903,21/4/20,"23,540"
cb16aa11db345903,22/4/20,"23,560"
cb16aa11db345903,23/4/20,"23,570"
cb16aa11db345903,24/4/20,"23,580"
cb16aa11db345903,25/4/20,
cb16aa11db345903,26/4/20,
cb16aa11db345903,27/4/20,"23,550"
829fa806e93dbd70,29/2/20,
829fa806e93dbd70,1/3/20,
829fa806e93dbd70,2/3/20,"23,310"
829fa806e93dbd70,3/3/20,"23 , 290"
829fa806e93dbd70,4/3/20,"23 , 285"
829fa806e93dbd70,5/3/20,"23 , 285"
829fa806e93dbd70,6/3/20,"23 , 270"
829fa806e93dbd70,7/3/20,
829fa806e93dbd70,8/3/20,
829fa806e93dbd70,9/3/20,"23,250"
829fa806e93dbd70,10/3/20,"23,250"
829fa806e93dbd70,11/3/20,"23,250"
829fa806e93dbd70,12/3/20,"23 , 265"
829fa806e93dbd70,13/3/20,"23,290"
829fa806e93dbd70,14/3/20,
e70f640024cf67ce,14/2/20,"23,315"
e70f640024cf67ce,15/2/20,
e70f640024cf67ce,16/2/20,
e70f640024cf67ce,17/2/20,"23,305"
e70f640024cf67ce,18/2/20,"23,305"
e70f640024cf67ce,19/2/20,23.310
e70f640024cf67ce,20/2/20,"23,310"
e70f640024cf67ce,21/2/20,"23,315"
e70f640024cf67ce,22/2/20,
e70f640024cf67ce,23/2/20,
e70f640024cf67ce,24/2/20,"23,350"
e70f640024cf67ce,25/2/20,"23,325"
e70f640024cf67ce,26/2/20,"23,315"
e70f640024cf67ce,27/2/20,23.310
e70f640024cf67ce,28/2/20,"23,310"
18870d6525265bcd,30/1/20,"23,245"
18870d6525265bcd,31/1/20,"23,305"
18870d6525265bcd,1/2/20,
18870d6525265bcd,2/2/20,
18870d6525265bcd,3/2/20,"23,340"
18870d6525265bcd,4/2/20,"23,310"
18870d6525265bcd,5/2/20,"23,300"
18870d6525265bcd,6/2/20,"23,300"
18870d6525265bcd,7/2/20,"23,310"
18870d6525265bcd,8/2/20,
18870d6525265bcd,9/2/20,
18870d6525265bcd,10/2/20,"23,335"
18870d6525265bcd,11/2/20,"23,320"
18870d6525265bcd,12/2/20,"23,310"
18870d6525265bcd,13/2/20,"23,305"
cee021c4579d5e4a,1/1/20,"23,230"
cee021c4579d5e4a,2/1/20,"23,230"
cee021c4579d5e4a,3/1/20,"23,230"
cee021c4579d5e4a,4/1/20,
cee021c4579d5e4a,5/1/20,
cee021c4579d5e4a,6/1/20,"23,230"
cee021c4579d5e4a,7/1/20,"23,235"
cee021c4579d5e4a,8/1/20,"23,235"
cee021c4579d5e4a,9/1/20,"23,230"
cee021c4579d5e4a,10/1/20,"23,230"
cee021c4579d5e4a,11/1/20,
cee021c4579d5e4a,12/1/20,
cee021c4579d5e4a,13/1/20,"23,230"
cee021c4579d5e4a,14/1/20,"23,235"
430f840047d50443,16/12/19,"23,235"
430f840047d50443,17/12/19,"23,230"
430f840047d50443,18/12/19,"23,230"
430f840047d50443,19/12/19,"23,230"
430f840047d50443,20/12/19,"23,230"
430f840047d50443,21/12/19,
430f840047d50443,22/12/19,
430f840047d50443,23/12/19,"23,230"
430f840047d50443,24/12/19,"23,230"
430f840047d50443,25/12/19,"23,230"
430f840047d50443,26/12/19,"23,230"
430f840047d50443,27/12/19,"23,230"
430f840047d50443,28/12/19,
430f840047d50443,29/12/19,
430f840047d50443,30/12/19,"23,230"
876e2e22ae5f248c,1/12/19,
876e2e22ae5f248c,2/12/19,"23 , 240"
876e2e22ae5f248c,3/12/19,"23 , 240"
876e2e22ae5f248c,4/12/19,"23,240"
876e2e22ae5f248c,5/12/19,"23 , 240"
876e2e22ae5f248c,6/12/19,"23,240"
876e2e22ae5f248c,7/12/19,
876e2e22ae5f248c,8/12/19,
876e2e22ae5f248c,9/12/19,"23,240"
876e2e22ae5f248c,10/12/19,"23 , 240"
876e2e22ae5f248c,12/12/19,"23,230"
876e2e22ae5f248c,13/12/19,"23,230"
876e2e22ae5f248c,14/12/19,
876e2e22ae5f248c,15/12/19,
ae971a9d39adbd1f,15/11/19,"23,260"
ae971a9d39adbd1f,16/11/19,
ae971a9d39adbd1f,17/11/19,
ae971a9d39adbd1f,18/11/19,"23,265"
ae971a9d39adbd1f,19/11/19,"23,265"
ae971a9d39adbd1f,20/11/19,"23,260"
ae971a9d39adbd1f,21/11/19,"23,260"
ae971a9d39adbd1f,22/11/19,"23,260"
ae971a9d39adbd1f,23/11/19,
ae971a9d39adbd1f,24/11/19,
ae971a9d39adbd1f,25/11/19,"23,260"
ae971a9d39adbd1f,26/11/19,"23,260"
ae971a9d39adbd1f,27/11/19,"23,260"
ae971a9d39adbd1f,28/11/19,"23,260"
ae971a9d39adbd1f,29/11/19,"23,245"
6682f906b4a0dcd5,31/10/19,"23,270"
6682f906b4a0dcd5,1/11/19,"23 , 265"
6682f906b4a0dcd5,2/11/19,
6682f906b4a0dcd5,3/11/19,
6682f906b4a0dcd5,4/11/19,"23,265"
6682f906b4a0dcd5,5/11/19,"23,260"
6682f906b4a0dcd5,6/11/19,"23,260"
6682f906b4a0dcd5,7/11/19,"23,260"
6682f906b4a0dcd5,8/11/19,23.260
6682f906b4a0dcd5,9/11/19,
6682f906b4a0dcd5,10/11/19,
6682f906b4a0dcd5,11/11/19,"23,260"
6682f906b4a0dcd5,12/11/19,"23 , 260"
6682f906b4a0dcd5,13/11/19,"23,260"
6682f906b4a0dcd5,14/11/19,"23 , 260"
18fd98acec910b27,16/10/19,"23,260"
18fd98acec910b27,17/10/19,"23,265"
18fd98acec910b27,18/10/19,"23,265"
18fd98acec910b27,19/10/19,
18fd98acec910b27,20/10/19,
18fd98acec910b27,21/10/19,"23,270"
18fd98acec910b27,22/10/19,"23,265"
18fd98acec910b27,23/10/19,"23,265"
18fd98acec910b27,24/10/19,"23,265"
18fd98acec910b27,25/10/19,"23,265"
18fd98acec910b27,26/10/19,
18fd98acec910b27,27/10/19,
18fd98acec910b27,28/10/19,"23,265"
18fd98acec910b27,29/10/19,"23,265"
18fd98acec910b27,30/10/19,"23,265"
ec9559f4c9dd8148,1/10/19,"23,270"
ec9559f4c9dd8148,2/10/19,"23,260"
ec9559f4c9dd8148,3/10/19,"23,260"
ec9559f4c9dd8148,4/10/19,"23,260"
ec9559f4c9dd8148,5/10/19,
ec9559f4c9dd8148,6/10/19,
ec9559f4c9dd8148,7/10/19,"23,265"
ec9559f4c9dd8148,8/10/19,"23,260"
ec9559f4c9dd8148,9/10/19,"23,260"
ec9559f4c9dd8148,10/10/19,"23,260"
ec9559f4c9dd8148,11/10/19,"23,260"
ec9559f4c9dd8148,12/10/19,
ec9559f4c9dd8148,13/10/19,
ec9559f4c9dd8148,14/10/19,"23,265"
ec9559f4c9dd8148,15/10/19,"23,265"
7fcff5dcfc597358,1/9/19,
7fcff5dcfc597358,2/9/19,"23,250"
7fcff5dcfc597358,3/9/19,"23,255"
7fcff5dcfc597358,4/9/19,"23,255"
7fcff5dcfc597358,5/9/19,"23,260"
7fcff5dcfc597358,6/9/19,"23,260"
7fcff5dcfc597358,7/9/19,
7fcff5dcfc597358,8/9/19,
7fcff5dcfc597358,9/9/19,"23,260"
7fcff5dcfc597358,10/9/19,"23,260"
7fcff5dcfc597358,11/9/19,"23,260"
7fcff5dcfc597358,12/9/19,"23,260"
7fcff5dcfc597358,13/9/19,"23,275"
7fcff5dcfc597358,14/9/19,
7fcff5dcfc597358,15/9/19,
73458464de839e57,1/8/19,"23,265"
73458464de839e57,2/8/19,"23,280"
73458464de839e57,3/8/19,
73458464de839e57,4/8/19,
73458464de839e57,5/8/19,"23,335"
73458464de839e57,6/8/19,"23,310"
73458464de839e57,7/8/19,"23,280"
73458464de839e57,8/8/19,"23,280"
73458464de839e57,9/8/19,"23,260"
73458464de839e57,10/8/19,
73458464de839e57,11/8/19,
73458464de839e57,12/8/19,"23,265"
73458464de839e57,13/8/19,"23,265"
73458464de839e57,14/8/19,"23,270"
73458464de839e57,15/8/19,"23,270"
faeed766841e4adc,17/7/19,"23,260"
faeed766841e4adc,18/7/19,"23,290"
faeed766841e4adc,19/7/19,"23,310"
faeed766841e4adc,20/7/19,
faeed766841e4adc,21/7/19,
faeed766841e4adc,22/7/19,"23,300"
faeed766841e4adc,23/7/19,"23,275"
faeed766841e4adc,24/7/19,"23,275"
faeed766841e4adc,25/7/19,"23,270"
faeed766841e4adc,26/7/19,"23,275"
faeed766841e4adc,27/7/19,
faeed766841e4adc,28/7/19,
faeed766841e4adc,29/7/19,"23,275"
faeed766841e4adc,30/7/19,"23,260"
faeed766841e4adc,31/7/19,"23,260"
241f520f9c5417e7,2/7/19,"23,300"
241f520f9c5417e7,3/7/19,"23,305"
241f520f9c5417e7,4/7/19,"23,310"
241f520f9c5417e7,5/7/19,"23,310"
241f520f9c5417e7,6/7/19,
241f520f9c5417e7,7/7/19,
241f520f9c5417e7,8/7/19,"23,310"
241f520f9c5417e7,9/7/19,"23,275"
241f520f9c5417e7,10/7/19,"23,280"
241f520f9c5417e7,11/7/19,"23,260"
241f520f9c5417e7,12/7/19,"23,260"
241f520f9c5417e7,13/7/19,
241f520f9c5417e7,14/7/19,
241f520f9c5417e7,15/7/19,"23,260"
241f520f9c5417e7,16/7/19,"23,260"
a2f74c16dad4b8ca,18/6/19,"23,390.00"
a2f74c16dad4b8ca,19/6/19,"23,375.00"
a2f74c16dad4b8ca,20/6/19,"23,365.00"
a2f74c16dad4b8ca,21/6/19,"23,350.00"
a2f74c16dad4b8ca,22/6/19,
a2f74c16dad4b8ca,23/6/19,
a2f74c16dad4b8ca,24/6/19,"23,350.00"
a2f74c16dad4b8ca,25/6/19,"23,360.00"
a2f74c16dad4b8ca,26/6/19,"23,370 . 00"
a2f74c16dad4b8ca,27/6/19,"23,395.00"
a2f74c16dad4b8ca,28/6/19,"23,350.00"
a2f74c16dad4b8ca,29/6/19,
a2f74c16dad4b8ca,30/6/19,"23,330.00"
efa63f1d509ca02b,2/6/19,
efa63f1d509ca02b,3/6/19,"23,470"
efa63f1d509ca02b,4/6/19,"23,465"
efa63f1d509ca02b,5/6/19,"23,475"
efa63f1d509ca02b,6/6/19,"23,475"
efa63f1d509ca02b,7/6/19,"23,460"
efa63f1d509ca02b,8/6/19,
efa63f1d509ca02b,9/6/19,
efa63f1d509ca02b,10/6/19,"23,430"
efa63f1d509ca02b,11/6/19,"23,400"
efa63f1d509ca02b,12/6/19,"23,385"
efa63f1d509ca02b,13/6/19,"23,380"
efa63f1d509ca02b,14/6/19,"23,385"
efa63f1d509ca02b,15/6/19,
efa63f1d509ca02b,16/6/19,
6d82313dfa138df8,17/5/19,"23,450"
6d82313dfa138df8,18/5/19,
6d82313dfa138df8,19/5/19,
6d82313dfa138df8,20/5/19,"23,465"
6d82313dfa138df8,21/5/19,"23,465"
6d82313dfa138df8,22/5/19,"23 , 450"
6d82313dfa138df8,23/5/19,"23 , 450"
6d82313dfa138df8,24/5/19,"23 , 455"
6d82313dfa138df8,25/5/19,
6d82313dfa138df8,26/5/19,
6d82313dfa138df8,27/5/19,"23,450"
6d82313dfa138df8,28/5/19,"23 , 455"
6d82313dfa138df8,29/5/19,"23,465"
6d82313dfa138df8,30/5/19,"23 , 480"
6d82313dfa138df8,31/5/19,"23 , 475"
e9b36e4731fda049,2/5/19,"23,310"
e9b36e4731fda049,3/5/19,"23,310"
e9b36e4731fda049,4/5/19,
e9b36e4731fda049,5/5/19,
e9b36e4731fda049,6/5/19,"23,335"
e9b36e4731fda049,7/5/19,"23,395"
e9b36e4731fda049,8/5/19,"23,420"
e9b36e4731fda049,9/5/19,"23,450"
e9b36e4731fda049,10/5/19,"23,380"
e9b36e4731fda049,11/5/19,
e9b36e4731fda049,12/5/19,
e9b36e4731fda049,13/5/19,"23,400"
e9b36e4731fda049,14/5/19,"23,420"
e9b36e4731fda049,15/5/19,"23,370"
e9b36e4731fda049,16/5/19,"23,365"
11604de3a2ad1ce1,17/4/19,"23,250"
11604de3a2ad1ce1,18/4/19,"23,250"
11604de3a2ad1ce1,19/4/19,"23,255"
11604de3a2ad1ce1,20/4/19,
11604de3a2ad1ce1,21/4/19,
11604de3a2ad1ce1,22/4/19,"23,265"
11604de3a2ad1ce1,23/4/19,"23,265"
11604de3a2ad1ce1,24/4/19,"23,290"
11604de3a2ad1ce1,25/4/19,"23,310"
11604de3a2ad1ce1,26/4/19,"23,330"
11604de3a2ad1ce1,27/4/19,
11604de3a2ad1ce1,28/4/19,
11604de3a2ad1ce1,29/4/19,"23,330"
11604de3a2ad1ce1,30/4/19,"23,330"
11604de3a2ad1ce1,1/5/19,"23,330"
3325e571e7852ab4,2/4/19,"23,250"
3325e571e7852ab4,3/4/19,"23,250"
3325e571e7852ab4,4/4/19,"23,250"
3325e571e7852ab4,5/4/19,"23,250"
3325e571e7852ab4,6/4/19,
3325e571e7852ab4,7/4/19,
3325e571e7852ab4,8/4/19,"23,255"
3325e571e7852ab4,9/4/19,"23,250"
3325e571e7852ab4,10/4/19,"23,250"
3325e571e7852ab4,11/4/19,"23,250"
3325e571e7852ab4,12/4/19,"23,250"
3325e571e7852ab4,13/4/19,
3325e571e7852ab4,14/4/19,
3325e571e7852ab4,15/4/19,"23,250"
3325e571e7852ab4,16/4/19,"23,250"
dd7fafda9226ae04,15/2/19,"23,250"
dd7fafda9226ae04,16/2/19,
dd7fafda9226ae04,17/2/19,
dd7fafda9226ae04,18/2/19,"23,250"
dd7fafda9226ae04,19/2/19,"23,250"
dd7fafda9226ae04,20/2/19,"23,250"
dd7fafda9226ae04,21/2/19,"23,260"
dd7fafda9226ae04,22/2/19,"23,265"
dd7fafda9226ae04,23/2/19,
dd7fafda9226ae04,24/2/19,
dd7fafda9226ae04,25/2/19,"23,265"
dd7fafda9226ae04,26/2/19,"23,250"
dd7fafda9226ae04,27/2/19,"23,250"
dd7fafda9226ae04,28/2/19,"23,250"
dd7fafda9226ae04,1/3/19,"23,250"
a50595cef638fbee,22/10/18,"23,390"
a50595cef638fbee,23/10/18,"23,390"
a50595cef638fbee,24/10/18,"23,390"
a50595cef638fbee,25/10/18,"23,390"
a50595cef638fbee,26/10/18,"23,390"
a50595cef638fbee,27/10/18,
a50595cef638fbee,28/10/18,
a50595cef638fbee,29/10/18,"23,390"
a50595cef638fbee,30/10/18,"23,390"
a50595cef638fbee,31/10/18,"23,390"
a50595cef638fbee,1/11/18,"23,380"
a50595cef638fbee,2/11/18,"23,365"
a50595cef638fbee,3/11/18,
a50595cef638fbee,4/11/18,
a50595cef638fbee,5/11/18,"22,365"
3c16e424176c8982,7/10/18,
3c16e424176c8982,8/10/18,"23,390"
3c16e424176c8982,9/10/18,"23,395"
3c16e424176c8982,10/10/18,"23,385"
3c16e424176c8982,11/10/18,"23,385"
3c16e424176c8982,12/10/18,"23,385"
3c16e424176c8982,13/10/18,
3c16e424176c8982,14/10/18,
3c16e424176c8982,15/10/18,"23,375"
3c16e424176c8982,16/10/18,"23,375"
3c16e424176c8982,17/10/18,"23,385"
3c16e424176c8982,18/10/18,"23,385"
3c16e424176c8982,19/10/18,"23,390"
3c16e424176c8982,20/10/18,
3c16e424176c8982,21/10/18,
dc91d5d9d0f26857,6/9/18,"23,355"
dc91d5d9d0f26857,7/9/18,"23,340"
dc91d5d9d0f26857,8/9/18,
dc91d5d9d0f26857,9/9/18,
dc91d5d9d0f26857,10/9/18,"23,340"
dc91d5d9d0f26857,11/9/18,"23,325"
dc91d5d9d0f26857,12/9/18,"23,325"
dc91d5d9d0f26857,13/9/18,"23,305"
dc91d5d9d0f26857,14/9/18,"23,290"
dc91d5d9d0f26857,15/9/18,
dc91d5d9d0f26857,16/9/18,
dc91d5d9d0f26857,17/9/18,"23,325"
dc91d5d9d0f26857,18/9/18,"23,325"
dc91d5d9d0f26857,19/9/18,"23,340"
dc91d5d9d0f26857,20/9/18,"23,360"
a3a874b8151a1a95,8/7/18,
a3a874b8151a1a95,9/7/18,"23,075"
a3a874b8151a1a95,0/7/18,"23,070"
a3a874b8151a1a95,11/7/18,"23,075"
a3a874b8151a1a95,12/7/18,"23,075"
a3a874b8151a1a95,13/7/18,"23,080"
a3a874b8151a1a95,14/7/18,
a3a874b8151a1a95,15/7/18,
a3a874b8151a1a95,16/7/18,"23,080"
a3a874b8151a1a95,17/7/18,"23,080"
a3a874b8151a1a95,18/7/18,"23,080"
a3a874b8151a1a95,19/7/18,"23,085"
a3a874b8151a1a95,20/7/18,"23,085"
a3a874b8151a1a95,21/7/18,
a3a874b8151a1a95,22/7/18,
d4f6c8d61f4d9488,23/5/18,"22,810"
d4f6c8d61f4d9488,24/5/18,"22,810"
d4f6c8d61f4d9488,25/5/18,"22,825"
d4f6c8d61f4d9488,26/5/18,
d4f6c8d61f4d9488,27/5/18,
d4f6c8d61f4d9488,28/5/18,"22,845"
d4f6c8d61f4d9488,29/5/18,"22,880"
d4f6c8d61f4d9488,30/5/18,"22,855"
d4f6c8d61f4d9488,31/5/18,"22,835"
d4f6c8d61f4d9488,1/6/18,"22,835"
d4f6c8d61f4d9488,2/6/18,
d4f6c8d61f4d9488,3/6/18,
d4f6c8d61f4d9488,4/6/18,"22,855"
d4f6c8d61f4d9488,5/6/18,"22,845"
d4f6c8d61f4d9488,6/6/18,"22,840"
e58ce2ef9c5d27cb,8/5/18,"22,805"
e58ce2ef9c5d27cb,9/5/18,"22,805"
e58ce2ef9c5d27cb,10/5/18,"22,805"
e58ce2ef9c5d27cb,11/5/18,"22,805"
e58ce2ef9c5d27cb,12/5/18,
e58ce2ef9c5d27cb,13/5/18,
e58ce2ef9c5d27cb,14/5/18,"22,805"
e58ce2ef9c5d27cb,15/5/18,"22,805"
e58ce2ef9c5d27cb,16/5/18,"22,805"
e58ce2ef9c5d27cb,17/5/18,"22,810"
e58ce2ef9c5d27cb,18/5/18,"22,815"
e58ce2ef9c5d27cb,19/5/18,
e58ce2ef9c5d27cb,20/5/18,
e58ce2ef9c5d27cb,21/5/18,"22,815"
e58ce2ef9c5d27cb,22/5/18,"22,805"
