doc_id,title,issue_date,updated_date,detail_url,page_found,source_keyword,crawl_date,crawl_status,parse_status,data_quality_flag,status
90c5209410d3139e,Công văn 2642/BCT-TTTN năm 2026 thông báo điều hành giá bán xăng dầu do Bộ Công thương ban hành,16/04/2026,16/04/2026,https://thuvienphapluat.vn/cong-van/Thuong-mai/Cong-van-2642-BCT-TTTN-2026-thong-bao-dieu-hanh-gia-ban-xang-dau-701937.aspx,1,điều hành,2026-04-21,fetched,not_parsed,,discovered
7090572f802d5049,Công văn 2455/BCT-TTTN năm 2026 thông báo điều hành giá bán xăng dầu do Bộ Công thương ban hành,16/04/2026,16/04/2026,https://thuvienphapluat.vn/cong-van/Thuong-mai/Cong-van-2455-BCT-TTTN-2026-thong-bao-dieu-hanh-gia-ban-xang-dau-700786.aspx,1,điều hành,2026-04-21,fetched,not_parsed,,discovered
896e0a3f91d55e45,Công văn 2428/BCT-TTTN năm 2026 thông báo điều hành giá bán xăng dầu do Bộ Công thương ban hành,16/04/2026,16/04/2026,https://thuvienphapluat.vn/cong-van/Thuong-mai/Cong-van-2428-BCT-TTTN-2026-thong-bao-dieu-hanh-gia-ban-xang-dau-700615.aspx,1,điều hành,2026-04-21,fetched,not_parsed,,discovered
5038f03bf8420274,Công văn 1440/BCT-TTTN năm 2026 điều hành kinh doanh xăng dầu do Bộ Công thương ban hành,16/04/2026,16/04/2026,https://thuvienphapluat.vn/cong-van/Thuong-mai/Cong-van-1440-BCT-TTTN-2026-dieu-hanh-kinh-doanh-xang-dau-696732.aspx,1,điều hành,2026-04-21,fetched,not_parsed,,discovered
cd334f1809ca70cb,Công văn 1358/BCT-TTTN năm 2026 điều hành kinh doanh xăng dầu do Bộ Công Thương ban hành,16/04/2026,16/04/2026,https://thuvienphapluat.vn/cong-van/Thuong-mai/Cong-van-1358-BCT-TTTN-2026-dieu-hanh-kinh-doanh-xang-dau-696497.aspx,1,điều hành,2026-04-21,fetched,not_parsed,,discovered
f7f6307c25f1bd85,Công văn 1162/BCT-TTTN năm 2026 điều hành kinh doanh xăng dầu do Bộ Công Thương ban hành,16/04/2026,16/04/2026,https://thuvienphapluat.vn/cong-van/Thuong-mai/Cong-van-1162-BCT-TTTN-2026-dieu-hanh-kinh-doanh-xang-dau-695697.aspx,1,điều hành,2026-04-21,fetched,not_parsed,,discovered
bf9489af04f85357,Công văn 1091/BCT-TTTN năm 2026 điều hành kinh doanh xăng dầu do Bộ Công Thương ban hành,16/04/2026,16/04/2026,https://thuvienphapluat.vn/cong-van/Thuong-mai/Cong-van-1091-BCT-TTTN-2026-dieu-hanh-kinh-doanh-xang-dau-695095.aspx,1,điều hành,2026-04-21,fetched,not_parsed,,discovered
4140a899a2cfcefd,Công văn 971/BCT-TTTN năm 2026 điều hành kinh doanh xăng dầu do Bộ Công Thương ban hành,16/04/2026,16/04/2026,https://thuvienphapluat.vn/cong-van/Thuong-mai/Cong-van-971-BCT-TTTN-2026-dieu-hanh-kinh-doanh-xang-dau-694811.aspx,1,điều hành,2026-04-21,fetched,not_parsed,,discovered
6809720dbebd9a21,Công văn 797/BCT-TTTN năm 2026 điều hành kinh doanh xăng dầu do Bộ Công Thương ban hành,16/04/2026,16/04/2026,https://thuvienphapluat.vn/cong-van/Thuong-mai/Cong-van-797-BCT-TTTN-2026-dieu-hanh-kinh-doanh-xang-dau-693927.aspx,1,điều hành,2026-04-21,fetched,not_parsed,,discovered
48cea29f6701993d,Công văn 619/BCT-TTTN năm 2026 điều hành kinh doanh xăng dầu do Bộ Công Thương ban hành,16/04/2026,16/04/2026,https://thuvienphapluat.vn/cong-van/Thuong-mai/Cong-van-619-BCT-TTTN-2026-dieu-hanh-kinh-doanh-xang-dau-692813.aspx,1,điều hành,2026-04-21,fetched,not_parsed,,discovered
a874d5794c21461f,Công văn 464/BCT-TTTN năm 2026 về điều hành kinh doanh xăng dầu do Bộ Công Thương ban hành,16/04/2026,16/04/2026,https://thuvienphapluat.vn/cong-van/Thuong-mai/Cong-van-464-BCT-TTTN-2026-kinh-doanh-xang-dau-690741.aspx,1,điều hành,2026-04-21,fetched,not_parsed,,discovered
7ceb92855164dccc,Công văn 83/BCT-TTTN năm 2026 điều hành kinh doanh xăng dầu do Bộ Công Thương ban hành,16/04/2026,16/04/2026,https://thuvienphapluat.vn/cong-van/Thuong-mai/Cong-van-83-BCT-TTTN-2026-kinh-doanh-xang-dau-688549.aspx,1,điều hành,2026-04-21,fetched,not_parsed,,discovered
84b6eb81c9fa9228,Công văn 10376/BCT-TTTN năm 2025 về điều hành kinh doanh xăng dầu do Bộ Công Thương ban hành,16/04/2026,16/04/2026,https://thuvienphapluat.vn/cong-van/Thuong-mai/Cong-van-10376-BCT-TTTN-2025-dieu-hanh-kinh-doanh-xang-dau-687404.aspx,1,điều hành,2026-04-21,fetched,not_parsed,,discovered
cd990b5d4e95df0e,Công văn 10210/BCT-TTTN năm 2025 về điều hành kinh doanh xăng dầu do Bộ Công Thương ban hành,16/04/2026,16/04/2026,https://thuvienphapluat.vn/cong-van/Thuong-mai/Cong-van-10210-BCT-TTTN-2025-dieu-hanh-kinh-doanh-xang-dau-686382.aspx,1,điều hành,2026-04-21,fetched,not_parsed,,discovered
52ca854df47d6ca2,Công văn 9988/BCT-TTTN năm 2025 điều hành kinh doanh xăng dầu do Bộ Công Thương ban hành,16/04/2026,16/04/2026,https://thuvienphapluat.vn/cong-van/Thuong-mai/Cong-van-9988-BCT-TTTN-2025-dieu-hanh-kinh-doanh-xang-dau-685060.aspx,1,điều hành,2026-04-21,fetched,not_parsed,,discovered
cf4043b38fa0a377,Công văn 9817/BCT-TTTN năm 2025 điều hành kinh doanh xăng dầu do Bộ Công Thương ban hành,16/04/2026,16/04/2026,https://thuvienphapluat.vn/cong-van/Thuong-mai/Cong-van-9817-BCT-TTTN-2025-dieu-hanh-kinh-doanh-xang-dau-684156.aspx,1,điều hành,2026-04-21,fetched,not_parsed,,discovered
4276ec4c940451d6,Công văn 9634/BCT-TTTN năm 2025 điều hành kinh doanh xăng dầu do Bộ Công Thương ban hành,16/04/2026,16/04/2026,https://thuvienphapluat.vn/cong-van/Thuong-mai/Cong-van-9634-BCT-TTTN-2025-dieu-hanh-kinh-doanh-xang-dau-682926.aspx,1,điều hành,2026-04-21,fetched,not_parsed,,discovered
ce79c97a8561cafd,Công văn 9398/BCT-TTTN năm 2025 điều hành kinh doanh xăng dầu do Bộ Công Thương ban hành,16/04/2026,16/04/2026,https://thuvienphapluat.vn/cong-van/Thuong-mai/Cong-van-9398-BCT-TTTN-2025-dieu-hanh-kinh-doanh-xang-dau-682957.aspx,1,điều hành,2026-04-21,fetched,not_parsed,,discovered
0ef954a9d915b261,Công văn 9162/BCT-TTTN năm 2025 điều hành kinh doanh xăng dầu do Bộ Công thương ban hành,16/04/2026,16/04/2026,https://thuvienphapluat.vn/cong-van/Thuong-mai/Cong-van-9162-BCT-TTTN-2025-dieu-hanh-kinh-doanh-xang-dau-681580.aspx,1,điều hành,2026-04-21,fetched,not_parsed,,discovered
1e7fd6acc777908a,Công văn 8955/BCT-TTTN năm 2025 điều hành kinh doanh xăng dầu do Bộ Công Thương ban hành,13/11/2025,13/11/2025,https://thuvienphapluat.vn/cong-van/Thuong-mai/Cong-van-8955-BCT-TTTN-2025-kinh-doanh-xang-dau-680559.aspx,2,điều hành,2026-04-21,fetched,not_parsed,,discovered
6852d53097037f5c,Công văn 8728/BCT-TTTN năm 2025 về điều hành kinh doanh xăng dầu do Bộ Công Thương ban hành,13/11/2025,13/11/2025,https://thuvienphapluat.vn/cong-van/Tai-nguyen-Moi-truong/Cong-van-8728-BCT-TTTN-2025-dieu-hanh-kinh-doanh-xang-dau-679859.aspx,2,điều hành,2026-04-21,fetched,not_parsed,,discovered
4e73ea2c475175c5,Công văn 8493/BCT-TTTN năm 2025 về điều hành kinh doanh xăng dầu do Bộ Công Thương ban hành,13/11/2025,13/11/2025,https://thuvienphapluat.vn/cong-van/Tai-nguyen-Moi-truong/Cong-van-8493-BCT-TTTN-2025-dieu-hanh-kinh-doanh-xang-dau-679166.aspx,2,điều hành,2026-04-21,fetched,not_parsed,,discovered
224bfe067c3e56e0,Công văn 8033/BCT-TTTN năm 2025 điều hành kinh doanh xăng dầu do Bộ Công Thương ban hành,13/11/2025,13/11/2025,https://thuvienphapluat.vn/cong-van/Tai-nguyen-Moi-truong/Cong-van-8033-BCT-TTTN-2025-dieu-hanh-kinh-doanh-xang-dau-677182.aspx,2,điều hành,2026-04-21,fetched,not_parsed,,discovered
3d3cc7b8749f5d7a,Công văn 7823/BCT-TTTN năm 2025 điều hành kinh doanh xăng dầu do Bộ Công Thương ban hành,13/11/2025,13/11/2025,https://thuvienphapluat.vn/cong-van/Thuong-mai/Cong-van-7823-BCT-TTTN-2025-kinh-doanh-xang-dau-676161.aspx,2,điều hành,2026-04-21,fetched,not_parsed,,discovered
6d0d915b3c40f1f8,Công văn 7538/BCT-TTTN năm 2025 điều hành kinh doanh xăng dầu do Bộ Công Thương ban hành,13/11/2025,13/11/2025,https://thuvienphapluat.vn/cong-van/Thuong-mai/Cong-van-7538-BCT-TTTN-2025-kinh-doanh-xang-dau-675247.aspx,2,điều hành,2026-04-21,fetched,not_parsed,,discovered
29581e6f1ebe579f,Công văn 7336/BCT-TTTN năm 2025 điều hành kinh doanh xăng dầu do Bộ Công Thương ban hành,13/11/2025,13/11/2025,https://thuvienphapluat.vn/cong-van/Thuong-mai/Cong-van-7336-BCT-TTTN-2025-dieu-hanh-kinh-doanh-xang-dau-674140.aspx,2,điều hành,2026-04-21,fetched,not_parsed,,discovered
890d8b16af9704e1,Công văn 7068/BCT-TTTN năm 2025 điều hành kinh doanh xăng dầu do Bộ Công Thương ban hành,13/11/2025,13/11/2025,https://thuvienphapluat.vn/cong-van/Thuong-mai/Cong-van-7068-BCT-TTTN-2025-dieu-hanh-kinh-doanh-xang-dau-673172.aspx,2,điều hành,2026-04-21,fetched,not_parsed,,discovered
5e038ebe3805ab01,Công văn 6869/BCT-TTTN năm 2025 điều hành kinh doanh xăng dầu do Bộ Công Thương ban hành,13/11/2025,13/11/2025,https://thuvienphapluat.vn/cong-van/Thuong-mai/Cong-van-6869-BCT-TTTN-2025-dieu-hanh-kinh-doanh-xang-dau-672365.aspx,2,điều hành,2026-04-21,fetched,not_parsed,,discovered
d71ca098e4ef19e1,Công văn 6652/BCT-TTTN năm 2025 điều hành kinh doanh xăng dầu do Bộ Công Thương ban hành,13/11/2025,13/11/2025,https://thuvienphapluat.vn/cong-van/Tai-nguyen-Moi-truong/Cong-van-6652-BCT-TTTN-2025-dieu-hanh-kinh-doanh-xang-dau-671492.aspx,2,điều hành,2026-04-21,fetched,not_parsed,,discovered
60652000ef0073df,Công văn 6495/BCT-TTTN năm 2025 điều hành kinh doanh xăng dầu do Bộ Công Thương ban hành,13/11/2025,13/11/2025,https://thuvienphapluat.vn/cong-van/Thuong-mai/Cong-van-6495-BCT-TTTN-2025-dieu-hanh-kinh-doanh-xang-dau-670907.aspx,2,điều hành,2026-04-21,fetched,not_parsed,,discovered
e3098fe9b030e746,Công văn 6269/BCT-TTTN năm 2025 điều hành kinh doanh xăng dầu do Bộ Công Thương ban hành,13/11/2025,13/11/2025,https://thuvienphapluat.vn/cong-van/Tai-nguyen-Moi-truong/Cong-van-6269-BCT-TTTN-2025-dieu-hanh-kinh-doanh-xang-dau-670097.aspx,2,điều hành,2026-04-21,fetched,not_parsed,,discovered
de63768e8edbc9f8,Công văn 6042/BCT-TTTN năm 2025 về điều hành kinh doanh xăng dầu do Bộ Công Thương ban hành,13/11/2025,13/11/2025,https://thuvienphapluat.vn/cong-van/Thuong-mai/Cong-van-6042-BCT-TTTN-2025-dieu-hanh-kinh-doanh-xang-dau-669217.aspx,2,điều hành,2026-04-21,fetched,not_parsed,,discovered
bb8d0255d7f62a48,Công văn 5891/BCT-TTTN năm 2025 về điều hành kinh doanh xăng dầu do Bộ Công Thương ban hành,13/11/2025,13/11/2025,https://thuvienphapluat.vn/cong-van/Thuong-mai/Cong-van-5891-BCT-TTTN-2025-dieu-hanh-kinh-doanh-xang-dau-668376.aspx,2,điều hành,2026-04-21,fetched,not_parsed,,discovered
b9f957592c086c67,Công văn 5664/BCT-TTTN năm 2025 về điều hành kinh doanh xăng dầu do Bộ Công thương ban hành,13/11/2025,13/11/2025,https://thuvienphapluat.vn/cong-van/Thuong-mai/Cong-van-5664-BCT-TTTN-2025-dieu-hanh-kinh-doanh-xang-dau-667381.aspx,2,điều hành,2026-04-21,fetched,not_parsed,,discovered
04952f180c7b5bda,Công văn 5515/BCT-TTTN năm 2025 điều hành kinh doanh xăng dầu do Bộ Công Thương ban hành,13/11/2025,13/11/2025,https://thuvienphapluat.vn/cong-van/Thuong-mai/Cong-van-5515-BCT-TTTN-2025-dieu-hanh-kinh-doanh-xang-dau-666441.aspx,2,điều hành,2026-04-21,fetched,not_parsed,,discovered
8a053775d8966ef2,Công văn 5285/BCT-TTTN năm 2025 điều hành kinh doanh xăng dầu do Bộ Công Thương ban hành,13/11/2025,13/11/2025,https://thuvienphapluat.vn/cong-van/Thuong-mai/Cong-van-5285-BCT-TTTN-2025-dieu-hanh-kinh-doanh-xang-dau-665388.aspx,2,điều hành,2026-04-21,fetched,not_parsed,,discovered
a321ba1451d946ec,Công văn 5121/BCT-TTTN năm 2025 về điều hành kinh doanh xăng dầu do Bộ Công Thương ban hành,13/11/2025,13/11/2025,https://thuvienphapluat.vn/cong-van/Thuong-mai/Cong-van-5121-BCT-TTTN-2025-dieu-hanh-kinh-doanh-xang-dau-664471.aspx,2,điều hành,2026-04-21,fetched,not_parsed,,discovered
5adae1dced8dbd55,Công văn 4904/BCT-TTTN năm 2025 về điều hành kinh doanh xăng dầu do Bộ Công Thương ban hành,13/11/2025,13/11/2025,https://thuvienphapluat.vn/cong-van/Thuong-mai/Cong-van-4904-BCT-TTTN-2025-dieu-hanh-kinh-doanh-xang-dau-663531.aspx,2,điều hành,2026-04-21,fetched,not_parsed,,discovered
5a5265c83adc2602,Công văn 4684/BCT-TTTN năm 2025 về điều hành kinh doanh xăng dầu do Bộ Công Thương ban hành,13/11/2025,13/11/2025,https://thuvienphapluat.vn/cong-van/Thuong-mai/Cong-van-4684-BCT-TTTN-2025-dieu-hanh-kinh-doanh-xang-dau-662580.aspx,2,điều hành,2026-04-21,fetched,not_parsed,,discovered
678175aa5523860d,Công văn 4443/BCT-TTTN năm 2025 điều hành kinh doanh xăng dầu do Bộ Công Thương ban hành,19/06/2025,19/06/2025,https://thuvienphapluat.vn/cong-van/Thuong-mai/Cong-van-4443-BCT-TTTN-2025-dieu-hanh-kinh-doanh-xang-dau-661558.aspx,3,điều hành,2026-04-21,fetched,not_parsed,,discovered
2e4508090c994436,Công văn 4217/BCT-TTTN năm 2025 điều hành kinh doanh xăng dầu do Bộ Công Thương ban hành,19/06/2025,19/06/2025,https://thuvienphapluat.vn/cong-van/Thuong-mai/Cong-van-4217-BCT-TTTN-2025-dieu-hanh-kinh-doanh-xang-dau-660593.aspx,3,điều hành,2026-04-21,fetched,not_parsed,,discovered
70311e056d5ffa15,Công văn 4069/BCT-TTTN năm 2025 điều hành kinh doanh xăng dầu do Bộ Công Thương ban hành,19/06/2025,19/06/2025,https://thuvienphapluat.vn/cong-van/Tai-nguyen-Moi-truong/Cong-van-4069-BCT-TTTN-2025-dieu-hanh-kinh-doanh-xang-dau-659769.aspx,3,điều hành,2026-04-21,fetched,not_parsed,,discovered
b8c6b7893827fa99,Công văn 3838/BCT-TTTN năm 2025 về điều hành kinh doanh xăng dầu do Bộ Công Thương ban hành,19/06/2025,19/06/2025,https://thuvienphapluat.vn/cong-van/Thuong-mai/Cong-van-3838-BCT-TTTN-2025-dieu-hanh-kinh-doanh-xang-dau-658787.aspx,3,điều hành,2026-04-21,fetched,not_parsed,,discovered
11ae3aa3d8e13813,Công văn 3669/BCT-TTTN năm 2025 về điều hành kinh doanh xăng dầu do Bộ Công Thương ban hành,19/06/2025,19/06/2025,https://thuvienphapluat.vn/cong-van/Thuong-mai/Cong-van-3669-BCT-TTTN-2025-dieu-hanh-kinh-doanh-xang-dau-657838.aspx,3,điều hành,2026-04-21,fetched,not_parsed,,discovered
df9f7f768eccc0e8,Công văn 3462/BCT-TTTN năm 2025 về điều hành kinh doanh xăng dầu do Bộ Công Thương ban hành,19/06/2025,19/06/2025,https://thuvienphapluat.vn/cong-van/Thuong-mai/Cong-van-3462-BCT-TTTN-2025-dieu-hanh-kinh-doanh-xang-dau-656806.aspx,3,điều hành,2026-04-21,fetched,not_parsed,,discovered
0761832a6f3871c9,Công văn 3266/BCT-TTTN năm 2025 về điều hành kinh doanh xăng dầu do Bộ Công Thương ban hành,19/06/2025,19/06/2025,https://thuvienphapluat.vn/cong-van/Thuong-mai/Cong-van-3266-BCT-TTTN-2025-dieu-hanh-kinh-doanh-xang-dau-655900.aspx,3,điều hành,2026-04-21,fetched,not_parsed,,discovered
f066ef7a129e75dc,Công văn 3159/BCT-TTTN năm 2025 về điều hành kinh doanh xăng dầu do Bộ Công Thương ban hành,19/06/2025,19/06/2025,https://thuvienphapluat.vn/cong-van/Thuong-mai/Cong-van-3159-BCT-TTTN-2025-dieu-hanh-kinh-doanh-xang-dau-655304.aspx,3,điều hành,2026-04-21,fetched,not_parsed,,discovered
a08f9af844846763,Công văn 2954/BCT-TTTN năm 2025 điều hành kinh doanh xăng dầu do Bộ Công Thương ban hành,19/06/2025,19/06/2025,https://thuvienphapluat.vn/cong-van/Thuong-mai/Cong-van-2954-BCT-TTTN-2025-dieu-hanh-kinh-doanh-xang-dau-654108.aspx,3,điều hành,2026-04-21,fetched,not_parsed,,discovered
8156ff3d02aa4d36,Công văn 2707/BCT-TTTN năm 2025 điều hành kinh doanh xăng dầu do Bộ Công Thương ban hành,19/06/2025,19/06/2025,https://thuvienphapluat.vn/cong-van/Thuong-mai/Cong-van-2707-BCT-TTTN-2025-dieu-hanh-kinh-doanh-xang-dau-652158.aspx,3,điều hành,2026-04-21,fetched,not_parsed,,discovered
93c4a91c0e45e9e5,Công văn 2507/BCT-TTTN năm 2025 điều hành kinh doanh xăng dầu do Bộ Công thương ban hành,19/06/2025,19/06/2025,https://thuvienphapluat.vn/cong-van/Tai-nguyen-Moi-truong/Cong-van-2507-BCT-TTTN-2025-dieu-hanh-kinh-doanh-xang-dau-651065.aspx,3,điều hành,2026-04-21,fetched,not_parsed,,discovered
a69c1d3cf11a89b5,Công văn 2144/BCT-TTTN năm 2025 điều hành kinh doanh xăng dầu do Bộ Công Thương ban hành,19/06/2025,19/06/2025,https://thuvienphapluat.vn/cong-van/Tai-nguyen-Moi-truong/Cong-van-2144-BCT-TTTN-2025-dieu-hanh-kinh-doanh-xang-dau-649396.aspx,3,điều hành,2026-04-21,fetched,not_parsed,,discovered
90ae92eed8a97b76,Công văn 1905/BCT-TTTN năm 2025 điều hành kinh doanh xăng dầu do Bộ Công Thương ban hành,19/06/2025,19/06/2025,https://thuvienphapluat.vn/cong-van/Thuong-mai/Cong-van-1905-BCT-TTTN-2025-dieu-hanh-kinh-doanh-xang-dau-648421.aspx,3,điều hành,2026-04-21,fetched,not_parsed,,discovered
eb31d26847c93fa4,Công văn 1791/BCT-TTTN năm 2025 điều hành kinh doanh xăng dầu do Bộ Công thương ban hành,19/06/2025,19/06/2025,https://thuvienphapluat.vn/cong-van/Thuong-mai/Cong-van-1791-BCT-TTTN-2025-dieu-hanh-kinh-doanh-xang-dau-647009.aspx,3,điều hành,2026-04-21,fetched,not_parsed,,discovered
71e3d0f6592fbb77,Công văn 1671/BCT-TTTN năm 2025 điều hành kinh doanh xăng dầu do Bộ Công Thương ban hành,19/06/2025,19/06/2025,https://thuvienphapluat.vn/cong-van/Tai-nguyen-Moi-truong/Cong-van-1671-BCT-TTTN-2025-dieu-hanh-kinh-doanh-xang-dau-646103.aspx,3,điều hành,2026-04-21,fetched,not_parsed,,discovered
fa1eb7d694a84828,Công văn 1423/BCT-TTTN năm 2025 điều hành kinh doanh xăng dầu do Bộ Công thương ban hành,19/06/2025,19/06/2025,https://thuvienphapluat.vn/cong-van/Tai-nguyen-Moi-truong/Cong-van-1423-BCT-TTTN-2025-dieu-hanh-kinh-doanh-xang-dau-645041.aspx,3,điều hành,2026-04-21,fetched,not_parsed,,discovered
a7b7db6999ddbac1,Công văn 1243/BCT-TTTN năm 2025 về điều hành kinh doanh xăng dầu do Bộ Công Thương ban hành,19/06/2025,19/06/2025,https://thuvienphapluat.vn/cong-van/Thuong-mai/Cong-van-1243-BCT-TTTN-2025-dieu-hanh-kinh-doanh-xang-dau-643806.aspx,3,điều hành,2026-04-21,fetched,not_parsed,,discovered
36402681df05eb59,Công văn 1020/BCT-TTTN năm 2025 về điều hành kinh doanh xăng dầu do Bộ Công Thương ban hành,19/06/2025,19/06/2025,https://thuvienphapluat.vn/cong-van/Thuong-mai/Cong-van-1020-BCT-TTTN-2025-dieu-hanh-kinh-doanh-xang-dau-643141.aspx,3,điều hành,2026-04-21,fetched,not_parsed,,discovered
cde62b286d7ce87e,Công văn 837/BCT-TTTN năm 2025 về điều hành kinh doanh xăng dầu do Bộ Công thương ban hành,19/06/2025,19/06/2025,https://thuvienphapluat.vn/cong-van/Thuong-mai/Cong-van-837-BCT-TTTN-2025-dieu-hanh-kinh-doanh-xang-dau-641987.aspx,3,điều hành,2026-04-21,fetched,not_parsed,,discovered
42773ce2c7acca4f,Công văn 727/BCT-TTTN năm 2025 điều hành kinh doanh xăng dầu do Bộ Công Thương ban hành,19/06/2025,19/06/2025,https://thuvienphapluat.vn/cong-van/Thuong-mai/Cong-van-727-BCT-TTTN-2025-dieu-hanh-kinh-doanh-xang-dau-641787.aspx,3,điều hành,2026-04-21,fetched,not_parsed,,discovered
2d366215e386724a,Công văn 610/BCT-TTTN năm 2025 về điều hành kinh doanh xăng dầu do Bộ Công Thương ban hành,23/01/2025,25/01/2025,https://thuvienphapluat.vn/cong-van/Thuong-mai/Cong-van-610-BCT-TTTN-2025-dieu-hanh-kinh-doanh-xang-dau-641484.aspx,4,điều hành,2026-04-21,fetched,not_parsed,,discovered
cb6106ec65b0f039,Công văn 437/BCT-TTTN năm 2025 điều hành kinh doanh xăng dầu do Bộ Công thương ban hành,23/01/2025,25/01/2025,https://thuvienphapluat.vn/cong-van/Thuong-mai/Cong-van-437-BCT-TTTN-2025-kinh-doanh-xang-dau-640105.aspx,4,điều hành,2026-04-21,fetched,not_parsed,,discovered
60dbc03761dfa22f,Công văn 10607/BCT-TTTN năm 2024 về điều hành kinh doanh xăng dầu do Bộ Công Thương ban hành,23/01/2025,25/01/2025,https://thuvienphapluat.vn/cong-van/Thuong-mai/Cong-van-10607-BCT-TTTN-2024-dieu-hanh-kinh-doanh-xang-dau-637427.aspx,4,điều hành,2026-04-21,fetched,not_parsed,,discovered
55200b1cf534bc1c,Công văn 10388/BCT-TTTN năm 2024 về điều hành kinh doanh xăng dầu do Bộ Công thương ban hành,23/01/2025,25/01/2025,https://thuvienphapluat.vn/cong-van/Tai-nguyen-Moi-truong/Cong-van-10388-BCT-TTTN-2024-dieu-hanh-kinh-doanh-xang-dau-636267.aspx,4,điều hành,2026-04-21,fetched,not_parsed,,discovered
e1d4cd5b265ecce4,Công văn 9885/BCT-TTTN năm 2024 điều hành kinh doanh xăng dầu do Bộ Công Thương ban hành,23/01/2025,25/01/2025,https://thuvienphapluat.vn/cong-van/Thuong-mai/Cong-van-9885-BCT-TTTN-2024-dieu-hanh-kinh-doanh-xang-dau-634268.aspx,4,điều hành,2026-04-21,fetched,not_parsed,,discovered
5eef8331bfa2de62,Công văn 9690/BCT-TTTN năm 2024 về điều hành kinh doanh xăng dầu do Bộ Công thương ban hành,23/01/2025,25/01/2025,https://thuvienphapluat.vn/cong-van/Thuong-mai/Cong-van-9690-BCT-TTTN-2024-dieu-hanh-kinh-doanh-xang-dau-633319.aspx,4,điều hành,2026-04-21,fetched,not_parsed,,discovered
2f790c55b31bad00,Công văn 9460/BCT-TTTN năm 2024 về điều hành kinh doanh xăng dầu do Bộ Công thương ban hành,23/01/2025,25/01/2025,https://thuvienphapluat.vn/cong-van/Thuong-mai/Cong-van-9460-BCT-TTTN-2024-dieu-hanh-kinh-doanh-xang-dau-632383.aspx,4,điều hành,2026-04-21,fetched,not_parsed,,discovered
4a6e7231324c9b50,Công văn 9214/BCT-TTTN năm 2024 về điều hành kinh doanh xăng dầu do Bộ Công thương ban hành,23/01/2025,25/01/2025,https://thuvienphapluat.vn/cong-van/Thuong-mai/Cong-van-9214-BCT-TTTN-2024-dieu-hanh-kinh-doanh-xang-dau-631509.aspx,4,điều hành,2026-04-21,fetched,not_parsed,,discovered
81ea7e10e17bf4ea,Công văn 8984/BCT-TTTN năm 2024 về điều hành kinh doanh xăng dầu do Bộ Công Thương ban hành,23/01/2025,25/01/2025,https://thuvienphapluat.vn/cong-van/Thuong-mai/Cong-van-8984-BCT-TTTN-2024-dieu-hanh-kinh-doanh-xang-dau-630660.aspx,4,điều hành,2026-04-21,fetched,not_parsed,,discovered
67424b4bd17e4957,Công văn 8729/BCT-TTTN năm 2024 về điều hành kinh doanh xăng dầu do Bộ Công Thương ban hành,23/01/2025,25/01/2025,https://thuvienphapluat.vn/cong-van/Thuong-mai/Cong-van-8729-BCT-TTTN-2024-dieu-hanh-kinh-doanh-xang-dau-629569.aspx,4,điều hành,2026-04-21,fetched,not_parsed,,discovered
8e8a2ffeca0c5f07,Công văn 8505/BCT-TTTN năm 2024 điều hành kinh doanh xăng dầu do Bộ Công Thương ban hành,23/01/2025,25/01/2025,https://thuvienphapluat.vn/cong-van/Thuong-mai/Cong-van-8505-BCT-TTTN-2024-dieu-hanh-kinh-doanh-xang-dau-628829.aspx,4,điều hành,2026-04-21,fetched,not_parsed,,discovered
271060ee867d8926,Công văn 8296/BCT-TTTN năm 2024 về điều hành kinh doanh xăng dầu do Bộ Công Thương ban hành,23/01/2025,25/01/2025,https://thuvienphapluat.vn/cong-van/Thuong-mai/Cong-van-8296-BCT-TTTN-2024-dieu-hanh-kinh-doanh-xang-dau-627935.aspx,4,điều hành,2026-04-21,fetched,not_parsed,,discovered
9faf39ef788ff56d,Công văn 8066/BCT-TTTN năm 2024 về điều hành kinh doanh xăng dầu do Bộ Công Thương ban hành,23/01/2025,25/01/2025,https://thuvienphapluat.vn/cong-van/Thuong-mai/Cong-van-8066-BCT-TTTN-2024-dieu-hanh-kinh-doanh-xang-dau-627047.aspx,4,điều hành,2026-04-21,fetched,not_parsed,,discovered
141e9343abe20eb9,Công văn 7771/BCT-TTTN năm 2024 điều hành kinh doanh xăng dầu do Bộ Công thương ban hành,23/01/2025,25/01/2025,https://thuvienphapluat.vn/cong-van/Thuong-mai/Cong-van-7771-BCT-TTTN-2024-dieu-hanh-kinh-doanh-xang-dau-626349.aspx,4,điều hành,2026-04-21,fetched,not_parsed,,discovered
a949aafc486ea103,Công văn 7558/BCT-TTTN năm 2024 về điều hành kinh doanh xăng dầu do Bộ Công thương ban hành,23/01/2025,25/01/2025,https://thuvienphapluat.vn/cong-van/Thuong-mai/Cong-van-7558-BCT-TTTN-2024-dieu-hanh-kinh-doanh-xang-dau-625661.aspx,4,điều hành,2026-04-21,fetched,not_parsed,,discovered
7d3ebb22e94f1f40,Công văn 7281/BCT-TTTN năm 2024 về điều hành kinh doanh xăng dầu do Bộ Công thương ban hành,23/01/2025,25/01/2025,https://thuvienphapluat.vn/cong-van/Thuong-mai/Cong-van-7281-BCT-TTTN-2024-dieu-hanh-kinh-doanh-xang-dau-624979.aspx,4,điều hành,2026-04-21,fetched,not_parsed,,discovered
b7d05ef645a67f44,Công văn 6996/BCT-TTTN năm 2024 về điều hành kinh doanh xăng dầu do Bộ Công thương ban hành,23/01/2025,25/01/2025,https://thuvienphapluat.vn/cong-van/Thuong-mai/Cong-van-6996-BCT-TTTN-2024-dieu-hanh-kinh-doanh-xang-dau-624096.aspx,4,điều hành,2026-04-21,fetched,not_parsed,,discovered
92226e6a7b03760b,Công văn 6323/BCT-TTTN năm 2024 về điều hành kinh doanh xăng dầu do Bộ Công thương ban hành,23/01/2025,25/01/2025,https://thuvienphapluat.vn/cong-van/Thuong-mai/Cong-van-6323-BCT-TTTN-2024-dieu-hanh-kinh-doanh-xang-dau-622040.aspx,4,điều hành,2026-04-21,fetched,not_parsed,,discovered
8daeccf4f36f9455,Công văn 6040/BCT-TTTN năm 2024 về điều hành kinh doanh xăng dầu do Bộ Công Thương ban hành,23/01/2025,25/01/2025,https://thuvienphapluat.vn/cong-van/Thuong-mai/Cong-van-6040-BCT-TTTN-2024-dieu-hanh-kinh-doanh-xang-dau-621211.aspx,4,điều hành,2026-04-21,fetched,not_parsed,,discovered
b4ee19c7165c12a0,Công văn 5843/BCT-TTTN năm 2024 về điều hành kinh doanh xăng dầu do Bộ Công thương ban hành,08/08/2024,08/08/2024,https://thuvienphapluat.vn/cong-van/Thuong-mai/Cong-van-5843-BCT-TTTN-2024-dieu-hanh-kinh-doanh-xang-dau-620409.aspx,5,điều hành,2026-04-21,fetched,not_parsed,,discovered
1cb3b772784ecebf,Công văn 5599/BCT-TTTN năm 2024 về điều hành kinh doanh xăng dầu do Bộ Công thương ban hành,08/08/2024,08/08/2024,https://thuvienphapluat.vn/cong-van/Thuong-mai/Cong-van-5599-BCT-TTTN-2024-dieu-hanh-kinh-doanh-xang-dau-620406.aspx,5,điều hành,2026-04-21,fetched,not_parsed,,discovered
79fbdd1395119f99,Công văn 5345/BCT-TTTN năm 2024 về điều hành kinh doanh xăng dầu do Bộ Công Thương ban hành,08/08/2024,08/08/2024,https://thuvienphapluat.vn/cong-van/Thuong-mai/Cong-van-5345-BCT-TTTN-2024-dieu-hanh-kinh-doanh-xang-dau-618605.aspx,5,điều hành,2026-04-21,fetched,not_parsed,,discovered
d55e0016dee18732,Công văn 5129/BCT-TTTN năm 2024 về điều hành kinh doanh xăng dầu do Bộ Công Thương ban hành,08/08/2024,08/08/2024,https://thuvienphapluat.vn/cong-van/Thuong-mai/Cong-van-5129-BCT-TTTN-2024-quy-dinh-dieu-hanh-kinh-doanh-xang-dau-617656.aspx,5,điều hành,2026-04-21,fetched,not_parsed,,discovered
84d07ef8a882969f,Công văn 4896/BCT-TTTN năm 2024 điều hành kinh doanh xăng dầu do Bộ Công Thương ban hành,08/08/2024,08/08/2024,https://thuvienphapluat.vn/cong-van/Thuong-mai/Cong-van-4896-BCT-TTTN-2024-dieu-hanh-kinh-doanh-xang-dau-616779.aspx,5,điều hành,2026-04-21,fetched,not_parsed,,discovered
7959ab958153b98b,Công văn 4662/BCT-TTTN năm 2024 về điều hành kinh doanh xăng dầu do Bộ Công thương ban hành,08/08/2024,08/08/2024,https://thuvienphapluat.vn/cong-van/Thuong-mai/Cong-van-4662-BCT-TTTN-2024-quy-dinh-dieu-hanh-kinh-doanh-xang-dau-615930.aspx,5,điều hành,2026-04-21,fetched,not_parsed,,discovered
f3815863f9e37aba,Công văn 4477/BCT-TTTN năm 2024 điều hành kinh doanh xăng dầu do Bộ Công Thương ban hành,08/08/2024,08/08/2024,https://thuvienphapluat.vn/cong-van/Thuong-mai/Cong-van-4477-BCT-TTTN-2024-dieu-hanh-kinh-doanh-xang-dau-615080.aspx,5,điều hành,2026-04-21,fetched,not_parsed,,discovered
64c3790a34fc2a62,Công văn 4280/BCT-TTTN năm 2024 về điều hành kinh doanh xăng dầu do Bộ Công Thương ban hành,08/08/2024,08/08/2024,https://thuvienphapluat.vn/cong-van/Thuong-mai/Cong-van-4280-BCT-TTTN-2024-quy-dinh-dieu-hanh-kinh-doanh-xang-dau-614903.aspx,5,điều hành,2026-04-21,fetched,not_parsed,,discovered
c1c8c98c8d46237b,Công văn 4065/BCT-TTTN năm 2024 về điều hành kinh doanh xăng dầu do Bộ Công thương ban hành,08/08/2024,08/08/2024,https://thuvienphapluat.vn/cong-van/Thuong-mai/Cong-van-4065-BCT-TTTN-2024-dieu-hanh-kinh-doanh-xang-dau-613437.aspx,5,điều hành,2026-04-21,fetched,not_parsed,,discovered
5d23a701a057a309,Công văn 3845/BCT-TTTN năm 2024 về điều hành kinh doanh xăng dầu do Bộ Công thương ban hành,08/08/2024,08/08/2024,https://thuvienphapluat.vn/cong-van/Thuong-mai/Cong-van-3845-BCT-TTTN-2024-quy-dinh-dieu-hanh-kinh-doanh-xang-dau-612766.aspx,5,điều hành,2026-04-21,fetched,not_parsed,,discovered
49be5b6eff8c914b,Công văn 3640/BCT-TTTN năm 2024 về điều hành kinh doanh xăng dầu do Bộ Công thương ban hành,08/08/2024,08/08/2024,https://thuvienphapluat.vn/cong-van/Thuong-mai/Cong-van-3640-BCT-TTTN-2024-quy-dinh-dieu-hanh-kinh-doanh-xang-dau-611610.aspx,5,điều hành,2026-04-21,fetched,not_parsed,,discovered
bc836d5191d7ce51,Công văn 3469/BCT-TTTN năm 2024 điều hành kinh doanh xăng dầu do Bộ Công thương ban hành,08/08/2024,08/08/2024,https://thuvienphapluat.vn/cong-van/Thuong-mai/Cong-van-3469-BCT-TTTN-2024-dieu-hanh-kinh-doanh-xang-dau-610886.aspx,5,điều hành,2026-04-21,fetched,not_parsed,,discovered
58ef356368c56074,Công văn 3250/BCT-TTTN năm 2024 điều hành kinh doanh xăng dầu do Bộ Công thương ban hành,08/08/2024,08/08/2024,https://thuvienphapluat.vn/cong-van/Thuong-mai/Cong-van-3250-BCT-TTTN-2024-dieu-hanh-kinh-doanh-xang-dau-610045.aspx,5,điều hành,2026-04-21,fetched,not_parsed,,discovered
a29a516f2e050fb7,Công văn 3084/BCT-TTTN năm 2024 điều hành kinh doanh xăng dầu do Bộ Công thương ban hành,08/08/2024,08/08/2024,https://thuvienphapluat.vn/cong-van/Thuong-mai/Cong-van-3084-BCT-TTTN-2024-dieu-hanh-kinh-doanh-xang-dau-609155.aspx,5,điều hành,2026-04-21,fetched,not_parsed,,discovered
cc3fff00c14c4ea3,Công văn 2846/BCT-TTTN năm 2024 điều hành kinh doanh xăng dầu do Bộ Công thương ban hành,08/08/2024,08/08/2024,https://thuvienphapluat.vn/cong-van/Thuong-mai/Cong-van-2846-BCT-TTTN-2024-dieu-hanh-kinh-doanh-xang-dau-608386.aspx,5,điều hành,2026-04-21,fetched,not_parsed,,discovered
e52bb3fc81b9a626,Công văn 2749/BCT-TTTN năm 2024 điều hành kinh doanh xăng dầu do Bộ Công thương ban hành,08/08/2024,08/08/2024,https://thuvienphapluat.vn/cong-van/Thuong-mai/Cong-van-2749-BCT-TTTN-2024-dieu-hanh-kinh-doanh-xang-dau-607881.aspx,5,điều hành,2026-04-21,fetched,not_parsed,,discovered
dd4881330cce28e3,Công văn 2557/BCT-TTTN năm 2024 điều hành kinh doanh xăng dầu do Bộ Công thương ban hành,08/08/2024,08/08/2024,https://thuvienphapluat.vn/cong-van/Thuong-mai/Cong-van-2557-BCT-TTTN-2024-dieu-hanh-kinh-doanh-xang-dau-607880.aspx,5,điều hành,2026-04-21,fetched,not_parsed,,discovered
2a1501798dd51761,Công văn 2384/BCT-TTTN năm 2024 điều hành kinh doanh xăng dầu do Bộ Công Thương ban hành,08/08/2024,08/08/2024,https://thuvienphapluat.vn/cong-van/Thuong-mai/Cong-van-2384-BCT-TTTN-2024-dieu-hanh-kinh-doanh-xang-dau-607538.aspx,5,điều hành,2026-04-21,fetched,not_parsed,,discovered
b24b70c1085fb515,Công văn 1987/BCT-TTTN năm 2024 điều hành kinh doanh xăng dầu do Bộ Công thương ban hành,08/08/2024,08/08/2024,https://thuvienphapluat.vn/cong-van/Thuong-mai/Cong-van-1987-BCT-TTTN-2024-dieu-hanh-kinh-doanh-xang-dau-604211.aspx,5,điều hành,2026-04-21,fetched,not_parsed,,discovered
5246fa97457bcb70,Công văn 1785/BCT-TTTN năm 2024 điều hành kinh doanh xăng dầu do Bộ Công thương ban hành,08/08/2024,08/08/2024,https://thuvienphapluat.vn/cong-van/Thuong-mai/Cong-van-1785-BCT-TTTN-2024-dieu-hanh-kinh-doanh-xang-dau-603041.aspx,5,điều hành,2026-04-21,fetched,not_parsed,,discovered
218325b47d08220a,Công văn 1613/BCT-TTTN năm 2024 điều hành kinh doanh xăng dầu do Bộ Công thương ban hành,14/03/2024,21/03/2024,https://thuvienphapluat.vn/cong-van/Thuong-mai/Cong-van-1613-BCT-TTTN-2024-dieu-hanh-kinh-doanh-xang-dau-603040.aspx,6,điều hành,2026-04-21,fetched,not_parsed,,discovered
511bd198a7514607,Công văn 1460/BCT-TTTN năm 2024 điều hành kinh doanh xăng dầu do Bộ Công thương ban hành,14/03/2024,21/03/2024,https://thuvienphapluat.vn/cong-van/Thuong-mai/Cong-van-1460-BCT-TTTN-2024-dieu-hanh-kinh-doanh-xang-dau-601336.aspx,6,điều hành,2026-04-21,fetched,not_parsed,,discovered
d2bccd5ca4e11d24,Công văn 1258/BCT-TTTN năm 2024 điều hành kinh doanh xăng dầu do Bộ Công thương ban hành,14/03/2024,21/03/2024,https://thuvienphapluat.vn/cong-van/Thuong-mai/Cong-van-1258-BCT-TTTN-2024-dieu-hanh-kinh-doanh-xang-dau-600274.aspx,6,điều hành,2026-04-21,fetched,not_parsed,,discovered
4a63c46cb353090e,Công văn 1081/BCT-TTTN năm 2024 điều hành kinh doanh xăng dầu do Bộ Công thương ban hành,14/03/2024,21/03/2024,https://thuvienphapluat.vn/cong-van/Thuong-mai/Cong-van-1081-BCT-TTTN-2024-dieu-hanh-kinh-doanh-xang-dau-599429.aspx,6,điều hành,2026-04-21,fetched,not_parsed,,discovered
b6a5234b1125cb33,Công văn 940/BCT-TTTN năm 2024 điều hành kinh doanh xăng dầu do Bộ Công thương ban hành,14/03/2024,21/03/2024,https://thuvienphapluat.vn/cong-van/Thuong-mai/Cong-van-940-BCT-TTTN-2024-dieu-hanh-kinh-doanh-xang-dau-598991.aspx,6,điều hành,2026-04-21,fetched,not_parsed,,discovered
2196557009c194a0,Công văn 932/BCT-TTTN năm 2024 điều hành kinh doanh xăng dầu do Bộ Công Thương ban hành,14/03/2024,21/03/2024,https://thuvienphapluat.vn/cong-van/Thuong-mai/Cong-van-932-BCT-TTTN-2024-dieu-hanh-kinh-doanh-xang-dau-598625.aspx,6,điều hành,2026-04-21,fetched,not_parsed,,discovered
30e240e2a457f143,Công văn 734/BCT-TTTN năm 2024 điều hành kinh doanh xăng dầu do Bộ Công thương ban hành,14/03/2024,21/03/2024,https://thuvienphapluat.vn/cong-van/Thuong-mai/Cong-van-734-BCT-TTTN-2024-dieu-hanh-kinh-doanh-xang-dau-598990.aspx,6,điều hành,2026-04-21,fetched,not_parsed,,discovered
06bd3142210deae9,Công văn 580/BCT-TTTN năm 2024 điều hành kinh doanh xăng dầu do Bộ Công thương ban hành,14/03/2024,21/03/2024,https://thuvienphapluat.vn/cong-van/Thuong-mai/Cong-van-580-BCT-TTTN-2024-dieu-hanh-kinh-doanh-xang-dau-596842.aspx,6,điều hành,2026-04-21,fetched,not_parsed,,discovered
f7af1a1867c6a7cd,Công văn 399/BCT-TTTN năm 2024 điều hành kinh doanh xăng dầu do Bộ Công thương ban hành,14/03/2024,21/03/2024,https://thuvienphapluat.vn/cong-van/Thuong-mai/Cong-van-399-BCT-TTTN-2024-dieu-hanh-kinh-doanh-xang-dau-596841.aspx,6,điều hành,2026-04-21,fetched,not_parsed,,discovered
399dde7edb5b24cc,Công văn 242/BCT-TTTN năm 2024 điều hành kinh doanh xăng dầu do Bộ Công thương ban hành,14/03/2024,21/03/2024,https://thuvienphapluat.vn/cong-van/Thuong-mai/Cong-van-242-BCT-TTTN-2024-dieu-hanh-kinh-doanh-xang-dau-594919.aspx,6,điều hành,2026-04-21,fetched,not_parsed,,discovered
480538d6506f8b0e,Công văn 43/BCT-TTTN năm 2024 điều hành kinh doanh xăng dầu do Bộ Công thương ban hành,14/03/2024,21/03/2024,https://thuvienphapluat.vn/cong-van/Thuong-mai/Cong-van-43-BCT-TTTN-2024-dieu-hanh-kinh-doanh-xang-dau-594917.aspx,6,điều hành,2026-04-21,fetched,not_parsed,,discovered
945757bbd05ecc2f,Công văn 9275/BCT-TTTN năm 2023 điều hành kinh doanh xăng dầu do Bộ Công Thương ban hành,14/03/2024,21/03/2024,https://thuvienphapluat.vn/cong-van/Thuong-mai/Cong-van-9275-BCT-TTTN-2023-dieu-hanh-kinh-doanh-xang-dau-592984.aspx,6,điều hành,2026-04-21,fetched,not_parsed,,discovered
d1a4c5a312499c97,Công văn 9088/BCT-TTTN năm 2023 điều hành kinh doanh xăng dầu do Bộ Công Thương ban hành,14/03/2024,21/03/2024,https://thuvienphapluat.vn/cong-van/Thuong-mai/Cong-van-9088-BCT-TTTN-2023-dieu-hanh-kinh-doanh-xang-dau-591859.aspx,6,điều hành,2026-04-21,fetched,not_parsed,,discovered
246edd7078b758a3,Công văn 8909/BCT-TTTN năm 2023 về điều hành kinh doanh xăng dầu do Bộ Công Thương ban hành,14/03/2024,21/03/2024,https://thuvienphapluat.vn/cong-van/Thuong-mai/Cong-van-8909-BCT-TTTN-2023-dieu-hanh-kinh-doanh-xang-dau-590773.aspx,6,điều hành,2026-04-21,fetched,not_parsed,,discovered
2b0db8a727377890,Công văn 8746/BCT-TTTN năm 2023 điều hành kinh doanh xăng dầu do Bộ Công Thương ban hành,14/03/2024,21/03/2024,https://thuvienphapluat.vn/cong-van/Thuong-mai/Cong-van-8746-BCT-TTTN-2023-dieu-hanh-kinh-doanh-xang-dau-589726.aspx,6,điều hành,2026-04-21,fetched,not_parsed,,discovered
8ee7aaa1a9b516d5,Công văn 8292/BCT-TTTN năm 2023 về điều hành kinh doanh xăng dầu do Bộ Công Thương ban hành,14/03/2024,21/03/2024,https://thuvienphapluat.vn/cong-van/Thuong-mai/Cong-van-8292-BCT-TTTN-2023-dieu-hanh-kinh-doanh-xang-dau-587724.aspx,6,điều hành,2026-04-21,fetched,not_parsed,,discovered
70f8b30d2d17ee47,Công văn 8035/BCT-TTTN năm 2023 về điều hành kinh doanh xăng dầu do Bộ Công Thương ban hành,14/03/2024,21/03/2024,https://thuvienphapluat.vn/cong-van/Thuong-mai/Cong-van-8035-BCT-TTTN-2023-dieu-hanh-kinh-doanh-xang-dau-586264.aspx,6,điều hành,2026-04-21,fetched,not_parsed,,discovered
b2185f4d39bb3e80,Công văn 7660/BCT-TTTN năm 2023 về điều hành kinh doanh xăng dầu do Bộ Công thương ban hành,14/03/2024,21/03/2024,https://thuvienphapluat.vn/cong-van/Thuong-mai/Cong-van-7660-BCT-TTTN-2023-dieu-hanh-kinh-doanh-xang-dau-584704.aspx,6,điều hành,2026-04-21,fetched,not_parsed,,discovered
43277a15a463ab8b,Công văn 7378/BCT-TTTN năm 2023 về điều hành kinh doanh xăng dầu do Bộ Công Thương ban hành,14/03/2024,21/03/2024,https://thuvienphapluat.vn/cong-van/Thuong-mai/Cong-van-7378-BCT-TTTN-2023-dieu-hanh-kinh-doanh-xang-dau-583310.aspx,6,điều hành,2026-04-21,fetched,not_parsed,,discovered
ed822e601211d1a5,Công văn 7075/BCT-TTTN năm 2023 về điều hành kinh doanh xăng dầu do Bộ Công Thương ban hành,11/10/2023,11/10/2023,https://thuvienphapluat.vn/cong-van/Thuong-mai/Cong-van-7075-BCT-TTTN-2023-dieu-hanh-kinh-doanh-xang-dau-581994.aspx,7,điều hành,2026-04-21,fetched,not_parsed,,discovered
8cd59e4a8eb484d6,Công văn 6787/BCT-TTTN năm 2023 về điều hành kinh doanh xăng dầu do Bộ Công thương ban hành,11/10/2023,11/10/2023,https://thuvienphapluat.vn/cong-van/Thuong-mai/Cong-van-6787-BCT-TTTN-2023-dieu-hanh-kinh-doanh-xang-dau-583978.aspx,7,điều hành,2026-04-21,fetched,not_parsed,,discovered
142d9dbbc40b7b10,Công văn 6237/BCT-TTTN năm 2023 về điều hành kinh doanh xăng dầu do Bộ Công Thương ban hành,11/10/2023,11/10/2023,https://thuvienphapluat.vn/cong-van/Thuong-mai/Cong-van-6237-BCT-TTTN-2023-dieu-hanh-kinh-doanh-gia-xang-dau-578781.aspx,7,điều hành,2026-04-21,fetched,not_parsed,,discovered
fda83b07610d6d7a,Công văn 6083/BCT-TTTN năm 2023 về điều hành kinh doanh xăng dầu do Bộ Công Thương ban hành,11/10/2023,11/10/2023,https://thuvienphapluat.vn/cong-van/Thuong-mai/Cong-van-6083-BCT-TTTN-2023-dieu-hanh-kinh-doanh-xang-dau-577971.aspx,7,điều hành,2026-04-21,fetched,not_parsed,,discovered
a8c0b5fd50c036e2,Công văn 5655/BCT-TTTN năm 2023 về điều hành kinh doanh xăng dầu do Bộ Công Thương ban hành,11/10/2023,11/10/2023,https://thuvienphapluat.vn/cong-van/Thuong-mai/Cong-van-5655-BCT-TTTN-2023-dieu-hanh-kinh-doanh-xang-dau-576412.aspx,7,điều hành,2026-04-21,fetched,not_parsed,,discovered
d8065578e176113a,Công văn 5345/BCT-TTTN năm 2023 về điều hành kinh doanh xăng dầu do Bộ Công Thương ban hành,11/10/2023,11/10/2023,https://thuvienphapluat.vn/cong-van/Thuong-mai/Cong-van-5345-BCT-TTTN-2023-dieu-hanh-kinh-doanh-xang-dau-575532.aspx,7,điều hành,2026-04-21,fetched,not_parsed,,discovered
7b0afe1983af5eae,Công văn 5041/BCT-TTTN năm 2023 về điều hành kinh doanh xăng dầu do Bộ Công thương ban hành,11/10/2023,11/10/2023,https://thuvienphapluat.vn/cong-van/Thuong-mai/Cong-van-5041-BCT-TTTN-2023-dieu-hanh-kinh-doanh-xang-dau-574286.aspx,7,điều hành,2026-04-21,fetched,not_parsed,,discovered
357ddc491db7319f,Công văn 4790/BCT-TTTN năm 2023 về điều hành kinh doanh xăng dầu do Bộ Công Thương ban hành,11/10/2023,11/10/2023,https://thuvienphapluat.vn/cong-van/Thuong-mai/Cong-van-4790-BCT-TTTN-2023-dieu-hanh-kinh-doanh-xang-dau-573180.aspx,7,điều hành,2026-04-21,fetched,not_parsed,,discovered
1361570c641851c0,Công văn 4506/BCT-TTTN năm 2023 về điều hành kinh doanh xăng dầu do Bộ Công thương ban hành,11/10/2023,11/10/2023,https://thuvienphapluat.vn/cong-van/Thuong-mai/Cong-van-4506-BCT-TTTN-2023-dieu-hanh-kinh-doanh-xang-dau-572235.aspx,7,điều hành,2026-04-21,fetched,not_parsed,,discovered
c03572423c97770a,Công văn 4228/BCT-TTTN năm 2023 về điều hành kinh doanh xăng dầu do Bộ Công Thương ban hành,11/10/2023,11/10/2023,https://thuvienphapluat.vn/cong-van/Thuong-mai/Cong-van-4228-BCT-TTTN-2023-dieu-hanh-kinh-doanh-xang-dau-571491.aspx,7,điều hành,2026-04-21,fetched,not_parsed,,discovered
27771f9191d04f48,Công văn 3862/BCT-TTTN năm 2023 về điều hành kinh doanh xăng dầu do Bộ Công Thương ban hành,11/10/2023,11/10/2023,https://thuvienphapluat.vn/cong-van/Thuong-mai/Cong-van-3862-BCT-TTTN-2023-dieu-hanh-kinh-doanh-xang-dau-570369.aspx,7,điều hành,2026-04-21,fetched,not_parsed,,discovered
b45983cc9ab1fbde,Công văn 3620/BCT-TTTN năm 2023 về điều hành kinh doanh xăng dầu do Bộ Công Thương ban hành,11/10/2023,11/10/2023,https://thuvienphapluat.vn/cong-van/Thuong-mai/Cong-van-3620-BCT-TTTN-2023-dieu-hanh-kinh-doanh-xang-dau-569311.aspx,7,điều hành,2026-04-21,fetched,not_parsed,,discovered
f485f0044c0f9507,Công văn 3380/BCT-TTTN năm 2023 về điều hành kinh doanh xăng dầu do Bộ Công thương ban hành,11/10/2023,11/10/2023,https://thuvienphapluat.vn/cong-van/Thuong-mai/Cong-van-3380-BCT-TTTN-2023-dieu-hanh-kinh-doanh-xang-dau-568203.aspx,7,điều hành,2026-04-21,fetched,not_parsed,,discovered
c94e335cd2749250,Công văn 3080/BCT-TTTN năm 2023 về điều hành kinh doanh xăng dầu do Bộ Công thương ban hành,11/10/2023,11/10/2023,https://thuvienphapluat.vn/cong-van/Thuong-mai/Cong-van-3080-BCT-TTTN-2023-dieu-hanh-kinh-doanh-xang-dau-567088.aspx,7,điều hành,2026-04-21,fetched,not_parsed,,discovered
8661319bed8ee03f,Công văn 2789/BCT-TTTN năm 2023 về điều hành kinh doanh xăng dầu do Bộ Công thương ban hành,11/10/2023,11/10/2023,https://thuvienphapluat.vn/cong-van/Thuong-mai/Cong-van-2789-BCT-TTTN-2023-dieu-hanh-kinh-doanh-xang-dau-565898.aspx,7,điều hành,2026-04-21,fetched,not_parsed,,discovered
7544bf287dcba3eb,Công văn 2588/BCT-TTTN năm 2023 về điều hành kinh doanh xăng dầu do Bộ Công thương ban hành,11/10/2023,11/10/2023,https://thuvienphapluat.vn/cong-van/Thuong-mai/Cong-van-2588-BCT-TTTN-2023-dieu-hanh-kinh-doanh-xang-dau-565131.aspx,7,điều hành,2026-04-21,fetched,not_parsed,,discovered
a0c8df806dfbead2,Công văn 2390/BCT-TTTN năm 2023 về điều hành kinh doanh xăng dầu do Bộ Công thương ban hành,11/10/2023,11/10/2023,https://thuvienphapluat.vn/cong-van/Thuong-mai/Cong-van-2390-BCT-TTTN-2023-dieu-hanh-kinh-doanh-xang-dau-564078.aspx,7,điều hành,2026-04-21,fetched,not_parsed,,discovered
9f73ec62433dbbd1,Công văn 2075/BCT-TTTN năm 2023 về điều hành kinh doanh xăng dầu do Bộ Công thương ban hành,11/10/2023,11/10/2023,https://thuvienphapluat.vn/cong-van/Thuong-mai/Cong-van-2075-BCT-TTTN-2023-dieu-hanh-kinh-doanh-xang-dau-562689.aspx,7,điều hành,2026-04-21,fetched,not_parsed,,discovered
be5be5091e9c6938,Công văn 1886/BCT-TTTN năm 2023 về điều hành kinh doanh xăng dầu do Bộ Công thương ban hành,20/10/2025,31/10/2025,https://thuvienphapluat.vn/cong-van/Thuong-mai/Cong-van-1886-BCT-TTTN-2023-dieu-hanh-kinh-doanh-xang-dau-561646.aspx,8,điều hành,2026-04-21,fetched,not_parsed,,discovered
49efd5c44d15cf3a,Công văn 1576/BCT-TTTN năm 2023 về điều hành kinh doanh xăng dầu do Bộ Công thương ban hành,20/10/2025,31/10/2025,https://thuvienphapluat.vn/cong-van/Thuong-mai/Cong-van-1576-BCT-TTTN-2023-dieu-hanh-kinh-doanh-xang-dau-560186.aspx,8,điều hành,2026-04-21,fetched,not_parsed,,discovered
d6c77bd41b73a3e8,Công văn 1325/BCT-TTTN năm 2023 về điều hành kinh doanh xăng dầu do Bộ Công thương ban hành,20/10/2025,31/10/2025,https://thuvienphapluat.vn/cong-van/Thuong-mai/Cong-van-1325-BCT-TTTN-2023-dieu-hanh-kinh-doanh-xang-dau-559180.aspx,8,điều hành,2026-04-21,fetched,not_parsed,,discovered
10ad0848e0137c45,Công văn 1051/BCT-TTTN năm 2023 về điều hành kinh doanh xăng dầu do Bộ Công thương ban hành,20/10/2025,31/10/2025,https://thuvienphapluat.vn/cong-van/Thuong-mai/Cong-van-1051-BCT-TTTN-2023-dieu-hanh-kinh-doanh-xang-dau-557007.aspx,8,điều hành,2026-04-21,fetched,not_parsed,,discovered
ed0322bf76c0f8c7,Công văn 831/BCT-TTTN năm 2023 về điều hành kinh doanh xăng dầu do Bộ Công Thương ban hành,20/10/2025,31/10/2025,https://thuvienphapluat.vn/cong-van/Thuong-mai/Cong-van-831-BCT-TTTN-2023-dieu-hanh-kinh-doanh-xang-dau-555905.aspx,8,điều hành,2026-04-21,fetched,not_parsed,,discovered
40765525cb7249f3,Công văn 639/BCT-TTTN năm 2023 về điều hành kinh doanh xăng dầu do Bộ Công thương ban hành,20/10/2025,31/10/2025,https://thuvienphapluat.vn/cong-van/Thuong-mai/Cong-van-639-BCT-TTTN-2023-dieu-hanh-kinh-doanh-xang-dau-554630.aspx,8,điều hành,2026-04-21,fetched,not_parsed,,discovered
495ad626e2357be6,Công văn 413/BCT-TTTN năm 2023 về điều hành kinh doanh xăng dầu do Bộ Công Thương ban hành,20/10/2025,31/10/2025,https://thuvienphapluat.vn/cong-van/Thuong-mai/Cong-van-413-BCT-TTTN-2023-dieu-hanh-kinh-doanh-xang-dau-552133.aspx,8,điều hành,2026-04-21,fetched,not_parsed,,discovered
8e438261ab8ba721,Công văn 10/BCT-TTTN năm 2023 về điều hành kinh doanh xăng dầu do Bộ Công thương ban hành,20/10/2025,31/10/2025,https://thuvienphapluat.vn/cong-van/Thuong-mai/Cong-van-10-BCT-TTTN-2023-dieu-hanh-kinh-doanh-xang-dau-548622.aspx,8,điều hành,2026-04-21,fetched,not_parsed,,discovered
c79d7ba7b8ef4266,Công văn 8243/BCT-TTTN năm 2022 về điều hành kinh doanh xăng dầu do Bộ Công thương ban hành,20/10/2025,31/10/2025,https://thuvienphapluat.vn/cong-van/Thuong-mai/Cong-van-8243-BCT-TTTN-2022-dieu-hanh-kinh-doanh-xang-dau-546815.aspx,8,điều hành,2026-04-21,fetched,not_parsed,,discovered
ba1999135130c2f7,Công văn 7938/BCT-TTTN năm 2022 về điều hành kinh doanh xăng dầu do Bộ Công thương ban hành,20/10/2025,31/10/2025,https://thuvienphapluat.vn/cong-van/Thuong-mai/Cong-van-7938-BCT-TTTN-2022-dieu-hanh-kinh-doanh-xang-dau-545017.aspx,8,điều hành,2026-04-21,fetched,not_parsed,,discovered
7b5d1e885986634b,Công văn 7706/BCT-TTTN năm 2022 về điều hành kinh doanh xăng dầu do Bộ Công thương ban hành,20/10/2025,31/10/2025,https://thuvienphapluat.vn/cong-van/Thuong-mai/Cong-van-7706-BCT-TTTN-2022-dieu-hanh-kinh-doanh-xang-dau-542258.aspx,8,điều hành,2026-04-21,fetched,not_parsed,,discovered
1c2b8cdeea92e049,Công văn 7376/BCT-TTTN năm 2022 về điều hành kinh doanh xăng dầu do Bộ Công thương ban hành,20/10/2025,31/10/2025,https://thuvienphapluat.vn/cong-van/Thuong-mai/Cong-van-7376-BCT-TTTN-2022-dieu-hanh-kinh-doanh-xang-dau-539748.aspx,8,điều hành,2026-04-21,fetched,not_parsed,,discovered
6d08ab2941258dc4,Công văn 7180/BCT-TTTN năm 2022 về điều hành kinh doanh xăng dầu do Bộ Công thương ban hành,20/10/2025,31/10/2025,https://thuvienphapluat.vn/cong-van/Thuong-mai/Cong-van-7180-BCT-TTTN-2022-dieu-hanh-kinh-doanh-xang-dau-538097.aspx,8,điều hành,2026-04-21,fetched,not_parsed,,discovered
07ee38d725b8d5b3,Công văn 6853/BCT-TTTN năm 2022 về điều hành kinh doanh xăng dầu do Bộ Công thương ban hành,20/10/2025,31/10/2025,https://thuvienphapluat.vn/cong-van/Thuong-mai/Cong-van-6853-BCT-TTTN-2022-dieu-hanh-kinh-doanh-xang-dau-535928.aspx,8,điều hành,2026-04-21,fetched,not_parsed,,discovered
ab44c7f939abc832,Công văn 6501/BCT-TTTN năm 2022 về điều hành kinh doanh xăng dầu do Bộ Công thương ban hành,20/10/2025,31/10/2025,https://thuvienphapluat.vn/cong-van/Thuong-mai/Cong-van-6501-BCT-TTTN-2022-dieu-hanh-kinh-doanh-xang-dau-533572.aspx,8,điều hành,2026-04-21,fetched,not_parsed,,discovered
8de10302b40389f8,Công văn 6253/BCT-TTTN năm 2022 về điều hành kinh doanh xăng dầu do Bộ Công thương ban hành,30/05/2025,05/06/2025,https://thuvienphapluat.vn/cong-van/Thuong-mai/Cong-van-6253-BCT-TTTN-2022-dieu-hanh-kinh-doanh-xang-dau-531921.aspx,9,điều hành,2026-04-21,fetched,not_parsed,,discovered
91e2b6fc28a24cd0,Công văn 5938/BCT-TTTN năm 2022 về điều hành kinh doanh xăng dầu do Bộ Công thương ban hành,30/05/2025,05/06/2025,https://thuvienphapluat.vn/cong-van/Thuong-mai/Cong-van-5938-BCT-TTTN-2022-dieu-hanh-kinh-doanh-xang-dau-531074.aspx,9,điều hành,2026-04-21,fetched,not_parsed,,discovered
3cc3281e00e1f740,Công văn 5621/BCT-TTTN năm 2022 về điều hành kinh doanh xăng dầu do Bộ Công thương ban hành,30/05/2025,05/06/2025,https://thuvienphapluat.vn/cong-van/Thuong-mai/Cong-van-5621-BCT-TTTN-2022-dieu-hanh-kinh-doanh-xang-dau-530111.aspx,9,điều hành,2026-04-21,fetched,not_parsed,,discovered
6bd96d345c95198d,Công văn 5404/BCT-TTTN năm 2022 về điều hành kinh doanh xăng dầu do Bộ Công thương ban hành,30/05/2025,05/06/2025,https://thuvienphapluat.vn/cong-van/Thuong-mai/Cong-van-5404-BCT-TTTN-2022-dieu-hanh-kinh-doanh-xang-dau-529151.aspx,9,điều hành,2026-04-21,fetched,not_parsed,,discovered
7509c8d23c4692d4,Công văn 5274/BCT-TTTN năm 2022 về điều hành kinh doanh xăng dầu do Bộ Công thương ban hành,30/05/2025,05/06/2025,https://thuvienphapluat.vn/cong-van/Thuong-mai/Cong-van-5274-BCT-TTTN-2022-dieu-hanh-kinh-doanh-xang-dau-528312.aspx,9,điều hành,2026-04-21,fetched,not_parsed,,discovered
309c486d77f4e113,Công văn 5011/BCT-TTTN năm 2022 về điều hành kinh doanh xăng dầu do Bộ Công thương ban hành,30/05/2025,05/06/2025,https://thuvienphapluat.vn/cong-van/Thuong-mai/Cong-van-5011-BCT-TTTN-2022-dieu-hanh-kinh-doanh-xang-dau-526946.aspx,9,điều hành,2026-04-21,fetched,not_parsed,,discovered
4a4221308ef4c877,Công văn 4750/BCT-TTTN năm 2022 về điều hành kinh doanh xăng dầu do Bộ Công thương ban hành,30/05/2025,05/06/2025,https://thuvienphapluat.vn/cong-van/Thuong-mai/Cong-van-4750-BCT-TTTN-2022-dieu-hanh-kinh-doanh-xang-dau-525613.aspx,9,điều hành,2026-04-21,fetched,not_parsed,,discovered
0aadece0dfde5c6c,Công văn 4479/BCT-TTTN năm 2022 về điều hành kinh doanh xăng dầu do Bộ Công thương ban hành,30/05/2025,05/06/2025,https://thuvienphapluat.vn/cong-van/Thuong-mai/Cong-van-4479-BCT-TTTN-2022-dieu-hanh-kinh-doanh-xang-dau-524279.aspx,9,điều hành,2026-04-21,fetched,not_parsed,,discovered
55e2726618f71a73,Công văn 4202/BCT-TTTN năm 2022 về điều hành kinh doanh xăng dầu do Bộ Công thương ban hành,30/05/2025,05/06/2025,https://thuvienphapluat.vn/cong-van/Thuong-mai/Cong-van-4202-BCT-TTTN-2022-dieu-hanh-kinh-doanh-xang-dau-522853.aspx,9,điều hành,2026-04-21,fetched,not_parsed,,discovered
f58ac09cd7c09323,Công văn 3942/BCT-TTTN năm 2022 về điều hành kinh doanh xăng dầu do Bộ Công thương ban hành,30/05/2025,05/06/2025,https://thuvienphapluat.vn/cong-van/Thuong-mai/Cong-van-3942-BCT-TTTN-2022-dieu-hanh-kinh-doanh-xang-dau-521362.aspx,9,điều hành,2026-04-21,fetched,not_parsed,,discovered
10930402cc504c28,Công văn 3742/BCT-TTTN năm 2022 về điều hành kinh doanh xăng dầu do Bộ Công thương ban hành,30/05/2025,05/06/2025,https://thuvienphapluat.vn/cong-van/Thuong-mai/Cong-van-3742-BCT-TTTN-2022-dieu-hanh-kinh-doanh-xang-dau-520050.aspx,9,điều hành,2026-04-21,fetched,not_parsed,,discovered
194ebffe91342525,Công văn 3460/BCT-TTTN năm 2022 về điều hành kinh doanh xăng dầu do Bộ Công thương ban hành,21/06/2022,21/06/2022,https://thuvienphapluat.vn/cong-van/Thuong-mai/Cong-van-3460-BCT-TTTN-2022-dieu-hanh-kinh-doanh-xang-dau-518234.aspx,10,điều hành,2026-04-21,fetched,not_parsed,,discovered
ffe7857cdb3d744e,Công văn 3309/BCT-TTTN năm 2022 về điều hành kinh doanh xăng dầu do Bộ Công thương ban hành,21/06/2022,21/06/2022,https://thuvienphapluat.vn/cong-van/Thuong-mai/Cong-van-3309-BCT-TTTN-2022-dieu-hanh-kinh-doanh-xang-dau-516842.aspx,10,điều hành,2026-04-21,fetched,not_parsed,,discovered
3169e41d1ed980b2,Công văn 3011/BCT-TTTN năm 2022 về điều hành kinh doanh xăng dầu do Bộ Công thương ban hành,21/06/2022,21/06/2022,https://thuvienphapluat.vn/cong-van/Thuong-mai/Cong-van-3011-BCT-TTTN-2022-dieu-hanh-kinh-doanh-xang-dau-515381.aspx,10,điều hành,2026-04-21,fetched,not_parsed,,discovered
7dde25b3be4c963d,Công văn 2738/BCT-TTTN năm 2022 về điều hành kinh doanh xăng dầu do Bộ Công thương ban hành,21/06/2022,21/06/2022,https://thuvienphapluat.vn/cong-van/Thuong-mai/Cong-van-2738-BCT-TTTN-2022-dieu-hanh-kinh-doanh-xang-dau-514153.aspx,10,điều hành,2026-04-21,fetched,not_parsed,,discovered
f5341afafd87415c,Công văn 2531/BCT-TTTN năm 2022 về điều hành kinh doanh xăng dầu do Bộ Công thương ban hành,21/06/2022,21/06/2022,https://thuvienphapluat.vn/cong-van/Thuong-mai/Cong-van-2531-BCT-TTTN-2022-dieu-hanh-kinh-doanh-xang-dau-512856.aspx,10,điều hành,2026-04-21,fetched,not_parsed,,discovered
82c9378e78d2a187,Công văn 2293/BCT-TTTN năm 2022 về điều hành kinh doanh xăng dầu do Bộ Công thương ban hành,21/06/2022,21/06/2022,https://thuvienphapluat.vn/cong-van/Thuong-mai/Cong-van-2293-BCT-TTTN-2022-dieu-hanh-kinh-doanh-xang-dau-512102.aspx,10,điều hành,2026-04-21,fetched,not_parsed,,discovered
5220c6dff4aaca33,Công văn 2078/BCT-TTTN năm 2022 về điều hành kinh doanh xăng dầu do Bộ Công thương ban hành,21/06/2022,21/06/2022,https://thuvienphapluat.vn/cong-van/Thuong-mai/Cong-van-2078-BCT-TTTN-2022-dieu-hanh-kinh-doanh-xang-dau-510931.aspx,10,điều hành,2026-04-21,fetched,not_parsed,,discovered
84317f90fa0b02e2,Công văn 1846/BCT-TTTN năm 2022 về điều hành kinh doanh xăng dầu do Bộ Công thương ban hành,21/06/2022,21/06/2022,https://thuvienphapluat.vn/cong-van/Thuong-mai/Cong-van-1846-BCT-TTTN-2022-dieu-hanh-kinh-doanh-xang-dau-509818.aspx,10,điều hành,2026-04-21,fetched,not_parsed,,discovered
2e42fd3b491f83e0,Công văn 1674/BCT-TTTN năm 2022 về điều hành kinh doanh xăng dầu do Bộ Công thương ban hành,21/06/2022,21/06/2022,https://thuvienphapluat.vn/cong-van/Thuong-mai/Cong-van-1674-BCT-TTTN-2022-dieu-hanh-kinh-doanh-xang-dau-508669.aspx,10,điều hành,2026-04-21,fetched,not_parsed,,discovered
c69e778b4c04b065,Công văn 1403/BCT-TTTN năm 2022 về điều hành kinh doanh xăng dầu do Bộ Công thương ban hành,21/06/2022,21/06/2022,https://thuvienphapluat.vn/cong-van/Thuong-mai/Cong-van-1403-BCT-TTTN-2022-dieu-hanh-kinh-doanh-xang-dau-507357.aspx,10,điều hành,2026-04-21,fetched,not_parsed,,discovered
236e6ac37c0ba8b2,Công văn 1214/BCT-TTTN năm 2022 về điều hành kinh doanh xăng dầu do Bộ Công thương ban hành,21/06/2022,21/06/2022,https://thuvienphapluat.vn/cong-van/Thuong-mai/Cong-van-1214-BCT-TTTN-2022-dieu-hanh-kinh-doanh-xang-dau-506242.aspx,10,điều hành,2026-04-21,fetched,not_parsed,,discovered
7c1d00521c3e88b1,Công văn 961/BCT-TTTN năm 2022 về điều hành kinh doanh xăng dầu do Bộ Công thương ban hành,21/06/2022,21/06/2022,https://thuvienphapluat.vn/cong-van/Thuong-mai/Cong-van-961-BCT-TTTN-2022-dieu-hanh-kinh-doanh-xang-dau-505020.aspx,10,điều hành,2026-04-21,fetched,not_parsed,,discovered
2c07ff6be9ca9534,Công văn 791/BCT-TTTN năm 2022 về điều hành kinh doanh xăng dầu do Bộ Công thương ban hành,21/06/2022,21/06/2022,https://thuvienphapluat.vn/cong-van/Thuong-mai/Cong-van-791-BCT-TTTN-2022-dieu-hanh-kinh-doanh-xang-dau-503958.aspx,10,điều hành,2026-04-21,fetched,not_parsed,,discovered
e7cdde7fc9b4e0f2,Công văn 603/BCT-TTTN năm 2022 về điều hành kinh doanh xăng dầu do Bộ Công thương ban hành,21/06/2022,21/06/2022,https://thuvienphapluat.vn/cong-van/Thuong-mai/Cong-van-603-BCT-TTTN-2022-dieu-hanh-kinh-doanh-xang-dau-502751.aspx,10,điều hành,2026-04-21,fetched,not_parsed,,discovered
072465adfb554761,Công văn 326/BCT-TTTN năm 2022 về điều hành kinh doanh xăng dầu do Bộ Công thương ban hành,10/02/2022,11/02/2022,https://thuvienphapluat.vn/cong-van/Thuong-mai/Cong-van-326-BCT-TTTN-2022-dieu-hanh-kinh-doanh-xang-dau-501241.aspx,11,điều hành,2026-04-21,fetched,not_parsed,,discovered
6cfdc092eeb3dca7,Công văn 162/BCT-TTTN năm 2022 về điều hành kinh doanh xăng dầu do Bộ Công thương ban hành,10/02/2022,11/02/2022,https://thuvienphapluat.vn/cong-van/Thuong-mai/Cong-van-162-BCT-TTTN-2022-dieu-hanh-kinh-doanh-xang-dau-500175.aspx,11,điều hành,2026-04-21,fetched,not_parsed,,discovered
454489abd5c080db,Công văn 8362/BCT-TTTN năm 2021 về điều hành kinh doanh xăng dầu do Bộ Công thương ban hành,10/02/2022,11/02/2022,https://thuvienphapluat.vn/cong-van/Thuong-mai/Cong-van-8362-BCT-TTTN-2021-dieu-hanh-kinh-doanh-xang-dau-498704.aspx,11,điều hành,2026-04-21,fetched,not_parsed,,discovered
72b4b296d7c8b304,Công văn 7877/BCT-TTTN năm 2021 về điều hành kinh doanh xăng dầu do Bộ Công thương ban hành,10/02/2022,11/02/2022,https://thuvienphapluat.vn/cong-van/Thuong-mai/Cong-van-7877-BCT-TTTN-2021-dieu-hanh-kinh-doanh-xang-dau-497107.aspx,11,điều hành,2026-04-21,fetched,not_parsed,,discovered
3559d236b812dfcd,Công văn 7477/BCT-TTTN năm 2021 về điều hành kinh doanh xăng dầu do Bộ Công thương ban hành,10/02/2022,11/02/2022,https://thuvienphapluat.vn/cong-van/Thuong-mai/Cong-van-7477-BCT-TTTN-2021-dieu-hanh-kinh-doanh-xang-dau-495582.aspx,11,điều hành,2026-04-21,fetched,not_parsed,,discovered
b41e561195c91720,Công văn 7101/BCT-TTTN năm 2021 về điều hành kinh doanh xăng dầu do Bộ Công thương ban hành,10/02/2022,11/02/2022,https://thuvienphapluat.vn/cong-van/Thuong-mai/Cong-van-7101-BCT-TTTN-2021-dieu-hanh-kinh-doanh-xang-dau-493968.aspx,11,điều hành,2026-04-21,fetched,not_parsed,,discovered
ea44ca29da438dc5,Công văn 6716/BCT-TTTN năm 2021 về điều hành kinh doanh xăng dầu do Bộ Công thương ban hành,10/02/2022,11/02/2022,https://thuvienphapluat.vn/cong-van/Thuong-mai/Cong-van-6716-BCT-TTTN-2021-dieu-hanh-kinh-doanh-xang-dau-492469.aspx,11,điều hành,2026-04-21,fetched,not_parsed,,discovered
55827b3e640c7586,Công văn 6295/BCT-TTTN năm 2021 về điều hành kinh doanh xăng dầu do Bộ Công thương ban hành,10/02/2022,11/02/2022,https://thuvienphapluat.vn/cong-van/Thuong-mai/Cong-van-6295-BCT-TTTN-2021-dieu-hanh-kinh-doanh-xang-dau-490756.aspx,11,điều hành,2026-04-21,fetched,not_parsed,,discovered
2a7b98f03827a3f9,Công văn 5909/BCT-TTTN năm 2021 về điều hành kinh doanh xăng dầu do Bộ Công Thương ban hành,10/02/2022,11/02/2022,https://thuvienphapluat.vn/cong-van/Thuong-mai/Cong-van-5909-BCT-TTTN-2021-dieu-hanh-kinh-doanh-xang-dau-489146.aspx,11,điều hành,2026-04-21,fetched,not_parsed,,discovered
25f909e5f880c572,Công văn 5522/BCT-TTTN năm 2021 về điều hành kinh doanh xăng dầu do Bộ Công thương ban hành,10/02/2022,11/02/2022,https://thuvienphapluat.vn/cong-van/Thuong-mai/Cong-van-5522-BCT-TTTN-2021-dieu-hanh-kinh-doanh-xang-dau-487477.aspx,11,điều hành,2026-04-21,fetched,not_parsed,,discovered
fbc438476304231f,Công văn 5204/BCT-TTTN năm 2021 về điều hành kinh doanh xăng dầu do Bộ Công thương ban hành,10/02/2022,11/02/2022,https://thuvienphapluat.vn/cong-van/Thuong-mai/Cong-van-5204-BCT-TTTN-2021-dieu-hanh-kinh-doanh-xang-dau-486064.aspx,11,điều hành,2026-04-21,fetched,not_parsed,,discovered
ca09ee3139976bf4,Công văn 4843/BCT-TTTN năm 2021 về điều hành kinh doanh xăng dầu do Bộ Công thương ban hành,10/02/2022,11/02/2022,https://thuvienphapluat.vn/cong-van/Thuong-mai/Cong-van-4843-BCT-TTTN-2021-dieu-hanh-kinh-doanh-xang-dau-484312.aspx,11,điều hành,2026-04-21,fetched,not_parsed,,discovered
e2aba3cc77fe2c0b,Công văn 4469/BCT-TTTN năm 2021 về điều hành kinh doanh xăng dầu do Bộ Công thương ban hành,10/02/2022,11/02/2022,https://thuvienphapluat.vn/cong-van/Thuong-mai/Cong-van-4469-BCT-TTTN-2021-dieu-hanh-kinh-doanh-xang-dau-482589.aspx,11,điều hành,2026-04-21,fetched,not_parsed,,discovered
6bfaa9d6a3da55a6,Công văn 4104/BCT-TTTN năm 2021 về điều hành kinh doanh xăng dầu do Bộ Công thương ban hành,10/02/2022,11/02/2022,https://thuvienphapluat.vn/cong-van/Thuong-mai/Cong-van-4104-BCT-TTTN-2021-dieu-hanh-kinh-doanh-xang-dau-480875.aspx,11,điều hành,2026-04-21,fetched,not_parsed,,discovered
602027f03890d215,Công văn 3753/BCT-TTTN năm 2021 về điều hành kinh doanh xăng dầu do Bộ Công thương ban hành,10/02/2022,11/02/2022,https://thuvienphapluat.vn/cong-van/Thuong-mai/Cong-van-3753-BCT-TTTN-2021-dieu-hanh-kinh-doanh-xang-dau-479188.aspx,11,điều hành,2026-04-21,fetched,not_parsed,,discovered
c25ab0c229997983,Công văn 3382/BCT-TTTN năm 2021 về điều hành kinh doanh xăng dầu do Bộ Công thương ban hành,10/02/2022,11/02/2022,https://thuvienphapluat.vn/cong-van/Thuong-mai/Cong-van-3382-BCT-TTTN-2021-dieu-hanh-kinh-doanh-xang-dau-477415.aspx,11,điều hành,2026-04-21,fetched,not_parsed,,discovered
8339c3bca900ecab,Công văn 2621/BCT-TTTN năm 2021 về điều hành kinh doanh xăng dầu do Bộ Công thương ban hành,10/02/2022,11/02/2022,https://thuvienphapluat.vn/cong-van/Thuong-mai/Cong-van-2621-BCT-TTTN-2021-dieu-hanh-kinh-doanh-xang-dau-473948.aspx,11,điều hành,2026-04-21,fetched,not_parsed,,discovered
b4f05a5c0d3ec1d3,Công văn 2055/BCT-TTTN năm 2021 về điều hành kinh doanh xăng dầu do Bộ Công thương ban hành,12/04/2021,12/04/2021,https://thuvienphapluat.vn/cong-van/Thuong-mai/Cong-van-2055-BCT-TTTN-2021-dieu-hanh-kinh-doanh-xang-dau-470560.aspx,12,điều hành,2026-04-21,fetched,not_parsed,,discovered
8f97d11bbb23826a,Công văn 1685/BCT-TTTN năm 2021 về điều hành kinh doanh xăng dầu do Bộ Công thương ban hành,12/04/2021,12/04/2021,https://thuvienphapluat.vn/cong-van/Thuong-mai/Cong-van-1685-BCT-TTTN-2021-dieu-hanh-kinh-doanh-xang-dau-468947.aspx,12,điều hành,2026-04-21,fetched,not_parsed,,discovered
365d82a975376d25,Công văn 1348/BCT-TTTN năm 2021 về điều hành kinh doanh xăng dầu do Bộ Công thương ban hành,12/04/2021,12/04/2021,https://thuvienphapluat.vn/cong-van/Thuong-mai/Cong-van-1348-BCT-TTTN-2021-dieu-hanh-kinh-doanh-xang-dau-467376.aspx,12,điều hành,2026-04-21,fetched,not_parsed,,discovered
35db264c4642bb9e,Công văn 992/BCT-TTTN năm 2021 về điều hành kinh doanh xăng dầu do Bộ Công thương ban hành,12/04/2021,12/04/2021,https://thuvienphapluat.vn/cong-van/Thuong-mai/Cong-van-992-BCT-TTTN-2021-dieu-hanh-kinh-doanh-xang-dau-465910.aspx,12,điều hành,2026-04-21,fetched,not_parsed,,discovered
29dcb757af4fa90f,Công văn 856/BCT-TTTN năm 2021 về điều hành kinh doanh xăng dầu do Bộ Công thương ban hành,12/04/2021,12/04/2021,https://thuvienphapluat.vn/cong-van/Thuong-mai/Cong-van-856-BCT-TTTN-2021-quy-dinh-dieu-hanh-kinh-doanh-xang-dau-465103.aspx,12,điều hành,2026-04-21,fetched,not_parsed,,discovered
688f3c7f5e7ef362,Công văn 466/BCT-TTTN năm 2021 về điều hành kinh doanh xăng dầu do Bộ Công thương ban hành,12/04/2021,12/04/2021,https://thuvienphapluat.vn/cong-van/Thuong-mai/Cong-van-466-BCT-TTTN-2021-dieu-hanh-kinh-doanh-xang-dau-463633.aspx,12,điều hành,2026-04-21,fetched,not_parsed,,discovered
c83af9a9e8d6368e,Công văn 150/BCT-TTTN năm 2020 về điều hành kinh doanh xăng dầu do Bộ Công thương ban hành,12/04/2021,12/04/2021,https://thuvienphapluat.vn/cong-van/Thuong-mai/Cong-van-150-BCT-TTTN-2020-dieu-hanh-kinh-doanh-xang-dau-461916.aspx,12,điều hành,2026-04-21,fetched,not_parsed,,discovered
b57be55ed50a7b2c,Công văn 10034/BCT-TTTN năm 2020 về điều hành kinh doanh xăng dầu do Bộ Công thương ban hành,12/04/2021,12/04/2021,https://thuvienphapluat.vn/cong-van/Thuong-mai/Cong-van-10034-BCT-TTTN-2020-dieu-hanh-kinh-doanh-xang-dau-460580.aspx,12,điều hành,2026-04-21,fetched,not_parsed,,discovered
6aee6bec61580895,Công văn 7212/BCT-TTTN năm 2020 về điều hành kinh doanh xăng dầu do Bộ Công Thương ban hành,12/04/2021,12/04/2021,https://thuvienphapluat.vn/cong-van/Thuong-mai/Cong-van-7212-BCT-TTTN-2020-dieu-hanh-kinh-doanh-xang-dau-493591.aspx,12,điều hành,2026-04-21,fetched,not_parsed,,discovered
1c865e2d217bd1b6,Công văn 5919/BCT-TTTN năm 2020 về điều hành kinh doanh xăng dầu do Bộ Công thương ban hành,12/04/2021,12/04/2021,https://thuvienphapluat.vn/cong-van/Thuong-mai/Cong-van-5919-BCT-TTTN-2020-dieu-hanh-kinh-doanh-xang-dau-449870.aspx,12,điều hành,2026-04-21,fetched,not_parsed,,discovered
e18cdc1abe7b60dc,Công văn 5464/BCT-TTTN năm 2020 về điều hành kinh doanh xăng dầu do Bộ Công thương ban hành,12/04/2021,12/04/2021,https://thuvienphapluat.vn/cong-van/Thuong-mai/Cong-van-5464-BCT-TTTN-2020-dieu-hanh-kinh-doanh-xang-dau-448324.aspx,12,điều hành,2026-04-21,fetched,not_parsed,,discovered
24ce5fea41900cbf,Công văn 5046/BCT-TTTN năm 2020 về điều hành kinh doanh xăng dầu do Bộ Công thương ban hành,12/04/2021,12/04/2021,https://thuvienphapluat.vn/cong-van/Thuong-mai/Cong-van-5046-BCT-TTTN-2020-dieu-hanh-kinh-doanh-xang-dau-447191.aspx,12,điều hành,2026-04-21,fetched,not_parsed,,discovered
9d4951184c929caf,Công văn 4686/BCT-TTTN năm 2020 về điều hành kinh doanh xăng dầu do Bộ Công thương ban hành,12/04/2021,12/04/2021,https://thuvienphapluat.vn/cong-van/Thuong-mai/Cong-van-4686-BCT-TTTN-2020-dieu-hanh-kinh-doanh-xang-dau-445977.aspx,12,điều hành,2026-04-21,fetched,not_parsed,,discovered
4f8755ac70d1cc16,Công văn 4227/BCT-TTTN năm 2020 về điều hành kinh doanh xăng dầu do Bộ Công thương ban hành,12/06/2020,12/06/2020,https://thuvienphapluat.vn/cong-van/Thuong-mai/Cong-van-4227-BCT-TTTN-2020-cong-bo-gia-co-so-kinh-doanh-xang-dau-tren-thi-truong-444775.aspx,13,điều hành,2026-04-21,fetched,not_parsed,,discovered
b4beea8a5a7fb153,Công văn 3824/BCT-TTTN năm 2020 về điều hành kinh doanh xăng dầu do Bộ Công thương ban hành,12/06/2020,12/06/2020,https://thuvienphapluat.vn/cong-van/Tai-chinh-nha-nuoc/Cong-van-3821-BCT-TTTN-2020-dieu-hanh-kinh-doanh-xang-dau-443754.aspx,13,điều hành,2026-04-21,fetched,not_parsed,,discovered
c61d5c8c24339ad2,Công văn 3397/BCT-TTTN năm 2020 về điều hành kinh doanh xăng dầu do Bộ Công thương ban hành,12/06/2020,12/06/2020,https://thuvienphapluat.vn/cong-van/Tai-chinh-nha-nuoc/Cong-van-3397-BCT-TTTN-2020-dieu-hanh-kinh-doanh-xang-dau-442411.aspx,13,điều hành,2026-04-21,fetched,not_parsed,,discovered
cb16aa11db345903,Công văn 3006/BCT-TTTN năm 2020 về điều hành kinh doanh xăng dầu do Bộ Công thương ban hành,12/06/2020,12/06/2020,https://thuvienphapluat.vn/cong-van/Thuong-mai/Cong-van-3006-BCT-TTTN-2020-dieu-hanh-kinh-doanh-xang-dau-441182.aspx,13,điều hành,2026-04-21,fetched,not_parsed,,discovered
f173edbf2138e07d,Công văn 2587/BCT-TTTN năm 2020 về điều hành kinh doanh xăng dầu do Bộ Công thương ban hành,12/06/2020,12/06/2020,https://thuvienphapluat.vn/cong-van/Thuong-mai/Cong-van-2587-BCT-TTTN-2020-dieu-hanh-kinh-doanh-xang-dau-439755.aspx,13,điều hành,2026-04-21,fetched,not_parsed,,discovered
829fa806e93dbd70,Công văn 1798/BCT-TTTN năm 2020 về điều hành kinh doanh xăng dầu do Bộ Công thương ban hành,12/06/2020,12/06/2020,https://thuvienphapluat.vn/cong-van/Thuong-mai/Cong-van-1798-BCT-TTTN-2020-kinh-doanh-xang-dau-437649.aspx,13,điều hành,2026-04-21,fetched,not_parsed,,discovered
e70f640024cf67ce,Công văn 1373/BCT-TTTN năm 2020 về điều hành kinh doanh xăng dầu do Bộ Công thương ban hành,12/06/2020,12/06/2020,https://thuvienphapluat.vn/cong-van/Thuong-mai/Cong-van-1373-BCT-TTTN-2020-dieu-hanh-kinh-doanh-xang-dau-509822.aspx,13,điều hành,2026-04-21,fetched,not_parsed,,discovered
18870d6525265bcd,Công văn 944/BCT-TTTN năm 2020 về điều hành kinh doanh xăng dầu do Bộ Công thương ban hành,12/06/2020,12/06/2020,https://thuvienphapluat.vn/cong-van/Thuong-mai/Cong-van-944-BCT-TTTN-2020-dieu-hanh-kinh-doanh-xang-dau-435342.aspx,13,điều hành,2026-04-21,fetched,not_parsed,,discovered
cee021c4579d5e4a,Công văn 343/BCT-TTTN năm 2020 về điều hành kinh doanh xăng dầu do Bộ Công thương ban hành,12/06/2020,12/06/2020,https://thuvienphapluat.vn/cong-van/Thuong-mai/Cong-van-343-BCT-TTTN-2020-dieu-hanh-kinh-doanh-xang-dau-432938.aspx,13,điều hành,2026-04-21,fetched,not_parsed,,discovered
430f840047d50443,Công văn 10162/BCT-TTTN năm 2019 về điều hành kinh doanh xăng dầu do Bộ Công thương ban hành,12/06/2020,12/06/2020,https://thuvienphapluat.vn/cong-van/Thuong-mai/Cong-van-10162-BCT-TTTN-2019-dieu-hanh-kinh-doanh-xang-dau-511814.aspx,13,điều hành,2026-04-21,fetched,not_parsed,,discovered
876e2e22ae5f248c,Công văn 9621/BCT-TTTN năm 2019 về điều hành kinh doanh xăng dầu do Bộ Công thương ban hành,12/06/2020,12/06/2020,https://thuvienphapluat.vn/cong-van/Thuong-mai/Cong-van-9621-BCT-TTTN-2019-dieu-hanh-kinh-doanh-xang-dau-512342.aspx,13,điều hành,2026-04-21,fetched,not_parsed,,discovered
ae971a9d39adbd1f,Công văn 9139/BCT-TTTN năm 2019 về điều hành kinh doanh xăng dầu do Bộ Công thương ban hành,12/06/2020,12/06/2020,https://thuvienphapluat.vn/cong-van/Thuong-mai/Cong-van-9139-BCT-TTTN-2019-dieu-hanh-kinh-doanh-xang-dau-512481.aspx,13,điều hành,2026-04-21,fetched,not_parsed,,discovered
6682f906b4a0dcd5,Công văn 8733/BCT-TTTN năm 2019 về điều hành kinh doanh xăng dầu do Bộ Công thương ban hành,12/06/2020,12/06/2020,https://thuvienphapluat.vn/cong-van/Thuong-mai/Cong-van-8733-BCT-TTTN-2019-dieu-hanh-kinh-doanh-xang-dau-514194.aspx,13,điều hành,2026-04-21,fetched,not_parsed,,discovered
18fd98acec910b27,Công văn 8258/BCT-TTTN năm 2019 về điều hành kinh doanh xăng dầu do Bộ Công thương ban hành,12/06/2020,12/06/2020,https://thuvienphapluat.vn/cong-van/Thuong-mai/Cong-van-8258-BCT-TTTN-2019-dieu-hanh-kinh-doanh-xang-dau-427077.aspx,13,điều hành,2026-04-21,fetched,not_parsed,,discovered
ec9559f4c9dd8148,Công văn 7785/BCT-TTTN năm 2019 về điều hành kinh doanh xăng dầu do Bộ Công thương ban hành,12/06/2020,12/06/2020,https://thuvienphapluat.vn/cong-van/Thuong-mai/Cong-van-7785-BCT-TTTN-2019-kinh-doanh-xang-dau-426252.aspx,13,điều hành,2026-04-21,fetched,not_parsed,,discovered
7fcff5dcfc597358,Công văn 6817/BCT-TTTN năm 2019 về điều hành kinh doanh xăng dầu do Bộ Công thương ban hành,04/11/2022,09/11/2022,https://thuvienphapluat.vn/cong-van/Thuong-mai/Cong-van-6817-BCT-TTTN-2019-dieu-hanh-kinh-doanh-xang-dau-424046.aspx,14,điều hành,2026-04-21,fetched,not_parsed,,discovered
73458464de839e57,Công văn 6012/BCT-TTTN năm 2019 về điều hành kinh doanh xăng dầu do Bộ Công thương ban hành,04/11/2022,09/11/2022,https://thuvienphapluat.vn/cong-van/Thuong-mai/Cong-van-6012-BCT-TTTN-2019-dieu-hanh-kinh-doanh-xang-dau-421225.aspx,14,điều hành,2026-04-21,fetched,not_parsed,,discovered
faeed766841e4adc,Công văn 5531/BCT-TTTN năm 2019 về điều hành kinh doanh xăng dầu do Bộ Công thương ban hành,04/11/2022,09/11/2022,https://thuvienphapluat.vn/cong-van/Thuong-mai/Cong-van-5531-BCT-TTTN-2019-ve-dieu-hanh-kinh-doanh-xang-dau-420105.aspx,14,điều hành,2026-04-21,fetched,not_parsed,,discovered
241f520f9c5417e7,Công văn 5087/BCT-TTTN năm 2019 về điều hành kinh doanh xăng dầu do Bộ Công thương ban hành,04/11/2022,09/11/2022,https://thuvienphapluat.vn/cong-van/Thuong-mai/Cong-van-5087-BCT-TTTN-2019-ve-dieu-hanh-kinh-doanh-xang-dau-418929.aspx,14,điều hành,2026-04-21,fetched,not_parsed,,discovered
a2f74c16dad4b8ca,Công văn 4720/BCT-TTTN năm 2019 về điều hành kinh doanh xăng dầu do Bộ Công thương ban hành,04/11/2022,09/11/2022,https://thuvienphapluat.vn/cong-van/Thuong-mai/Cong-van-4720-BCT-TTTN-2019-ve-dieu-hanh-kinh-doanh-xang-dau-418753.aspx,14,điều hành,2026-04-21,fetched,not_parsed,,discovered
efa63f1d509ca02b,Công văn 4286/BCT-TTTN năm 2019 về điều hành kinh doanh xăng dầu do Bộ Công thương ban hành,04/11/2022,09/11/2022,https://thuvienphapluat.vn/cong-van/Thuong-mai/Cong-van-4286-BCT-TTTN-2019-dieu-hanh-kinh-doah-xang-dau-416531.aspx,14,điều hành,2026-04-21,fetched,not_parsed,,discovered
6d82313dfa138df8,Công văn 3864/BCT-TTTN năm 2019 về điều hành kinh doanh xăng dầu do Bộ Công thương ban hành,04/11/2022,09/11/2022,https://thuvienphapluat.vn/cong-van/Thuong-mai/Cong-van-3864-BCT-TTTN-2019-ve-dieu-hanh-kinh-doanh-xang-dau-416102.aspx,14,điều hành,2026-04-21,fetched,not_parsed,,discovered
e9b36e4731fda049,Công văn 3466/BCT-TTTN năm 2019 về điều hành kinh doanh xăng dầu do Bộ Công thương ban hành,04/11/2022,09/11/2022,https://thuvienphapluat.vn/cong-van/Thuong-mai/Cong-van-3466-BCT-TTTN-2019-dieu-hanh-kinh-doanh-xang-dau-414220.aspx,14,điều hành,2026-04-21,fetched,not_parsed,,discovered
11604de3a2ad1ce1,Công văn 3006/BCT-TTTN năm 2019 về điều hành kinh doanh xăng dầu do Bộ Công thương ban hành,04/11/2022,09/11/2022,https://thuvienphapluat.vn/cong-van/Thuong-mai/Cong-van-3006-BCT-TTTN-2019-dieu-hanh-kinh-doanh-xang-dau-412758.aspx,14,điều hành,2026-04-21,fetched,not_parsed,,discovered
3325e571e7852ab4,Công văn 2647/BCT-TTTN năm 2019 về điều hành kinh doanh xăng dầu do Bộ Công thương ban hành,04/11/2022,09/11/2022,https://thuvienphapluat.vn/cong-van/Thuong-mai/Cong-van-2647-BCT-TTTN-2019-dieu-hanh-kinh-doanh-xang-dau-411767.aspx,14,điều hành,2026-04-21,fetched,not_parsed,,discovered
dd7fafda9226ae04,Công văn 1363/BCT-TTTN năm 2019 về điều hành kinh doanh xăng dầu do Bộ Công thương ban hành,02/03/2019,29/03/2019,https://thuvienphapluat.vn/cong-van/Thuong-mai/Cong-van-1363-BCT-TTTN-2019-dieu-hanh-kinh-doanh-xang-dau-410164.aspx,15,điều hành,2026-04-21,fetched,not_parsed,,discovered
a50595cef638fbee,Công văn 8989/BCT-TTTN năm 2018 về điều hành kinh doanh xăng dầu do Bộ Công thương ban hành,02/03/2019,29/03/2019,https://thuvienphapluat.vn/cong-van/Thuong-mai/Cong-van-8989-BCT-TTTN-2018-dieu-hanh-kinh-doanh-xang-dau-399015.aspx,15,điều hành,2026-04-21,fetched,not_parsed,,discovered
3c16e424176c8982,Công văn 8563/BCT-TTTN năm 2018 về điều hành kinh doanh xăng dầu do Bộ Công thương ban hành,02/03/2019,29/03/2019,https://thuvienphapluat.vn/cong-van/Thuong-mai/Cong-van-8563-BCT-TTTN-2018-dieu-hanh-kinh-doanh-xang-dau-397560.aspx,15,điều hành,2026-04-21,fetched,not_parsed,,discovered
dc91d5d9d0f26857,Công văn 7657/BCT-TTTN năm 2018 về điều hành kinh doanh xăng dầu do Bộ Công thương ban hành,02/03/2019,29/03/2019,https://thuvienphapluat.vn/cong-van/Thuong-mai/Cong-van-7657-BCT-TTTN-2018-dieu-hanh-kinh-doanh-xang-dau-395197.aspx,15,điều hành,2026-04-21,fetched,not_parsed,,discovered
f8b0738a648ab4d7,Công văn 7194/BCT-TTTN năm 2018 về điều hành kinh doanh xăng dầu do Bộ Công thương ban hành,02/03/2019,29/03/2019,https://thuvienphapluat.vn/cong-van/Thuong-mai/Cong-van-7194-BCT-TTTN-2018-dieu-hanh-kinh-doanh-xang-dau-393365.aspx,15,điều hành,2026-04-21,fetched,not_parsed,,discovered
edf2a9015c2c96a8,Công văn 6181/BCT-TTTN năm 2018 về điều hành kinh doanh xăng dầu do Bộ Công thương ban hành,02/03/2019,29/03/2019,https://thuvienphapluat.vn/cong-van/Thuong-mai/Cong-van-6181-BCT-TTTN-2018-dieu-hanh-kinh-doanh-xang-dau-389885.aspx,15,điều hành,2026-04-21,fetched,not_parsed,,discovered
a3a874b8151a1a95,Công văn 5778/BCT-TTTN năm 2018 về điều hành kinh doanh xăng dầu do Bộ Công thương ban hành,02/03/2019,29/03/2019,https://thuvienphapluat.vn/cong-van/Thuong-mai/Cong-van-5778-BCT-TTTN-2018-dieu-hanh-kinh-doanh-xang-dau-388226.aspx,15,điều hành,2026-04-21,fetched,not_parsed,,discovered
d4f6c8d61f4d9488,Công văn 4530/BCT-TTTN năm 2018 về điều hành kinh doanh xăng dầu do Bộ Công thương ban hành,02/03/2019,29/03/2019,https://thuvienphapluat.vn/cong-van/Thuong-mai/Cong-van-4530-BCT-TTTN-2018-dieu-hanh-kinh-doanh-xang-dau-383741.aspx,15,điều hành,2026-04-21,fetched,not_parsed,,discovered
e58ce2ef9c5d27cb,Công văn 4057/BCT-TTTN năm 2018 về điều hành kinh doanh xăng dầu do Bộ Công thương ban hành,02/03/2019,29/03/2019,https://thuvienphapluat.vn/cong-van/Thuong-mai/Cong-van-4057-BCT-TTTN-2018-dieu-hanh-kinh-doanh-xang-dau-382514.aspx,15,điều hành,2026-04-21,fetched,not_parsed,,discovered
f817be78e4864682,Công văn 3585/BCT-TTTN năm 2018 về điều hành kinh doanh xăng dầu do Bộ Công thương ban hành,02/03/2019,29/03/2019,https://thuvienphapluat.vn/cong-van/Thuong-mai/Cong-van-3585-BCT-TTTN-2018-dieu-hanh-kinh-doanh-xang-dau-381286.aspx,15,điều hành,2026-04-21,fetched,not_parsed,,discovered
8241d4ccf57ab80e,Công văn 2243/BCT-TTTN năm 2018 về điều hành kinh doanh xăng dầu do Bộ Công thương ban hành,02/03/2019,29/03/2019,https://thuvienphapluat.vn/cong-van/Thuong-mai/Cong-van-2243-BCT-TTTN-2018-dieu-hanh-kinh-doanh-xang-dau-387974.aspx,15,điều hành,2026-04-21,fetched,not_parsed,,discovered
a09caf85934748c5,Công văn 1757/BCT-TTTN năm 2018 về điều hành kinh doanh xăng dầu do Bộ Công thương ban hành,02/03/2019,29/03/2019,https://thuvienphapluat.vn/cong-van/Thuong-mai/Cong-van-1757-BCT-TTTN-2018-dieu-hanh-kinh-doanh-xang-dau-376238.aspx,15,điều hành,2026-04-21,fetched,not_parsed,,discovered
8f55b6d9603a7f06,Công văn 1377/BCT-TTTN năm 2018 về điều hành kinh doanh xăng dầu do Bộ Công thương ban hành,02/03/2019,29/03/2019,https://thuvienphapluat.vn/cong-van/Thuong-mai/Cong-van-1377-BCT-TTTN-2018-dieu-hanh-kinh-doanh-xang-dau-374927.aspx,15,điều hành,2026-04-21,fetched,not_parsed,,discovered
8491d5bcbd9f1fb3,Công văn 1073/BCT-TTTN năm 2018 về điều hành kinh doanh xăng dầu do Bộ Công thương ban hành,02/03/2019,29/03/2019,https://thuvienphapluat.vn/cong-van/Thuong-mai/Cong-van-1073-BCT-TTTN-2018-dieu-hanh-kinh-doanh-xang-dau-374438.aspx,15,điều hành,2026-04-21,fetched,not_parsed,,discovered
d0fc1fad74c0ec84,Công văn 552/BCT-TTTN năm 2018 về điều hành kinh doanh xăng dầu do Bộ Công thương ban hành,19/01/2018,19/01/2018,https://thuvienphapluat.vn/cong-van/Thuong-mai/Cong-van-552-BCT-TTTN-2018-dieu-hanh-kinh-doanh-xang-dau-372752.aspx,16,điều hành,2026-04-21,fetched,not_parsed,,discovered
39a48dad2dab689d,Công văn 51/BCT-TTTN năm 2018 về điều hành kinh doanh xăng dầu do Bộ Công Thương ban hành,19/01/2018,19/01/2018,https://thuvienphapluat.vn/cong-van/Thuong-mai/Cong-van-51-BCT-TTTN-2018-dieu-hanh-kinh-doanh-xang-dau-371492.aspx,16,điều hành,2026-04-21,fetched,not_parsed,,discovered
69d1a04749be4380,Công văn 11964/BCT-TTTN năm 2017 về điều hành kinh doanh xăng dầu do Bộ Công thương ban hành,19/01/2018,19/01/2018,https://thuvienphapluat.vn/cong-van/Thuong-mai/Cong-van-11964-BCT-TTTN-2017-dieu-hanh-kinh-doanh-xang-dau-370234.aspx,16,điều hành,2026-04-21,fetched,not_parsed,,discovered
9fa3709404908860,Công văn 11448/BCT-TTTN năm 2017 về điều hành kinh doanh xăng dầu do Bộ trưởng Bộ Công thương ban hành,19/01/2018,19/01/2018,https://thuvienphapluat.vn/cong-van/Thuong-mai/Cong-van-11448-BCT-TTTN-2017-dieu-hanh-kinh-doanh-xang-dau-368985.aspx,16,điều hành,2026-04-21,fetched,not_parsed,,discovered
2b52886eadb9dca5,Công văn 10896/BCT-TTTN năm 2017 về điều hành kinh doanh xăng dầu do Bộ Công thương ban hành,19/01/2018,19/01/2018,https://thuvienphapluat.vn/cong-van/Thuong-mai/Cong-van-10896-BCT-TTTN-2017-dieu-hanh-kinh-doanh-xang-dau-367626.aspx,16,điều hành,2026-04-21,fetched,not_parsed,,discovered
9cd2e0b9585039d2,Công văn 10365/BCT-TTTN năm 2017 về điều hành kinh doanh xăng dầu do Bộ Công thương ban hành,19/01/2018,19/01/2018,https://thuvienphapluat.vn/cong-van/Thuong-mai/Cong-van-10365-BCT-TTTN-2017-dieu-hanh-kinh-doanh-xang-dau-366261.aspx,16,điều hành,2026-04-21,fetched,not_parsed,,discovered
418464c82c79b946,Công văn 9759/BCT-TTTN năm 2017 về điều hành kinh doanh xăng dầu do Bộ Công thương ban hành,19/01/2018,19/01/2018,https://thuvienphapluat.vn/cong-van/Thuong-mai/Cong-van-9759-BCT-TTTN-2017-dieu-hanh-kinh-doanh-xang-dau-364831.aspx,16,điều hành,2026-04-21,fetched,not_parsed,,discovered
1b7b42dfeb1bf5b2,Công văn 9278/BCT-TTTN năm 2017 về điều hành kinh doanh xăng dầu do Bộ Công thương ban hành,19/01/2018,19/01/2018,https://thuvienphapluat.vn/cong-van/Thuong-mai/Cong-van-9278-BCT-TTTN-2017-dieu-hanh-kinh-doanh-xang-dau-363619.aspx,16,điều hành,2026-04-21,fetched,not_parsed,,discovered
cbd39d9a47faf7e8,Công văn 8724/BCT-TTTN năm 2017 điều hành kinh doanh xăng dầu do Bộ Công thương ban hành,19/01/2018,19/01/2018,https://thuvienphapluat.vn/cong-van/Thuong-mai/Cong-van-8724-BCT-TTTN-2017-dieu-hanh-kinh-doanh-xang-dau-361833.aspx,16,điều hành,2026-04-21,fetched,not_parsed,,discovered
06ef0e45eb8c031e,Công văn 8178/BCT-TTTN năm 2017 điều hành kinh doanh xăng dầu do Bộ Công thương ban hành,19/01/2018,19/01/2018,https://thuvienphapluat.vn/cong-van/Thuong-mai/Cong-van-8178-BCT-TTTN-2017-dieu-hanh-kinh-doanh-xang-dau-360655.aspx,16,điều hành,2026-04-21,fetched,not_parsed,,discovered
13cda7bd83363d57,Công văn 7616/BCT-TTTN năm 2017 về điều hành kinh doanh xăng dầu do Bộ Công thương ban hành,19/01/2018,19/01/2018,https://thuvienphapluat.vn/cong-van/Thuong-mai/Cong-van-7616-BCT-TTTN-2017-dieu-hanh-kinh-doanh-xang-dau-359409.aspx,16,điều hành,2026-04-21,fetched,not_parsed,,discovered
fc9a8f5275bf873e,Công văn 7027/BCT-TTTN năm 2017 điều hành kinh doanh xăng dầu do Bộ Công thương ban hành,19/01/2018,19/01/2018,https://thuvienphapluat.vn/cong-van/Thuong-mai/Cong-van-7027-BCT-TTTN-2017-dieu-hanh-kinh-doanh-xang-dau-dau-moi-kinh-doanh-xang-dau-357804.aspx,16,điều hành,2026-04-21,fetched,not_parsed,,discovered
921bf03d65b06677,Công văn 6473/BCT-TTTN năm 2017 điều hành kinh doanh xăng dầu do Bộ Công Thương ban hành,19/01/2018,19/01/2018,https://thuvienphapluat.vn/cong-van/Thuong-mai/Cong-van-6473-BCT-TTTN-2017-dieu-hanh-kinh-doanh-xang-dau-355818.aspx,16,điều hành,2026-04-21,fetched,not_parsed,,discovered
7e32b00fbdb27950,Công văn 5977/BCT-TTTN năm 2017 điều hành kinh doanh xăng dầu do Bộ Công thương ban hành,05/07/2017,07/07/2017,https://thuvienphapluat.vn/cong-van/Thuong-mai/Quyet-dinh-5977-QD-BCT-2017-dieu-hanh-kinh-doanh-xang-dau-354025.aspx,17,điều hành,2026-04-21,fetched,not_parsed,,discovered
ad10f0c3e079515d,Công văn 5430/BCT-TTTN năm 2017 điều hành kinh doanh xăng dầu do Bộ Công thương ban hành,05/07/2017,07/07/2017,https://thuvienphapluat.vn/cong-van/Thuong-mai/Cong-van-5430-BCT-TTTN-2017-dieu-hanh-kinh-doanh-xang-dau-352523.aspx,17,điều hành,2026-04-21,fetched,not_parsed,,discovered
abeb75d673ddddac,Công văn 4442/BCT-TTTN năm 2017 điều hành kinh doanh xăng dầu do Bộ Công Thương ban hành,05/07/2017,07/07/2017,https://thuvienphapluat.vn/cong-van/Thuong-mai/Cong-van-4442-BCT-TTTN-2017-dieu-hanh-kinh-doanh-xang-dau-349719.aspx,17,điều hành,2026-04-21,fetched,not_parsed,,discovered
d62f1a583aa23a5b,Công văn 3886/BCT-TTTN năm 2017 điều hành kinh doanh xăng dầu do Bộ Công thương ban hành,05/07/2017,07/07/2017,https://thuvienphapluat.vn/cong-van/Thuong-mai/Cong-van-3886-BCT-TTTN-dieu-hanh-kinh-doanh-xang-dau-2017-348294.aspx,17,điều hành,2026-04-21,fetched,not_parsed,,discovered
5934bf2a1035cdc7,Công văn 3372/BCT-TTTN năm 2017 điều hành kinh doanh xăng dầu do Bộ Công thương ban hành,05/07/2017,07/07/2017,https://thuvienphapluat.vn/cong-van/Thuong-mai/Cong-van-3372-BCT-TTTN-dieu-hanh-kinh-doanh-xang-dau-2017-346707.aspx,17,điều hành,2026-04-21,fetched,not_parsed,,discovered
f5219a31aa1949c2,Công văn 2833/BCT-TTTN năm 2017 điều hành kinh doanh xăng dầu do Bộ Công thương ban hành,05/07/2017,07/07/2017,https://thuvienphapluat.vn/cong-van/Thuong-mai/Cong-van-2833-BCT-TTTN-dieu-hanh-kinh-doanh-xang-dau-2017-345987.aspx,17,điều hành,2026-04-21,fetched,not_parsed,,discovered
4d4e4a8f66f25fce,Công văn 2284/BCT-TTTN năm 2017 điều hành kinh doanh xăng dầu do Bộ Công thương ban hành,05/07/2017,07/07/2017,https://thuvienphapluat.vn/cong-van/Thuong-mai/Cong-van-2284-BCT-TTTN-dieu-hanh-kinh-doanh-xang-dau-2017-343184.aspx,17,điều hành,2026-04-21,fetched,not_parsed,,discovered
ccb4d4d41d57ecf3,Công văn 1775/BCT-TTTN năm 2017 điều hành kinh doanh xăng dầu do Bộ Công thương ban hành,05/07/2017,07/07/2017,https://thuvienphapluat.vn/cong-van/Thuong-mai/Cong-van-1775-BCT-TTTN-dieu-hanh-kinh-doanh-xang-dau-2017-341514.aspx,17,điều hành,2026-04-21,fetched,not_parsed,,discovered
85349108d29236f7,Công văn 1315/BCT-TTTN năm 2017 điều hành kinh doanh xăng dầu do Bộ Công Thương ban hành,05/07/2017,07/07/2017,https://thuvienphapluat.vn/cong-van/Thuong-mai/Cong-van-1315-BCT-TTTN-dieu-hanh-kinh-doanh-xang-dau-2017-340087.aspx,17,điều hành,2026-04-21,fetched,not_parsed,,discovered
4e4b62a32987ec4b,Công văn 845/BCT-TTTN năm 2017 điều hành kinh doanh xăng dầu do Bộ Công thương ban hành,05/07/2017,07/07/2017,https://thuvienphapluat.vn/cong-van/Thuong-mai/Cong-van-845-BCT-TTTN-dieu-hanh-kinh-doanh-xang-dau-2017-338394.aspx,17,điều hành,2026-04-21,fetched,not_parsed,,discovered
82e96d5203929456,Công văn 562/BCT-TTTN năm 2017 điều hành kinh doanh xăng dầu do Bộ Công thương ban hành,05/07/2017,07/07/2017,https://thuvienphapluat.vn/cong-van/Thuong-mai/Cong-van-562-BCT-TTTN-dieu-hanh-kinh-doanh-xang-dau-2017-337760.aspx,17,điều hành,2026-04-21,fetched,not_parsed,,discovered
2ac158a8f2190332,Công văn 88/BCT-TTTN năm 2017 điều hành kinh doanh xăng dầu do Bộ Công thương ban hành,05/07/2017,07/07/2017,https://thuvienphapluat.vn/cong-van/Thuong-mai/Cong-van-88-BCT-TTTN-dieu-hanh-kinh-doanh-xang-dau-2017-336302.aspx,17,điều hành,2026-04-21,fetched,not_parsed,,discovered
3c95d2596010ad83,Công văn 12255/BCT-TTTN năm 2016 về điều hành kinh doanh xăng dầu do Bộ Công thương ban hành,05/07/2017,07/07/2017,https://thuvienphapluat.vn/cong-van/Thuong-mai/Cong-van-12255-BCT-TTTN-dieu-hanh-kinh-doanh-xang-dau-2016-334659.aspx,17,điều hành,2026-04-21,fetched,not_parsed,,discovered
7fe1b50a718d1aec,Công văn 11674/BCT-TTTN năm 2016 về điều hành kinh doanh xăng dầu do Bộ Công thương ban hành,05/12/2016,06/12/2016,https://thuvienphapluat.vn/cong-van/Thuong-mai/Cong-van-11674-BCT-TTTN-dieu-hanh-kinh-doanh-xang-dau-2016-332859.aspx,18,điều hành,2026-04-21,fetched,not_parsed,,discovered
38ab771683aaf50d,Công văn 11070/BCT-TTTN năm 2016 về điều hành kinh doanh xăng dầu do Bộ Công thương ban hành,05/12/2016,06/12/2016,https://thuvienphapluat.vn/cong-van/Thuong-mai/Cong-van-11070-BCT-TTTN-dieu-hanh-kinh-doanh-xang-dau-2016-330517.aspx,18,điều hành,2026-04-21,fetched,not_parsed,,discovered
5ef734b737dd9f4f,Công văn 10541/BCT-TTTN năm 2016 về điều hành kinh doanh xăng dầu do Bộ Công thương ban hành,05/12/2016,06/12/2016,https://thuvienphapluat.vn/cong-van/Thuong-mai/Cong-van-10541-BCT-TTTN-dieu-hanh-kinh-doanh-xang-dau-2016-328277.aspx,18,điều hành,2026-04-21,fetched,not_parsed,,discovered
e383f4ffaf96735f,Công văn 9999/BCT-TTTN năm 2016 điều hành kinh doanh xăng dầu do Bộ Công thương ban hành,05/12/2016,06/12/2016,https://thuvienphapluat.vn/cong-van/Thuong-mai/Cong-van-9999-BCT-TTTN-dieu-hanh-kinh-doanh-xang-dau-2016-326326.aspx,18,điều hành,2026-04-21,fetched,not_parsed,,discovered
97034205aef0f0c1,Công văn 9434/BCT-TTTN năm 2016 điều hành kinh doanh xăng dầu do Bộ Công thương ban hành,05/12/2016,06/12/2016,https://thuvienphapluat.vn/cong-van/Thuong-mai/Cong-van-9434-BCT-TTTN-dieu-hanh-kinh-doanh-xang-dau-2016-324589.aspx,18,điều hành,2026-04-21,fetched,not_parsed,,discovered
45309d7cfc9a5004,Công văn 8811/BCT-TTTN năm 2016 điều hành kinh doanh xăng dầu do Bộ Công thương ban hành,05/12/2016,06/12/2016,https://thuvienphapluat.vn/cong-van/Thuong-mai/Cong-van-8811-BCT-TTTN-dieu-hanh-kinh-doanh-xang-dau-2016-322533.aspx,18,điều hành,2026-04-21,fetched,not_parsed,,discovered
04cea6b6d02defc0,Công văn 8239/BCT-TTTN năm 2016 về điều hành kinh doanh xăng dầu do Bộ Công thương ban hành,05/12/2016,06/12/2016,https://thuvienphapluat.vn/cong-van/Thuong-mai/Cong-van-8239-BCT-TTTN-dieu-hanh-kinh-doanh-xang-dau-2016-321203.aspx,18,điều hành,2026-04-21,fetched,not_parsed,,discovered
6cf73ba1d9166a85,Công văn 7716/BCT-TTTN năm 2016 về điều hành kinh doanh xăng dầu do Bộ Công thương ban hành,05/12/2016,06/12/2016,https://thuvienphapluat.vn/cong-van/Thuong-mai/Cong-van-7716-BCT-TTTN-dieu-hanh-kinh-doanh-xang-dau-2016-319967.aspx,18,điều hành,2026-04-21,fetched,not_parsed,,discovered
9321eff5f86a1156,Công văn 7204/BCT-TTTN năm 2016 về điều hành kinh doanh xăng dầu do Bộ Công thương ban hành,05/12/2016,06/12/2016,https://thuvienphapluat.vn/cong-van/Thuong-mai/Cong-van-7204-BCT-TTTN-dieu-hanh-kinh-doanh-xang-dau-2016-318727.aspx,18,điều hành,2026-04-21,fetched,not_parsed,,discovered
11703c12f7f2fdf2,Công văn 6695/BCT-TTTN năm 2016 về điều hành kinh doanh xăng dầu do Bộ Công thương ban hành,05/12/2016,06/12/2016,https://thuvienphapluat.vn/cong-van/Thuong-mai/Cong-van-6695-BCT-TTTN-dieu-hanh-kinh-doanh-xang-dau-2016-317530.aspx,18,điều hành,2026-04-21,fetched,not_parsed,,discovered
f2842f6b70c01089,Công văn 6056/BCT-TTTN năm 2016 điều hành kinh doanh xăng dầu do Bộ Công thương ban hành,05/12/2016,06/12/2016,https://thuvienphapluat.vn/cong-van/Thuong-mai/Cong-van-6056-BCT-TTTN-dieu-hanh-kinh-doanh-xang-dau-2016-316411.aspx,18,điều hành,2026-04-21,fetched,not_parsed,,discovered
f7f67b120da503b0,Công văn 5450/BCT-TTTN năm 2016 về điều hành kinh doanh xăng dầu do Bộ Công thương ban hành,05/12/2016,06/12/2016,https://thuvienphapluat.vn/cong-van/Thuong-mai/Cong-van-5450-BCT-TTTTN-dieu-hanh-kinh-doanh-xang-dau-2016-314942.aspx,18,điều hành,2026-04-21,fetched,not_parsed,,discovered
b87aa645d2da7592,Công văn 4951/BCT-TTTN năm 2016 về điều hành kinh doanh xăng dầu do Bộ Công Thương ban hành,05/12/2016,06/12/2016,https://thuvienphapluat.vn/cong-van/Thuong-mai/Cong-van-4951-BCT-TTTN-dieu-hanh-kinh-doanh-xang-dau-2016-313405.aspx,18,điều hành,2026-04-21,fetched,not_parsed,,discovered
dcedccbb836a181d,Công văn 4353/BCT-TTTN năm 2016 về điều hành kinh doanh xăng dầu do Bộ Công Thương ban hành,20/05/2016,20/05/2016,https://thuvienphapluat.vn/cong-van/Thuong-mai/Cong-van-4353-BCT-TTTN-dieu-hanh-kinh-doanh-xang-dau-2016-311884.aspx,19,điều hành,2026-04-21,fetched,not_parsed,,discovered
92caeff422765db6,Công văn 3835/BCT-TTTN năm 2016 về điều hành kinh doanh xăng dầu do Bộ Công Thương ban hành,20/05/2016,20/05/2016,https://thuvienphapluat.vn/cong-van/Thuong-mai/Cong-van-3835-BCT-TTTN-dieu-hanh-kinh-doanh-xang-dau-2016-310391.aspx,19,điều hành,2026-04-21,fetched,not_parsed,,discovered
c9c43fcbf0b31abd,Công văn 3407/BCT-TTTN năm 2016 về điều hành kinh doanh xăng dầu do Bộ Công thương ban hành,20/05/2016,20/05/2016,https://thuvienphapluat.vn/cong-van/Thuong-mai/Cong-van-3407-BCT-TTTN-dieu-hanh-kinh-doanh-xang-dau-2016-309114.aspx,19,điều hành,2026-04-21,fetched,not_parsed,,discovered
eaf10a8893233a5d,Công văn 2974/BCT-TTTN năm 2016 về điều hành kinh doanh xăng dầu do Bộ Công thương ban hành,20/05/2016,20/05/2016,https://thuvienphapluat.vn/cong-van/Thuong-mai/Cong-van-2974-BCT-TTTN-dieu-hanh-kinh-doanh-xang-dau-2016-308003.aspx,19,điều hành,2026-04-21,fetched,not_parsed,,discovered
c33b524e883b30cb,Công văn 2427/BCT-TTTN năm 2016 điều hành kinh doanh xăng dầu do Bộ Công thương ban hành,20/05/2016,20/05/2016,https://thuvienphapluat.vn/cong-van/Thuong-mai/Cong-van-2427-BCT-TTTN-dieu-hanh-kinh-doanh-xang-dau-2016-306262.aspx,19,điều hành,2026-04-21,fetched,not_parsed,,discovered
5044e65200c475e0,Công văn 1851/BCT-TTTN năm 2016 về điều hành kinh doanh xăng dầu do Bộ Công thương ban hành,20/05/2016,20/05/2016,https://thuvienphapluat.vn/cong-van/Thuong-mai/Cong-van-1851-BTC-TTTN-dieu-hanh-kinh-doanh-xang-dau-2016-304374.aspx,19,điều hành,2026-04-21,fetched,not_parsed,,discovered
21c47683914e48ed,Công văn 1407/BCT-TTTN năm 2016 điều hành kinh doanh xăng dầu do Bộ Công thương ban hành,20/05/2016,20/05/2016,https://thuvienphapluat.vn/cong-van/Thuong-mai/Cong-van-1407-BCT-TTTN-dieu-chinh-kinh-doanh-xang-dau-2016-302812.aspx,19,điều hành,2026-04-21,fetched,not_parsed,,discovered
4c5892781f11fc11,Công văn 1273/BCT-TTTN năm 2016 về điều hành kinh doanh xăng dầu do Bộ Công thương ban hành,20/05/2016,20/05/2016,https://thuvienphapluat.vn/cong-van/Thuong-mai/Cong-van-1273-BCT-TTTN-dieu-hanh-kinh-doanh-xang-dau-2016-302261.aspx,19,điều hành,2026-04-21,fetched,not_parsed,,discovered
7fd1d11450e12050,Công văn 564/BCT-TTTN năm 2016 về điều hành kinh doanh xăng dầu do Bộ Công thương ban hành,20/05/2016,20/05/2016,https://thuvienphapluat.vn/cong-van/Thuong-mai/Cong-van-564-BCT-TTTN-dieu-hanh-kinh-doanh-xang-dau-2016-300827.aspx,19,điều hành,2026-04-21,fetched,not_parsed,,discovered
8b2ae5609d823b9f,Công văn 12/BCT-TTTN năm 2015 về điều hành kinh doanh xăng dầu do Bộ Công thương ban hành,20/05/2016,20/05/2016,https://thuvienphapluat.vn/cong-van/Thuong-mai/Cong-van-12-BCT-TTTN-dieu-hanh-kinh-doanh-xang-dau-2015-299509.aspx,19,điều hành,2026-04-21,fetched,not_parsed,,discovered
a728f566cad561f8,Công văn 2781/BCT-TTTN năm 2026 thông báo điều hành giá bán xăng dầu do Bộ Công thương ban hành,21/04/2026,21/04/2026,https://thuvienphapluat.vn/cong-van/Thuong-mai/Cong-van-2781-BCT-TTTN-2026-thong-bao-dieu-hanh-gia-ban-xang-dau-702897.aspx,1,điều hành,2026-04-22,fetched,not_parsed,,discovered
