doc_id,title,issue_date,detail_url,crawl_status
Cong-van-2642-BCT-TTTN-2026-thong-bao-dieu-hanh-gia-ban-xang-dau-701937,Công văn 2642/BCT-TTTN năm 2026 thông báo điều hành giá bán xăng dầu do Bộ Công thương ban hành,,https://thuvienphapluat.vn/cong-van/Thuong-mai/Cong-van-2642-BCT-TTTN-2026-thong-bao-dieu-hanh-gia-ban-xang-dau-701937.aspx,fetched
Cong-van-2455-BCT-TTTN-2026-thong-bao-dieu-hanh-gia-ban-xang-dau-700786,Công văn 2455/BCT-TTTN năm 2026 thông báo điều hành giá bán xăng dầu do Bộ Công thương ban hành,,https://thuvienphapluat.vn/cong-van/Thuong-mai/Cong-van-2455-BCT-TTTN-2026-thong-bao-dieu-hanh-gia-ban-xang-dau-700786.aspx,fetched
Cong-van-2428-BCT-TTTN-2026-thong-bao-dieu-hanh-gia-ban-xang-dau-700615,Công văn 2428/BCT-TTTN năm 2026 thông báo điều hành giá bán xăng dầu do Bộ Công thương ban hành,,https://thuvienphapluat.vn/cong-van/Thuong-mai/Cong-van-2428-BCT-TTTN-2026-thong-bao-dieu-hanh-gia-ban-xang-dau-700615.aspx,fetched
Cong-van-1440-BCT-TTTN-2026-dieu-hanh-kinh-doanh-xang-dau-696732,Công văn 1440/BCT-TTTN năm 2026 điều hành kinh doanh xăng dầu do Bộ Công thương ban hành,,https://thuvienphapluat.vn/cong-van/Thuong-mai/Cong-van-1440-BCT-TTTN-2026-dieu-hanh-kinh-doanh-xang-dau-696732.aspx,fetched
Cong-van-1358-BCT-TTTN-2026-dieu-hanh-kinh-doanh-xang-dau-696497,Công văn 1358/BCT-TTTN năm 2026 điều hành kinh doanh xăng dầu do Bộ Công Thương ban hành,,https://thuvienphapluat.vn/cong-van/Thuong-mai/Cong-van-1358-BCT-TTTN-2026-dieu-hanh-kinh-doanh-xang-dau-696497.aspx,fetched
Cong-van-1162-BCT-TTTN-2026-dieu-hanh-kinh-doanh-xang-dau-695697,Công văn 1162/BCT-TTTN năm 2026 điều hành kinh doanh xăng dầu do Bộ Công Thương ban hành,,https://thuvienphapluat.vn/cong-van/Thuong-mai/Cong-van-1162-BCT-TTTN-2026-dieu-hanh-kinh-doanh-xang-dau-695697.aspx,fetched
Cong-van-1091-BCT-TTTN-2026-dieu-hanh-kinh-doanh-xang-dau-695095,Công văn 1091/BCT-TTTN năm 2026 điều hành kinh doanh xăng dầu do Bộ Công Thương ban hành,,https://thuvienphapluat.vn/cong-van/Thuong-mai/Cong-van-1091-BCT-TTTN-2026-dieu-hanh-kinh-doanh-xang-dau-695095.aspx,fetched
Cong-van-971-BCT-TTTN-2026-dieu-hanh-kinh-doanh-xang-dau-694811,Công văn 971/BCT-TTTN năm 2026 điều hành kinh doanh xăng dầu do Bộ Công Thương ban hành,,https://thuvienphapluat.vn/cong-van/Thuong-mai/Cong-van-971-BCT-TTTN-2026-dieu-hanh-kinh-doanh-xang-dau-694811.aspx,fetched
Cong-van-797-BCT-TTTN-2026-dieu-hanh-kinh-doanh-xang-dau-693927,Công văn 797/BCT-TTTN năm 2026 điều hành kinh doanh xăng dầu do Bộ Công Thương ban hành,,https://thuvienphapluat.vn/cong-van/Thuong-mai/Cong-van-797-BCT-TTTN-2026-dieu-hanh-kinh-doanh-xang-dau-693927.aspx,fetched
Cong-van-619-BCT-TTTN-2026-dieu-hanh-kinh-doanh-xang-dau-692813,Công văn 619/BCT-TTTN năm 2026 điều hành kinh doanh xăng dầu do Bộ Công Thương ban hành,,https://thuvienphapluat.vn/cong-van/Thuong-mai/Cong-van-619-BCT-TTTN-2026-dieu-hanh-kinh-doanh-xang-dau-692813.aspx,fetched
Cong-van-464-BCT-TTTN-2026-kinh-doanh-xang-dau-690741,Công văn 464/BCT-TTTN năm 2026 về điều hành kinh doanh xăng dầu do Bộ Công Thương ban hành,,https://thuvienphapluat.vn/cong-van/Thuong-mai/Cong-van-464-BCT-TTTN-2026-kinh-doanh-xang-dau-690741.aspx,fetched
Cong-van-83-BCT-TTTN-2026-kinh-doanh-xang-dau-688549,Công văn 83/BCT-TTTN năm 2026 điều hành kinh doanh xăng dầu do Bộ Công Thương ban hành,,https://thuvienphapluat.vn/cong-van/Thuong-mai/Cong-van-83-BCT-TTTN-2026-kinh-doanh-xang-dau-688549.aspx,fetched
Cong-van-10376-BCT-TTTN-2025-dieu-hanh-kinh-doanh-xang-dau-687404,Công văn 10376/BCT-TTTN năm 2025 về điều hành kinh doanh xăng dầu do Bộ Công Thương ban hành,,https://thuvienphapluat.vn/cong-van/Thuong-mai/Cong-van-10376-BCT-TTTN-2025-dieu-hanh-kinh-doanh-xang-dau-687404.aspx,fetched
Cong-van-10210-BCT-TTTN-2025-dieu-hanh-kinh-doanh-xang-dau-686382,Công văn 10210/BCT-TTTN năm 2025 về điều hành kinh doanh xăng dầu do Bộ Công Thương ban hành,,https://thuvienphapluat.vn/cong-van/Thuong-mai/Cong-van-10210-BCT-TTTN-2025-dieu-hanh-kinh-doanh-xang-dau-686382.aspx,fetched
Cong-van-9988-BCT-TTTN-2025-dieu-hanh-kinh-doanh-xang-dau-685060,Công văn 9988/BCT-TTTN năm 2025 điều hành kinh doanh xăng dầu do Bộ Công Thương ban hành,,https://thuvienphapluat.vn/cong-van/Thuong-mai/Cong-van-9988-BCT-TTTN-2025-dieu-hanh-kinh-doanh-xang-dau-685060.aspx,fetched
Cong-van-9817-BCT-TTTN-2025-dieu-hanh-kinh-doanh-xang-dau-684156,Công văn 9817/BCT-TTTN năm 2025 điều hành kinh doanh xăng dầu do Bộ Công Thương ban hành,,https://thuvienphapluat.vn/cong-van/Thuong-mai/Cong-van-9817-BCT-TTTN-2025-dieu-hanh-kinh-doanh-xang-dau-684156.aspx,fetched
Cong-van-9634-BCT-TTTN-2025-dieu-hanh-kinh-doanh-xang-dau-682926,Công văn 9634/BCT-TTTN năm 2025 điều hành kinh doanh xăng dầu do Bộ Công Thương ban hành,,https://thuvienphapluat.vn/cong-van/Thuong-mai/Cong-van-9634-BCT-TTTN-2025-dieu-hanh-kinh-doanh-xang-dau-682926.aspx,fetched
Cong-van-9398-BCT-TTTN-2025-dieu-hanh-kinh-doanh-xang-dau-682957,Công văn 9398/BCT-TTTN năm 2025 điều hành kinh doanh xăng dầu do Bộ Công Thương ban hành,,https://thuvienphapluat.vn/cong-van/Thuong-mai/Cong-van-9398-BCT-TTTN-2025-dieu-hanh-kinh-doanh-xang-dau-682957.aspx,fetched
Cong-van-9162-BCT-TTTN-2025-dieu-hanh-kinh-doanh-xang-dau-681580,Công văn 9162/BCT-TTTN năm 2025 điều hành kinh doanh xăng dầu do Bộ Công thương ban hành,,https://thuvienphapluat.vn/cong-van/Thuong-mai/Cong-van-9162-BCT-TTTN-2025-dieu-hanh-kinh-doanh-xang-dau-681580.aspx,fetched
Cong-van-8955-BCT-TTTN-2025-kinh-doanh-xang-dau-680559,Công văn 8955/BCT-TTTN năm 2025 điều hành kinh doanh xăng dầu do Bộ Công Thương ban hành,,https://thuvienphapluat.vn/cong-van/Thuong-mai/Cong-van-8955-BCT-TTTN-2025-kinh-doanh-xang-dau-680559.aspx,fetched
Cong-van-8728-BCT-TTTN-2025-dieu-hanh-kinh-doanh-xang-dau-679859,Công văn 8728/BCT-TTTN năm 2025 về điều hành kinh doanh xăng dầu do Bộ Công Thương ban hành,,https://thuvienphapluat.vn/cong-van/Tai-nguyen-Moi-truong/Cong-van-8728-BCT-TTTN-2025-dieu-hanh-kinh-doanh-xang-dau-679859.aspx,fetched
Cong-van-8493-BCT-TTTN-2025-dieu-hanh-kinh-doanh-xang-dau-679166,Công văn 8493/BCT-TTTN năm 2025 về điều hành kinh doanh xăng dầu do Bộ Công Thương ban hành,,https://thuvienphapluat.vn/cong-van/Tai-nguyen-Moi-truong/Cong-van-8493-BCT-TTTN-2025-dieu-hanh-kinh-doanh-xang-dau-679166.aspx,fetched
Cong-van-8033-BCT-TTTN-2025-dieu-hanh-kinh-doanh-xang-dau-677182,Công văn 8033/BCT-TTTN năm 2025 điều hành kinh doanh xăng dầu do Bộ Công Thương ban hành,,https://thuvienphapluat.vn/cong-van/Tai-nguyen-Moi-truong/Cong-van-8033-BCT-TTTN-2025-dieu-hanh-kinh-doanh-xang-dau-677182.aspx,fetched
Cong-van-7823-BCT-TTTN-2025-kinh-doanh-xang-dau-676161,Công văn 7823/BCT-TTTN năm 2025 điều hành kinh doanh xăng dầu do Bộ Công Thương ban hành,,https://thuvienphapluat.vn/cong-van/Thuong-mai/Cong-van-7823-BCT-TTTN-2025-kinh-doanh-xang-dau-676161.aspx,fetched
Cong-van-7538-BCT-TTTN-2025-kinh-doanh-xang-dau-675247,Công văn 7538/BCT-TTTN năm 2025 điều hành kinh doanh xăng dầu do Bộ Công Thương ban hành,,https://thuvienphapluat.vn/cong-van/Thuong-mai/Cong-van-7538-BCT-TTTN-2025-kinh-doanh-xang-dau-675247.aspx,fetched
Cong-van-7336-BCT-TTTN-2025-dieu-hanh-kinh-doanh-xang-dau-674140,Công văn 7336/BCT-TTTN năm 2025 điều hành kinh doanh xăng dầu do Bộ Công Thương ban hành,,https://thuvienphapluat.vn/cong-van/Thuong-mai/Cong-van-7336-BCT-TTTN-2025-dieu-hanh-kinh-doanh-xang-dau-674140.aspx,fetched
Cong-van-7068-BCT-TTTN-2025-dieu-hanh-kinh-doanh-xang-dau-673172,Công văn 7068/BCT-TTTN năm 2025 điều hành kinh doanh xăng dầu do Bộ Công Thương ban hành,,https://thuvienphapluat.vn/cong-van/Thuong-mai/Cong-van-7068-BCT-TTTN-2025-dieu-hanh-kinh-doanh-xang-dau-673172.aspx,fetched
Cong-van-6869-BCT-TTTN-2025-dieu-hanh-kinh-doanh-xang-dau-672365,Công văn 6869/BCT-TTTN năm 2025 điều hành kinh doanh xăng dầu do Bộ Công Thương ban hành,,https://thuvienphapluat.vn/cong-van/Thuong-mai/Cong-van-6869-BCT-TTTN-2025-dieu-hanh-kinh-doanh-xang-dau-672365.aspx,fetched
Cong-van-6652-BCT-TTTN-2025-dieu-hanh-kinh-doanh-xang-dau-671492,Công văn 6652/BCT-TTTN năm 2025 điều hành kinh doanh xăng dầu do Bộ Công Thương ban hành,,https://thuvienphapluat.vn/cong-van/Tai-nguyen-Moi-truong/Cong-van-6652-BCT-TTTN-2025-dieu-hanh-kinh-doanh-xang-dau-671492.aspx,fetched
Cong-van-6495-BCT-TTTN-2025-dieu-hanh-kinh-doanh-xang-dau-670907,Công văn 6495/BCT-TTTN năm 2025 điều hành kinh doanh xăng dầu do Bộ Công Thương ban hành,,https://thuvienphapluat.vn/cong-van/Thuong-mai/Cong-van-6495-BCT-TTTN-2025-dieu-hanh-kinh-doanh-xang-dau-670907.aspx,fetched
Cong-van-6269-BCT-TTTN-2025-dieu-hanh-kinh-doanh-xang-dau-670097,Công văn 6269/BCT-TTTN năm 2025 điều hành kinh doanh xăng dầu do Bộ Công Thương ban hành,,https://thuvienphapluat.vn/cong-van/Tai-nguyen-Moi-truong/Cong-van-6269-BCT-TTTN-2025-dieu-hanh-kinh-doanh-xang-dau-670097.aspx,fetch_failed
Cong-van-6042-BCT-TTTN-2025-dieu-hanh-kinh-doanh-xang-dau-669217,Công văn 6042/BCT-TTTN năm 2025 về điều hành kinh doanh xăng dầu do Bộ Công Thương ban hành,,https://thuvienphapluat.vn/cong-van/Thuong-mai/Cong-van-6042-BCT-TTTN-2025-dieu-hanh-kinh-doanh-xang-dau-669217.aspx,fetched
Cong-van-5891-BCT-TTTN-2025-dieu-hanh-kinh-doanh-xang-dau-668376,Công văn 5891/BCT-TTTN năm 2025 về điều hành kinh doanh xăng dầu do Bộ Công Thương ban hành,,https://thuvienphapluat.vn/cong-van/Thuong-mai/Cong-van-5891-BCT-TTTN-2025-dieu-hanh-kinh-doanh-xang-dau-668376.aspx,fetched
Cong-van-5664-BCT-TTTN-2025-dieu-hanh-kinh-doanh-xang-dau-667381,Công văn 5664/BCT-TTTN năm 2025 về điều hành kinh doanh xăng dầu do Bộ Công thương ban hành,,https://thuvienphapluat.vn/cong-van/Thuong-mai/Cong-van-5664-BCT-TTTN-2025-dieu-hanh-kinh-doanh-xang-dau-667381.aspx,fetched
Cong-van-5515-BCT-TTTN-2025-dieu-hanh-kinh-doanh-xang-dau-666441,Công văn 5515/BCT-TTTN năm 2025 điều hành kinh doanh xăng dầu do Bộ Công Thương ban hành,,https://thuvienphapluat.vn/cong-van/Thuong-mai/Cong-van-5515-BCT-TTTN-2025-dieu-hanh-kinh-doanh-xang-dau-666441.aspx,fetched
Cong-van-5285-BCT-TTTN-2025-dieu-hanh-kinh-doanh-xang-dau-665388,Công văn 5285/BCT-TTTN năm 2025 điều hành kinh doanh xăng dầu do Bộ Công Thương ban hành,,https://thuvienphapluat.vn/cong-van/Thuong-mai/Cong-van-5285-BCT-TTTN-2025-dieu-hanh-kinh-doanh-xang-dau-665388.aspx,fetched
Cong-van-5121-BCT-TTTN-2025-dieu-hanh-kinh-doanh-xang-dau-664471,Công văn 5121/BCT-TTTN năm 2025 về điều hành kinh doanh xăng dầu do Bộ Công Thương ban hành,,https://thuvienphapluat.vn/cong-van/Thuong-mai/Cong-van-5121-BCT-TTTN-2025-dieu-hanh-kinh-doanh-xang-dau-664471.aspx,fetched
Cong-van-4904-BCT-TTTN-2025-dieu-hanh-kinh-doanh-xang-dau-663531,Công văn 4904/BCT-TTTN năm 2025 về điều hành kinh doanh xăng dầu do Bộ Công Thương ban hành,,https://thuvienphapluat.vn/cong-van/Thuong-mai/Cong-van-4904-BCT-TTTN-2025-dieu-hanh-kinh-doanh-xang-dau-663531.aspx,fetched
Cong-van-4684-BCT-TTTN-2025-dieu-hanh-kinh-doanh-xang-dau-662580,Công văn 4684/BCT-TTTN năm 2025 về điều hành kinh doanh xăng dầu do Bộ Công Thương ban hành,,https://thuvienphapluat.vn/cong-van/Thuong-mai/Cong-van-4684-BCT-TTTN-2025-dieu-hanh-kinh-doanh-xang-dau-662580.aspx,fetched
Cong-van-4443-BCT-TTTN-2025-dieu-hanh-kinh-doanh-xang-dau-661558,Công văn 4443/BCT-TTTN năm 2025 điều hành kinh doanh xăng dầu do Bộ Công Thương ban hành,,https://thuvienphapluat.vn/cong-van/Thuong-mai/Cong-van-4443-BCT-TTTN-2025-dieu-hanh-kinh-doanh-xang-dau-661558.aspx,fetched
Cong-van-4217-BCT-TTTN-2025-dieu-hanh-kinh-doanh-xang-dau-660593,Công văn 4217/BCT-TTTN năm 2025 điều hành kinh doanh xăng dầu do Bộ Công Thương ban hành,,https://thuvienphapluat.vn/cong-van/Thuong-mai/Cong-van-4217-BCT-TTTN-2025-dieu-hanh-kinh-doanh-xang-dau-660593.aspx,fetched
Cong-van-4069-BCT-TTTN-2025-dieu-hanh-kinh-doanh-xang-dau-659769,Công văn 4069/BCT-TTTN năm 2025 điều hành kinh doanh xăng dầu do Bộ Công Thương ban hành,,https://thuvienphapluat.vn/cong-van/Tai-nguyen-Moi-truong/Cong-van-4069-BCT-TTTN-2025-dieu-hanh-kinh-doanh-xang-dau-659769.aspx,fetched
Cong-van-3838-BCT-TTTN-2025-dieu-hanh-kinh-doanh-xang-dau-658787,Công văn 3838/BCT-TTTN năm 2025 về điều hành kinh doanh xăng dầu do Bộ Công Thương ban hành,,https://thuvienphapluat.vn/cong-van/Thuong-mai/Cong-van-3838-BCT-TTTN-2025-dieu-hanh-kinh-doanh-xang-dau-658787.aspx,fetched
Cong-van-3669-BCT-TTTN-2025-dieu-hanh-kinh-doanh-xang-dau-657838,Công văn 3669/BCT-TTTN năm 2025 về điều hành kinh doanh xăng dầu do Bộ Công Thương ban hành,,https://thuvienphapluat.vn/cong-van/Thuong-mai/Cong-van-3669-BCT-TTTN-2025-dieu-hanh-kinh-doanh-xang-dau-657838.aspx,fetched
Cong-van-3462-BCT-TTTN-2025-dieu-hanh-kinh-doanh-xang-dau-656806,Công văn 3462/BCT-TTTN năm 2025 về điều hành kinh doanh xăng dầu do Bộ Công Thương ban hành,,https://thuvienphapluat.vn/cong-van/Thuong-mai/Cong-van-3462-BCT-TTTN-2025-dieu-hanh-kinh-doanh-xang-dau-656806.aspx,fetched
Cong-van-3266-BCT-TTTN-2025-dieu-hanh-kinh-doanh-xang-dau-655900,Công văn 3266/BCT-TTTN năm 2025 về điều hành kinh doanh xăng dầu do Bộ Công Thương ban hành,,https://thuvienphapluat.vn/cong-van/Thuong-mai/Cong-van-3266-BCT-TTTN-2025-dieu-hanh-kinh-doanh-xang-dau-655900.aspx,fetched
Cong-van-3159-BCT-TTTN-2025-dieu-hanh-kinh-doanh-xang-dau-655304,Công văn 3159/BCT-TTTN năm 2025 về điều hành kinh doanh xăng dầu do Bộ Công Thương ban hành,,https://thuvienphapluat.vn/cong-van/Thuong-mai/Cong-van-3159-BCT-TTTN-2025-dieu-hanh-kinh-doanh-xang-dau-655304.aspx,fetched
Cong-van-2954-BCT-TTTN-2025-dieu-hanh-kinh-doanh-xang-dau-654108,Công văn 2954/BCT-TTTN năm 2025 điều hành kinh doanh xăng dầu do Bộ Công Thương ban hành,,https://thuvienphapluat.vn/cong-van/Thuong-mai/Cong-van-2954-BCT-TTTN-2025-dieu-hanh-kinh-doanh-xang-dau-654108.aspx,fetched
Cong-van-2707-BCT-TTTN-2025-dieu-hanh-kinh-doanh-xang-dau-652158,Công văn 2707/BCT-TTTN năm 2025 điều hành kinh doanh xăng dầu do Bộ Công Thương ban hành,,https://thuvienphapluat.vn/cong-van/Thuong-mai/Cong-van-2707-BCT-TTTN-2025-dieu-hanh-kinh-doanh-xang-dau-652158.aspx,fetched
Cong-van-2507-BCT-TTTN-2025-dieu-hanh-kinh-doanh-xang-dau-651065,Công văn 2507/BCT-TTTN năm 2025 điều hành kinh doanh xăng dầu do Bộ Công thương ban hành,,https://thuvienphapluat.vn/cong-van/Tai-nguyen-Moi-truong/Cong-van-2507-BCT-TTTN-2025-dieu-hanh-kinh-doanh-xang-dau-651065.aspx,fetched
Cong-van-2144-BCT-TTTN-2025-dieu-hanh-kinh-doanh-xang-dau-649396,Công văn 2144/BCT-TTTN năm 2025 điều hành kinh doanh xăng dầu do Bộ Công Thương ban hành,,https://thuvienphapluat.vn/cong-van/Tai-nguyen-Moi-truong/Cong-van-2144-BCT-TTTN-2025-dieu-hanh-kinh-doanh-xang-dau-649396.aspx,fetched
Cong-van-1905-BCT-TTTN-2025-dieu-hanh-kinh-doanh-xang-dau-648421,Công văn 1905/BCT-TTTN năm 2025 điều hành kinh doanh xăng dầu do Bộ Công Thương ban hành,,https://thuvienphapluat.vn/cong-van/Thuong-mai/Cong-van-1905-BCT-TTTN-2025-dieu-hanh-kinh-doanh-xang-dau-648421.aspx,fetched
Cong-van-1791-BCT-TTTN-2025-dieu-hanh-kinh-doanh-xang-dau-647009,Công văn 1791/BCT-TTTN năm 2025 điều hành kinh doanh xăng dầu do Bộ Công thương ban hành,,https://thuvienphapluat.vn/cong-van/Thuong-mai/Cong-van-1791-BCT-TTTN-2025-dieu-hanh-kinh-doanh-xang-dau-647009.aspx,fetched
Cong-van-1671-BCT-TTTN-2025-dieu-hanh-kinh-doanh-xang-dau-646103,Công văn 1671/BCT-TTTN năm 2025 điều hành kinh doanh xăng dầu do Bộ Công Thương ban hành,,https://thuvienphapluat.vn/cong-van/Tai-nguyen-Moi-truong/Cong-van-1671-BCT-TTTN-2025-dieu-hanh-kinh-doanh-xang-dau-646103.aspx,fetched
Cong-van-1423-BCT-TTTN-2025-dieu-hanh-kinh-doanh-xang-dau-645041,Công văn 1423/BCT-TTTN năm 2025 điều hành kinh doanh xăng dầu do Bộ Công thương ban hành,,https://thuvienphapluat.vn/cong-van/Tai-nguyen-Moi-truong/Cong-van-1423-BCT-TTTN-2025-dieu-hanh-kinh-doanh-xang-dau-645041.aspx,fetched
Cong-van-1243-BCT-TTTN-2025-dieu-hanh-kinh-doanh-xang-dau-643806,Công văn 1243/BCT-TTTN năm 2025 về điều hành kinh doanh xăng dầu do Bộ Công Thương ban hành,,https://thuvienphapluat.vn/cong-van/Thuong-mai/Cong-van-1243-BCT-TTTN-2025-dieu-hanh-kinh-doanh-xang-dau-643806.aspx,fetched
Cong-van-1020-BCT-TTTN-2025-dieu-hanh-kinh-doanh-xang-dau-643141,Công văn 1020/BCT-TTTN năm 2025 về điều hành kinh doanh xăng dầu do Bộ Công Thương ban hành,,https://thuvienphapluat.vn/cong-van/Thuong-mai/Cong-van-1020-BCT-TTTN-2025-dieu-hanh-kinh-doanh-xang-dau-643141.aspx,fetched
Cong-van-837-BCT-TTTN-2025-dieu-hanh-kinh-doanh-xang-dau-641987,Công văn 837/BCT-TTTN năm 2025 về điều hành kinh doanh xăng dầu do Bộ Công thương ban hành,,https://thuvienphapluat.vn/cong-van/Thuong-mai/Cong-van-837-BCT-TTTN-2025-dieu-hanh-kinh-doanh-xang-dau-641987.aspx,fetched
Cong-van-727-BCT-TTTN-2025-dieu-hanh-kinh-doanh-xang-dau-641787,Công văn 727/BCT-TTTN năm 2025 điều hành kinh doanh xăng dầu do Bộ Công Thương ban hành,,https://thuvienphapluat.vn/cong-van/Thuong-mai/Cong-van-727-BCT-TTTN-2025-dieu-hanh-kinh-doanh-xang-dau-641787.aspx,fetched
Cong-van-610-BCT-TTTN-2025-dieu-hanh-kinh-doanh-xang-dau-641484,Công văn 610/BCT-TTTN năm 2025 về điều hành kinh doanh xăng dầu do Bộ Công Thương ban hành,,https://thuvienphapluat.vn/cong-van/Thuong-mai/Cong-van-610-BCT-TTTN-2025-dieu-hanh-kinh-doanh-xang-dau-641484.aspx,fetched
Cong-van-437-BCT-TTTN-2025-kinh-doanh-xang-dau-640105,Công văn 437/BCT-TTTN năm 2025 điều hành kinh doanh xăng dầu do Bộ Công thương ban hành,,https://thuvienphapluat.vn/cong-van/Thuong-mai/Cong-van-437-BCT-TTTN-2025-kinh-doanh-xang-dau-640105.aspx,fetched
Cong-van-10607-BCT-TTTN-2024-dieu-hanh-kinh-doanh-xang-dau-637427,Công văn 10607/BCT-TTTN năm 2024 về điều hành kinh doanh xăng dầu do Bộ Công Thương ban hành,,https://thuvienphapluat.vn/cong-van/Thuong-mai/Cong-van-10607-BCT-TTTN-2024-dieu-hanh-kinh-doanh-xang-dau-637427.aspx,fetched
Cong-van-10388-BCT-TTTN-2024-dieu-hanh-kinh-doanh-xang-dau-636267,Công văn 10388/BCT-TTTN năm 2024 về điều hành kinh doanh xăng dầu do Bộ Công thương ban hành,,https://thuvienphapluat.vn/cong-van/Tai-nguyen-Moi-truong/Cong-van-10388-BCT-TTTN-2024-dieu-hanh-kinh-doanh-xang-dau-636267.aspx,fetch_failed
Cong-van-9885-BCT-TTTN-2024-dieu-hanh-kinh-doanh-xang-dau-634268,Công văn 9885/BCT-TTTN năm 2024 điều hành kinh doanh xăng dầu do Bộ Công Thương ban hành,,https://thuvienphapluat.vn/cong-van/Thuong-mai/Cong-van-9885-BCT-TTTN-2024-dieu-hanh-kinh-doanh-xang-dau-634268.aspx,fetched
Cong-van-9690-BCT-TTTN-2024-dieu-hanh-kinh-doanh-xang-dau-633319,Công văn 9690/BCT-TTTN năm 2024 về điều hành kinh doanh xăng dầu do Bộ Công thương ban hành,,https://thuvienphapluat.vn/cong-van/Thuong-mai/Cong-van-9690-BCT-TTTN-2024-dieu-hanh-kinh-doanh-xang-dau-633319.aspx,fetched
Cong-van-9460-BCT-TTTN-2024-dieu-hanh-kinh-doanh-xang-dau-632383,Công văn 9460/BCT-TTTN năm 2024 về điều hành kinh doanh xăng dầu do Bộ Công thương ban hành,,https://thuvienphapluat.vn/cong-van/Thuong-mai/Cong-van-9460-BCT-TTTN-2024-dieu-hanh-kinh-doanh-xang-dau-632383.aspx,fetched
Cong-van-9214-BCT-TTTN-2024-dieu-hanh-kinh-doanh-xang-dau-631509,Công văn 9214/BCT-TTTN năm 2024 về điều hành kinh doanh xăng dầu do Bộ Công thương ban hành,,https://thuvienphapluat.vn/cong-van/Thuong-mai/Cong-van-9214-BCT-TTTN-2024-dieu-hanh-kinh-doanh-xang-dau-631509.aspx,fetched
Cong-van-8984-BCT-TTTN-2024-dieu-hanh-kinh-doanh-xang-dau-630660,Công văn 8984/BCT-TTTN năm 2024 về điều hành kinh doanh xăng dầu do Bộ Công Thương ban hành,,https://thuvienphapluat.vn/cong-van/Thuong-mai/Cong-van-8984-BCT-TTTN-2024-dieu-hanh-kinh-doanh-xang-dau-630660.aspx,fetched
Cong-van-8729-BCT-TTTN-2024-dieu-hanh-kinh-doanh-xang-dau-629569,Công văn 8729/BCT-TTTN năm 2024 về điều hành kinh doanh xăng dầu do Bộ Công Thương ban hành,,https://thuvienphapluat.vn/cong-van/Thuong-mai/Cong-van-8729-BCT-TTTN-2024-dieu-hanh-kinh-doanh-xang-dau-629569.aspx,fetched
Cong-van-8505-BCT-TTTN-2024-dieu-hanh-kinh-doanh-xang-dau-628829,Công văn 8505/BCT-TTTN năm 2024 điều hành kinh doanh xăng dầu do Bộ Công Thương ban hành,,https://thuvienphapluat.vn/cong-van/Thuong-mai/Cong-van-8505-BCT-TTTN-2024-dieu-hanh-kinh-doanh-xang-dau-628829.aspx,fetched
Cong-van-8296-BCT-TTTN-2024-dieu-hanh-kinh-doanh-xang-dau-627935,Công văn 8296/BCT-TTTN năm 2024 về điều hành kinh doanh xăng dầu do Bộ Công Thương ban hành,,https://thuvienphapluat.vn/cong-van/Thuong-mai/Cong-van-8296-BCT-TTTN-2024-dieu-hanh-kinh-doanh-xang-dau-627935.aspx,fetched
Cong-van-8066-BCT-TTTN-2024-dieu-hanh-kinh-doanh-xang-dau-627047,Công văn 8066/BCT-TTTN năm 2024 về điều hành kinh doanh xăng dầu do Bộ Công Thương ban hành,,https://thuvienphapluat.vn/cong-van/Thuong-mai/Cong-van-8066-BCT-TTTN-2024-dieu-hanh-kinh-doanh-xang-dau-627047.aspx,fetched
Cong-van-7771-BCT-TTTN-2024-dieu-hanh-kinh-doanh-xang-dau-626349,Công văn 7771/BCT-TTTN năm 2024 điều hành kinh doanh xăng dầu do Bộ Công thương ban hành,,https://thuvienphapluat.vn/cong-van/Thuong-mai/Cong-van-7771-BCT-TTTN-2024-dieu-hanh-kinh-doanh-xang-dau-626349.aspx,fetched
Cong-van-7558-BCT-TTTN-2024-dieu-hanh-kinh-doanh-xang-dau-625661,Công văn 7558/BCT-TTTN năm 2024 về điều hành kinh doanh xăng dầu do Bộ Công thương ban hành,,https://thuvienphapluat.vn/cong-van/Thuong-mai/Cong-van-7558-BCT-TTTN-2024-dieu-hanh-kinh-doanh-xang-dau-625661.aspx,fetched
Cong-van-7281-BCT-TTTN-2024-dieu-hanh-kinh-doanh-xang-dau-624979,Công văn 7281/BCT-TTTN năm 2024 về điều hành kinh doanh xăng dầu do Bộ Công thương ban hành,,https://thuvienphapluat.vn/cong-van/Thuong-mai/Cong-van-7281-BCT-TTTN-2024-dieu-hanh-kinh-doanh-xang-dau-624979.aspx,fetched
Cong-van-6996-BCT-TTTN-2024-dieu-hanh-kinh-doanh-xang-dau-624096,Công văn 6996/BCT-TTTN năm 2024 về điều hành kinh doanh xăng dầu do Bộ Công thương ban hành,,https://thuvienphapluat.vn/cong-van/Thuong-mai/Cong-van-6996-BCT-TTTN-2024-dieu-hanh-kinh-doanh-xang-dau-624096.aspx,fetched
Cong-van-6323-BCT-TTTN-2024-dieu-hanh-kinh-doanh-xang-dau-622040,Công văn 6323/BCT-TTTN năm 2024 về điều hành kinh doanh xăng dầu do Bộ Công thương ban hành,,https://thuvienphapluat.vn/cong-van/Thuong-mai/Cong-van-6323-BCT-TTTN-2024-dieu-hanh-kinh-doanh-xang-dau-622040.aspx,fetched
Cong-van-6040-BCT-TTTN-2024-dieu-hanh-kinh-doanh-xang-dau-621211,Công văn 6040/BCT-TTTN năm 2024 về điều hành kinh doanh xăng dầu do Bộ Công Thương ban hành,,https://thuvienphapluat.vn/cong-van/Thuong-mai/Cong-van-6040-BCT-TTTN-2024-dieu-hanh-kinh-doanh-xang-dau-621211.aspx,fetched
Cong-van-5843-BCT-TTTN-2024-dieu-hanh-kinh-doanh-xang-dau-620409,Công văn 5843/BCT-TTTN năm 2024 về điều hành kinh doanh xăng dầu do Bộ Công thương ban hành,,https://thuvienphapluat.vn/cong-van/Thuong-mai/Cong-van-5843-BCT-TTTN-2024-dieu-hanh-kinh-doanh-xang-dau-620409.aspx,fetched
Cong-van-5599-BCT-TTTN-2024-dieu-hanh-kinh-doanh-xang-dau-620406,Công văn 5599/BCT-TTTN năm 2024 về điều hành kinh doanh xăng dầu do Bộ Công thương ban hành,,https://thuvienphapluat.vn/cong-van/Thuong-mai/Cong-van-5599-BCT-TTTN-2024-dieu-hanh-kinh-doanh-xang-dau-620406.aspx,fetched
Cong-van-5345-BCT-TTTN-2024-dieu-hanh-kinh-doanh-xang-dau-618605,Công văn 5345/BCT-TTTN năm 2024 về điều hành kinh doanh xăng dầu do Bộ Công Thương ban hành,,https://thuvienphapluat.vn/cong-van/Thuong-mai/Cong-van-5345-BCT-TTTN-2024-dieu-hanh-kinh-doanh-xang-dau-618605.aspx,fetched
Cong-van-5129-BCT-TTTN-2024-quy-dinh-dieu-hanh-kinh-doanh-xang-dau-617656,Công văn 5129/BCT-TTTN năm 2024 về điều hành kinh doanh xăng dầu do Bộ Công Thương ban hành,,https://thuvienphapluat.vn/cong-van/Thuong-mai/Cong-van-5129-BCT-TTTN-2024-quy-dinh-dieu-hanh-kinh-doanh-xang-dau-617656.aspx,fetched
Cong-van-4896-BCT-TTTN-2024-dieu-hanh-kinh-doanh-xang-dau-616779,Công văn 4896/BCT-TTTN năm 2024 điều hành kinh doanh xăng dầu do Bộ Công Thương ban hành,,https://thuvienphapluat.vn/cong-van/Thuong-mai/Cong-van-4896-BCT-TTTN-2024-dieu-hanh-kinh-doanh-xang-dau-616779.aspx,fetched
Cong-van-4662-BCT-TTTN-2024-quy-dinh-dieu-hanh-kinh-doanh-xang-dau-615930,Công văn 4662/BCT-TTTN năm 2024 về điều hành kinh doanh xăng dầu do Bộ Công thương ban hành,,https://thuvienphapluat.vn/cong-van/Thuong-mai/Cong-van-4662-BCT-TTTN-2024-quy-dinh-dieu-hanh-kinh-doanh-xang-dau-615930.aspx,fetched
Cong-van-4477-BCT-TTTN-2024-dieu-hanh-kinh-doanh-xang-dau-615080,Công văn 4477/BCT-TTTN năm 2024 điều hành kinh doanh xăng dầu do Bộ Công Thương ban hành,,https://thuvienphapluat.vn/cong-van/Thuong-mai/Cong-van-4477-BCT-TTTN-2024-dieu-hanh-kinh-doanh-xang-dau-615080.aspx,fetched
Cong-van-4280-BCT-TTTN-2024-quy-dinh-dieu-hanh-kinh-doanh-xang-dau-614903,Công văn 4280/BCT-TTTN năm 2024 về điều hành kinh doanh xăng dầu do Bộ Công Thương ban hành,,https://thuvienphapluat.vn/cong-van/Thuong-mai/Cong-van-4280-BCT-TTTN-2024-quy-dinh-dieu-hanh-kinh-doanh-xang-dau-614903.aspx,fetched
Cong-van-4065-BCT-TTTN-2024-dieu-hanh-kinh-doanh-xang-dau-613437,Công văn 4065/BCT-TTTN năm 2024 về điều hành kinh doanh xăng dầu do Bộ Công thương ban hành,,https://thuvienphapluat.vn/cong-van/Thuong-mai/Cong-van-4065-BCT-TTTN-2024-dieu-hanh-kinh-doanh-xang-dau-613437.aspx,fetched
Cong-van-3845-BCT-TTTN-2024-quy-dinh-dieu-hanh-kinh-doanh-xang-dau-612766,Công văn 3845/BCT-TTTN năm 2024 về điều hành kinh doanh xăng dầu do Bộ Công thương ban hành,,https://thuvienphapluat.vn/cong-van/Thuong-mai/Cong-van-3845-BCT-TTTN-2024-quy-dinh-dieu-hanh-kinh-doanh-xang-dau-612766.aspx,fetched
Cong-van-3640-BCT-TTTN-2024-quy-dinh-dieu-hanh-kinh-doanh-xang-dau-611610,Công văn 3640/BCT-TTTN năm 2024 về điều hành kinh doanh xăng dầu do Bộ Công thương ban hành,,https://thuvienphapluat.vn/cong-van/Thuong-mai/Cong-van-3640-BCT-TTTN-2024-quy-dinh-dieu-hanh-kinh-doanh-xang-dau-611610.aspx,fetched
Cong-van-3469-BCT-TTTN-2024-dieu-hanh-kinh-doanh-xang-dau-610886,Công văn 3469/BCT-TTTN năm 2024 điều hành kinh doanh xăng dầu do Bộ Công thương ban hành,,https://thuvienphapluat.vn/cong-van/Thuong-mai/Cong-van-3469-BCT-TTTN-2024-dieu-hanh-kinh-doanh-xang-dau-610886.aspx,fetched
Cong-van-3250-BCT-TTTN-2024-dieu-hanh-kinh-doanh-xang-dau-610045,Công văn 3250/BCT-TTTN năm 2024 điều hành kinh doanh xăng dầu do Bộ Công thương ban hành,,https://thuvienphapluat.vn/cong-van/Thuong-mai/Cong-van-3250-BCT-TTTN-2024-dieu-hanh-kinh-doanh-xang-dau-610045.aspx,fetched
Cong-van-3084-BCT-TTTN-2024-dieu-hanh-kinh-doanh-xang-dau-609155,Công văn 3084/BCT-TTTN năm 2024 điều hành kinh doanh xăng dầu do Bộ Công thương ban hành,,https://thuvienphapluat.vn/cong-van/Thuong-mai/Cong-van-3084-BCT-TTTN-2024-dieu-hanh-kinh-doanh-xang-dau-609155.aspx,fetched
Cong-van-2846-BCT-TTTN-2024-dieu-hanh-kinh-doanh-xang-dau-608386,Công văn 2846/BCT-TTTN năm 2024 điều hành kinh doanh xăng dầu do Bộ Công thương ban hành,,https://thuvienphapluat.vn/cong-van/Thuong-mai/Cong-van-2846-BCT-TTTN-2024-dieu-hanh-kinh-doanh-xang-dau-608386.aspx,fetched
Cong-van-2749-BCT-TTTN-2024-dieu-hanh-kinh-doanh-xang-dau-607881,Công văn 2749/BCT-TTTN năm 2024 điều hành kinh doanh xăng dầu do Bộ Công thương ban hành,,https://thuvienphapluat.vn/cong-van/Thuong-mai/Cong-van-2749-BCT-TTTN-2024-dieu-hanh-kinh-doanh-xang-dau-607881.aspx,fetched
Cong-van-2557-BCT-TTTN-2024-dieu-hanh-kinh-doanh-xang-dau-607880,Công văn 2557/BCT-TTTN năm 2024 điều hành kinh doanh xăng dầu do Bộ Công thương ban hành,,https://thuvienphapluat.vn/cong-van/Thuong-mai/Cong-van-2557-BCT-TTTN-2024-dieu-hanh-kinh-doanh-xang-dau-607880.aspx,fetched
Cong-van-2384-BCT-TTTN-2024-dieu-hanh-kinh-doanh-xang-dau-607538,Công văn 2384/BCT-TTTN năm 2024 điều hành kinh doanh xăng dầu do Bộ Công Thương ban hành,,https://thuvienphapluat.vn/cong-van/Thuong-mai/Cong-van-2384-BCT-TTTN-2024-dieu-hanh-kinh-doanh-xang-dau-607538.aspx,fetched
Cong-van-1987-BCT-TTTN-2024-dieu-hanh-kinh-doanh-xang-dau-604211,Công văn 1987/BCT-TTTN năm 2024 điều hành kinh doanh xăng dầu do Bộ Công thương ban hành,,https://thuvienphapluat.vn/cong-van/Thuong-mai/Cong-van-1987-BCT-TTTN-2024-dieu-hanh-kinh-doanh-xang-dau-604211.aspx,fetched
Cong-van-1785-BCT-TTTN-2024-dieu-hanh-kinh-doanh-xang-dau-603041,Công văn 1785/BCT-TTTN năm 2024 điều hành kinh doanh xăng dầu do Bộ Công thương ban hành,,https://thuvienphapluat.vn/cong-van/Thuong-mai/Cong-van-1785-BCT-TTTN-2024-dieu-hanh-kinh-doanh-xang-dau-603041.aspx,fetched
Cong-van-1613-BCT-TTTN-2024-dieu-hanh-kinh-doanh-xang-dau-603040,Công văn 1613/BCT-TTTN năm 2024 điều hành kinh doanh xăng dầu do Bộ Công thương ban hành,,https://thuvienphapluat.vn/cong-van/Thuong-mai/Cong-van-1613-BCT-TTTN-2024-dieu-hanh-kinh-doanh-xang-dau-603040.aspx,fetched
Cong-van-1460-BCT-TTTN-2024-dieu-hanh-kinh-doanh-xang-dau-601336,Công văn 1460/BCT-TTTN năm 2024 điều hành kinh doanh xăng dầu do Bộ Công thương ban hành,,https://thuvienphapluat.vn/cong-van/Thuong-mai/Cong-van-1460-BCT-TTTN-2024-dieu-hanh-kinh-doanh-xang-dau-601336.aspx,fetched
Cong-van-1258-BCT-TTTN-2024-dieu-hanh-kinh-doanh-xang-dau-600274,Công văn 1258/BCT-TTTN năm 2024 điều hành kinh doanh xăng dầu do Bộ Công thương ban hành,,https://thuvienphapluat.vn/cong-van/Thuong-mai/Cong-van-1258-BCT-TTTN-2024-dieu-hanh-kinh-doanh-xang-dau-600274.aspx,fetched
Cong-van-1081-BCT-TTTN-2024-dieu-hanh-kinh-doanh-xang-dau-599429,Công văn 1081/BCT-TTTN năm 2024 điều hành kinh doanh xăng dầu do Bộ Công thương ban hành,,https://thuvienphapluat.vn/cong-van/Thuong-mai/Cong-van-1081-BCT-TTTN-2024-dieu-hanh-kinh-doanh-xang-dau-599429.aspx,fetch_failed
Cong-van-940-BCT-TTTN-2024-dieu-hanh-kinh-doanh-xang-dau-598991,Công văn 940/BCT-TTTN năm 2024 điều hành kinh doanh xăng dầu do Bộ Công thương ban hành,,https://thuvienphapluat.vn/cong-van/Thuong-mai/Cong-van-940-BCT-TTTN-2024-dieu-hanh-kinh-doanh-xang-dau-598991.aspx,fetch_failed
Cong-van-932-BCT-TTTN-2024-dieu-hanh-kinh-doanh-xang-dau-598625,Công văn 932/BCT-TTTN năm 2024 điều hành kinh doanh xăng dầu do Bộ Công Thương ban hành,,https://thuvienphapluat.vn/cong-van/Thuong-mai/Cong-van-932-BCT-TTTN-2024-dieu-hanh-kinh-doanh-xang-dau-598625.aspx,fetched
Cong-van-734-BCT-TTTN-2024-dieu-hanh-kinh-doanh-xang-dau-598990,Công văn 734/BCT-TTTN năm 2024 điều hành kinh doanh xăng dầu do Bộ Công thương ban hành,,https://thuvienphapluat.vn/cong-van/Thuong-mai/Cong-van-734-BCT-TTTN-2024-dieu-hanh-kinh-doanh-xang-dau-598990.aspx,fetched
Cong-van-580-BCT-TTTN-2024-dieu-hanh-kinh-doanh-xang-dau-596842,Công văn 580/BCT-TTTN năm 2024 điều hành kinh doanh xăng dầu do Bộ Công thương ban hành,,https://thuvienphapluat.vn/cong-van/Thuong-mai/Cong-van-580-BCT-TTTN-2024-dieu-hanh-kinh-doanh-xang-dau-596842.aspx,fetched
Cong-van-399-BCT-TTTN-2024-dieu-hanh-kinh-doanh-xang-dau-596841,Công văn 399/BCT-TTTN năm 2024 điều hành kinh doanh xăng dầu do Bộ Công thương ban hành,,https://thuvienphapluat.vn/cong-van/Thuong-mai/Cong-van-399-BCT-TTTN-2024-dieu-hanh-kinh-doanh-xang-dau-596841.aspx,fetched
Cong-van-242-BCT-TTTN-2024-dieu-hanh-kinh-doanh-xang-dau-594919,Công văn 242/BCT-TTTN năm 2024 điều hành kinh doanh xăng dầu do Bộ Công thương ban hành,,https://thuvienphapluat.vn/cong-van/Thuong-mai/Cong-van-242-BCT-TTTN-2024-dieu-hanh-kinh-doanh-xang-dau-594919.aspx,fetched
Cong-van-43-BCT-TTTN-2024-dieu-hanh-kinh-doanh-xang-dau-594917,Công văn 43/BCT-TTTN năm 2024 điều hành kinh doanh xăng dầu do Bộ Công thương ban hành,,https://thuvienphapluat.vn/cong-van/Thuong-mai/Cong-van-43-BCT-TTTN-2024-dieu-hanh-kinh-doanh-xang-dau-594917.aspx,fetched
Cong-van-9275-BCT-TTTN-2023-dieu-hanh-kinh-doanh-xang-dau-592984,Công văn 9275/BCT-TTTN năm 2023 điều hành kinh doanh xăng dầu do Bộ Công Thương ban hành,,https://thuvienphapluat.vn/cong-van/Thuong-mai/Cong-van-9275-BCT-TTTN-2023-dieu-hanh-kinh-doanh-xang-dau-592984.aspx,fetched
Cong-van-9088-BCT-TTTN-2023-dieu-hanh-kinh-doanh-xang-dau-591859,Công văn 9088/BCT-TTTN năm 2023 điều hành kinh doanh xăng dầu do Bộ Công Thương ban hành,,https://thuvienphapluat.vn/cong-van/Thuong-mai/Cong-van-9088-BCT-TTTN-2023-dieu-hanh-kinh-doanh-xang-dau-591859.aspx,fetched
Cong-van-8909-BCT-TTTN-2023-dieu-hanh-kinh-doanh-xang-dau-590773,Công văn 8909/BCT-TTTN năm 2023 về điều hành kinh doanh xăng dầu do Bộ Công Thương ban hành,,https://thuvienphapluat.vn/cong-van/Thuong-mai/Cong-van-8909-BCT-TTTN-2023-dieu-hanh-kinh-doanh-xang-dau-590773.aspx,fetched
Cong-van-8746-BCT-TTTN-2023-dieu-hanh-kinh-doanh-xang-dau-589726,Công văn 8746/BCT-TTTN năm 2023 điều hành kinh doanh xăng dầu do Bộ Công Thương ban hành,,https://thuvienphapluat.vn/cong-van/Thuong-mai/Cong-van-8746-BCT-TTTN-2023-dieu-hanh-kinh-doanh-xang-dau-589726.aspx,fetched
Cong-van-8292-BCT-TTTN-2023-dieu-hanh-kinh-doanh-xang-dau-587724,Công văn 8292/BCT-TTTN năm 2023 về điều hành kinh doanh xăng dầu do Bộ Công Thương ban hành,,https://thuvienphapluat.vn/cong-van/Thuong-mai/Cong-van-8292-BCT-TTTN-2023-dieu-hanh-kinh-doanh-xang-dau-587724.aspx,fetched
Cong-van-8035-BCT-TTTN-2023-dieu-hanh-kinh-doanh-xang-dau-586264,Công văn 8035/BCT-TTTN năm 2023 về điều hành kinh doanh xăng dầu do Bộ Công Thương ban hành,,https://thuvienphapluat.vn/cong-van/Thuong-mai/Cong-van-8035-BCT-TTTN-2023-dieu-hanh-kinh-doanh-xang-dau-586264.aspx,fetched
Cong-van-7660-BCT-TTTN-2023-dieu-hanh-kinh-doanh-xang-dau-584704,Công văn 7660/BCT-TTTN năm 2023 về điều hành kinh doanh xăng dầu do Bộ Công thương ban hành,,https://thuvienphapluat.vn/cong-van/Thuong-mai/Cong-van-7660-BCT-TTTN-2023-dieu-hanh-kinh-doanh-xang-dau-584704.aspx,fetched
Cong-van-7378-BCT-TTTN-2023-dieu-hanh-kinh-doanh-xang-dau-583310,Công văn 7378/BCT-TTTN năm 2023 về điều hành kinh doanh xăng dầu do Bộ Công Thương ban hành,,https://thuvienphapluat.vn/cong-van/Thuong-mai/Cong-van-7378-BCT-TTTN-2023-dieu-hanh-kinh-doanh-xang-dau-583310.aspx,fetched
Cong-van-7075-BCT-TTTN-2023-dieu-hanh-kinh-doanh-xang-dau-581994,Công văn 7075/BCT-TTTN năm 2023 về điều hành kinh doanh xăng dầu do Bộ Công Thương ban hành,,https://thuvienphapluat.vn/cong-van/Thuong-mai/Cong-van-7075-BCT-TTTN-2023-dieu-hanh-kinh-doanh-xang-dau-581994.aspx,fetched
Cong-van-6787-BCT-TTTN-2023-dieu-hanh-kinh-doanh-xang-dau-583978,Công văn 6787/BCT-TTTN năm 2023 về điều hành kinh doanh xăng dầu do Bộ Công thương ban hành,,https://thuvienphapluat.vn/cong-van/Thuong-mai/Cong-van-6787-BCT-TTTN-2023-dieu-hanh-kinh-doanh-xang-dau-583978.aspx,fetched
Cong-van-6504-BTC-TTTN-2023-dieu-hanh-kinh-doanh-xang-dau-580046,Công văn 6504/BTC-TTTN năm 2023 về điều hành kinh doanh xăng dầu do Bộ Công Thương ban hành,,https://thuvienphapluat.vn/cong-van/Thuong-mai/Cong-van-6504-BTC-TTTN-2023-dieu-hanh-kinh-doanh-xang-dau-580046.aspx,fetched
Cong-van-6237-BCT-TTTN-2023-dieu-hanh-kinh-doanh-gia-xang-dau-578781,Công văn 6237/BCT-TTTN năm 2023 về điều hành kinh doanh xăng dầu do Bộ Công Thương ban hành,,https://thuvienphapluat.vn/cong-van/Thuong-mai/Cong-van-6237-BCT-TTTN-2023-dieu-hanh-kinh-doanh-gia-xang-dau-578781.aspx,fetched
Cong-van-6083-BCT-TTTN-2023-dieu-hanh-kinh-doanh-xang-dau-577971,Công văn 6083/BCT-TTTN năm 2023 về điều hành kinh doanh xăng dầu do Bộ Công Thương ban hành,,https://thuvienphapluat.vn/cong-van/Thuong-mai/Cong-van-6083-BCT-TTTN-2023-dieu-hanh-kinh-doanh-xang-dau-577971.aspx,fetched
Cong-van-5655-BCT-TTTN-2023-dieu-hanh-kinh-doanh-xang-dau-576412,Công văn 5655/BCT-TTTN năm 2023 về điều hành kinh doanh xăng dầu do Bộ Công Thương ban hành,,https://thuvienphapluat.vn/cong-van/Thuong-mai/Cong-van-5655-BCT-TTTN-2023-dieu-hanh-kinh-doanh-xang-dau-576412.aspx,fetched
Cong-van-5345-BCT-TTTN-2023-dieu-hanh-kinh-doanh-xang-dau-575532,Công văn 5345/BCT-TTTN năm 2023 về điều hành kinh doanh xăng dầu do Bộ Công Thương ban hành,,https://thuvienphapluat.vn/cong-van/Thuong-mai/Cong-van-5345-BCT-TTTN-2023-dieu-hanh-kinh-doanh-xang-dau-575532.aspx,fetched
Cong-van-5041-BCT-TTTN-2023-dieu-hanh-kinh-doanh-xang-dau-574286,Công văn 5041/BCT-TTTN năm 2023 về điều hành kinh doanh xăng dầu do Bộ Công thương ban hành,,https://thuvienphapluat.vn/cong-van/Thuong-mai/Cong-van-5041-BCT-TTTN-2023-dieu-hanh-kinh-doanh-xang-dau-574286.aspx,fetched
Cong-van-4790-BCT-TTTN-2023-dieu-hanh-kinh-doanh-xang-dau-573180,Công văn 4790/BCT-TTTN năm 2023 về điều hành kinh doanh xăng dầu do Bộ Công Thương ban hành,,https://thuvienphapluat.vn/cong-van/Thuong-mai/Cong-van-4790-BCT-TTTN-2023-dieu-hanh-kinh-doanh-xang-dau-573180.aspx,fetched
Cong-van-4506-BCT-TTTN-2023-dieu-hanh-kinh-doanh-xang-dau-572235,Công văn 4506/BCT-TTTN năm 2023 về điều hành kinh doanh xăng dầu do Bộ Công thương ban hành,,https://thuvienphapluat.vn/cong-van/Thuong-mai/Cong-van-4506-BCT-TTTN-2023-dieu-hanh-kinh-doanh-xang-dau-572235.aspx,fetched
Cong-van-4228-BCT-TTTN-2023-dieu-hanh-kinh-doanh-xang-dau-571491,Công văn 4228/BCT-TTTN năm 2023 về điều hành kinh doanh xăng dầu do Bộ Công Thương ban hành,,https://thuvienphapluat.vn/cong-van/Thuong-mai/Cong-van-4228-BCT-TTTN-2023-dieu-hanh-kinh-doanh-xang-dau-571491.aspx,fetched
Cong-van-3862-BCT-TTTN-2023-dieu-hanh-kinh-doanh-xang-dau-570369,Công văn 3862/BCT-TTTN năm 2023 về điều hành kinh doanh xăng dầu do Bộ Công Thương ban hành,,https://thuvienphapluat.vn/cong-van/Thuong-mai/Cong-van-3862-BCT-TTTN-2023-dieu-hanh-kinh-doanh-xang-dau-570369.aspx,fetched
Cong-van-3620-BCT-TTTN-2023-dieu-hanh-kinh-doanh-xang-dau-569311,Công văn 3620/BCT-TTTN năm 2023 về điều hành kinh doanh xăng dầu do Bộ Công Thương ban hành,,https://thuvienphapluat.vn/cong-van/Thuong-mai/Cong-van-3620-BCT-TTTN-2023-dieu-hanh-kinh-doanh-xang-dau-569311.aspx,fetched
Cong-van-3380-BCT-TTTN-2023-dieu-hanh-kinh-doanh-xang-dau-568203,Công văn 3380/BCT-TTTN năm 2023 về điều hành kinh doanh xăng dầu do Bộ Công thương ban hành,,https://thuvienphapluat.vn/cong-van/Thuong-mai/Cong-van-3380-BCT-TTTN-2023-dieu-hanh-kinh-doanh-xang-dau-568203.aspx,fetched
Cong-van-3080-BCT-TTTN-2023-dieu-hanh-kinh-doanh-xang-dau-567088,Công văn 3080/BCT-TTTN năm 2023 về điều hành kinh doanh xăng dầu do Bộ Công thương ban hành,,https://thuvienphapluat.vn/cong-van/Thuong-mai/Cong-van-3080-BCT-TTTN-2023-dieu-hanh-kinh-doanh-xang-dau-567088.aspx,fetched
Cong-van-2789-BCT-TTTN-2023-dieu-hanh-kinh-doanh-xang-dau-565898,Công văn 2789/BCT-TTTN năm 2023 về điều hành kinh doanh xăng dầu do Bộ Công thương ban hành,,https://thuvienphapluat.vn/cong-van/Thuong-mai/Cong-van-2789-BCT-TTTN-2023-dieu-hanh-kinh-doanh-xang-dau-565898.aspx,fetched
Cong-van-2588-BCT-TTTN-2023-dieu-hanh-kinh-doanh-xang-dau-565131,Công văn 2588/BCT-TTTN năm 2023 về điều hành kinh doanh xăng dầu do Bộ Công thương ban hành,,https://thuvienphapluat.vn/cong-van/Thuong-mai/Cong-van-2588-BCT-TTTN-2023-dieu-hanh-kinh-doanh-xang-dau-565131.aspx,fetched
Cong-van-2390-BCT-TTTN-2023-dieu-hanh-kinh-doanh-xang-dau-564078,Công văn 2390/BCT-TTTN năm 2023 về điều hành kinh doanh xăng dầu do Bộ Công thương ban hành,,https://thuvienphapluat.vn/cong-van/Thuong-mai/Cong-van-2390-BCT-TTTN-2023-dieu-hanh-kinh-doanh-xang-dau-564078.aspx,fetched
Cong-van-2075-BCT-TTTN-2023-dieu-hanh-kinh-doanh-xang-dau-562689,Công văn 2075/BCT-TTTN năm 2023 về điều hành kinh doanh xăng dầu do Bộ Công thương ban hành,,https://thuvienphapluat.vn/cong-van/Thuong-mai/Cong-van-2075-BCT-TTTN-2023-dieu-hanh-kinh-doanh-xang-dau-562689.aspx,fetched
Cong-van-1886-BCT-TTTN-2023-dieu-hanh-kinh-doanh-xang-dau-561646,Công văn 1886/BCT-TTTN năm 2023 về điều hành kinh doanh xăng dầu do Bộ Công thương ban hành,,https://thuvienphapluat.vn/cong-van/Thuong-mai/Cong-van-1886-BCT-TTTN-2023-dieu-hanh-kinh-doanh-xang-dau-561646.aspx,fetched
Cong-van-1576-BCT-TTTN-2023-dieu-hanh-kinh-doanh-xang-dau-560186,Công văn 1576/BCT-TTTN năm 2023 về điều hành kinh doanh xăng dầu do Bộ Công thương ban hành,,https://thuvienphapluat.vn/cong-van/Thuong-mai/Cong-van-1576-BCT-TTTN-2023-dieu-hanh-kinh-doanh-xang-dau-560186.aspx,fetched
Cong-van-1325-BCT-TTTN-2023-dieu-hanh-kinh-doanh-xang-dau-559180,Công văn 1325/BCT-TTTN năm 2023 về điều hành kinh doanh xăng dầu do Bộ Công thương ban hành,,https://thuvienphapluat.vn/cong-van/Thuong-mai/Cong-van-1325-BCT-TTTN-2023-dieu-hanh-kinh-doanh-xang-dau-559180.aspx,fetched
Cong-van-1051-BCT-TTTN-2023-dieu-hanh-kinh-doanh-xang-dau-557007,Công văn 1051/BCT-TTTN năm 2023 về điều hành kinh doanh xăng dầu do Bộ Công thương ban hành,,https://thuvienphapluat.vn/cong-van/Thuong-mai/Cong-van-1051-BCT-TTTN-2023-dieu-hanh-kinh-doanh-xang-dau-557007.aspx,fetched
Cong-van-831-BCT-TTTN-2023-dieu-hanh-kinh-doanh-xang-dau-555905,Công văn 831/BCT-TTTN năm 2023 về điều hành kinh doanh xăng dầu do Bộ Công Thương ban hành,,https://thuvienphapluat.vn/cong-van/Thuong-mai/Cong-van-831-BCT-TTTN-2023-dieu-hanh-kinh-doanh-xang-dau-555905.aspx,fetch_failed
Cong-van-639-BCT-TTTN-2023-dieu-hanh-kinh-doanh-xang-dau-554630,Công văn 639/BCT-TTTN năm 2023 về điều hành kinh doanh xăng dầu do Bộ Công thương ban hành,,https://thuvienphapluat.vn/cong-van/Thuong-mai/Cong-van-639-BCT-TTTN-2023-dieu-hanh-kinh-doanh-xang-dau-554630.aspx,fetched
Cong-van-413-BCT-TTTN-2023-dieu-hanh-kinh-doanh-xang-dau-552133,Công văn 413/BCT-TTTN năm 2023 về điều hành kinh doanh xăng dầu do Bộ Công Thương ban hành,,https://thuvienphapluat.vn/cong-van/Thuong-mai/Cong-van-413-BCT-TTTN-2023-dieu-hanh-kinh-doanh-xang-dau-552133.aspx,fetched
Cong-van-10-BCT-TTTN-2023-dieu-hanh-kinh-doanh-xang-dau-548622,Công văn 10/BCT-TTTN năm 2023 về điều hành kinh doanh xăng dầu do Bộ Công thương ban hành,,https://thuvienphapluat.vn/cong-van/Thuong-mai/Cong-van-10-BCT-TTTN-2023-dieu-hanh-kinh-doanh-xang-dau-548622.aspx,fetched
Cong-van-8243-BCT-TTTN-2022-dieu-hanh-kinh-doanh-xang-dau-546815,Công văn 8243/BCT-TTTN năm 2022 về điều hành kinh doanh xăng dầu do Bộ Công thương ban hành,,https://thuvienphapluat.vn/cong-van/Thuong-mai/Cong-van-8243-BCT-TTTN-2022-dieu-hanh-kinh-doanh-xang-dau-546815.aspx,fetched
Cong-van-7938-BCT-TTTN-2022-dieu-hanh-kinh-doanh-xang-dau-545017,Công văn 7938/BCT-TTTN năm 2022 về điều hành kinh doanh xăng dầu do Bộ Công thương ban hành,,https://thuvienphapluat.vn/cong-van/Thuong-mai/Cong-van-7938-BCT-TTTN-2022-dieu-hanh-kinh-doanh-xang-dau-545017.aspx,fetched
Cong-van-7706-BCT-TTTN-2022-dieu-hanh-kinh-doanh-xang-dau-542258,Công văn 7706/BCT-TTTN năm 2022 về điều hành kinh doanh xăng dầu do Bộ Công thương ban hành,,https://thuvienphapluat.vn/cong-van/Thuong-mai/Cong-van-7706-BCT-TTTN-2022-dieu-hanh-kinh-doanh-xang-dau-542258.aspx,fetched
Cong-van-7376-BCT-TTTN-2022-dieu-hanh-kinh-doanh-xang-dau-539748,Công văn 7376/BCT-TTTN năm 2022 về điều hành kinh doanh xăng dầu do Bộ Công thương ban hành,,https://thuvienphapluat.vn/cong-van/Thuong-mai/Cong-van-7376-BCT-TTTN-2022-dieu-hanh-kinh-doanh-xang-dau-539748.aspx,fetched
Cong-van-7180-BCT-TTTN-2022-dieu-hanh-kinh-doanh-xang-dau-538097,Công văn 7180/BCT-TTTN năm 2022 về điều hành kinh doanh xăng dầu do Bộ Công thương ban hành,,https://thuvienphapluat.vn/cong-van/Thuong-mai/Cong-van-7180-BCT-TTTN-2022-dieu-hanh-kinh-doanh-xang-dau-538097.aspx,fetched
Cong-van-6853-BCT-TTTN-2022-dieu-hanh-kinh-doanh-xang-dau-535928,Công văn 6853/BCT-TTTN năm 2022 về điều hành kinh doanh xăng dầu do Bộ Công thương ban hành,,https://thuvienphapluat.vn/cong-van/Thuong-mai/Cong-van-6853-BCT-TTTN-2022-dieu-hanh-kinh-doanh-xang-dau-535928.aspx,fetched
Cong-van-6501-BCT-TTTN-2022-dieu-hanh-kinh-doanh-xang-dau-533572,Công văn 6501/BCT-TTTN năm 2022 về điều hành kinh doanh xăng dầu do Bộ Công thương ban hành,,https://thuvienphapluat.vn/cong-van/Thuong-mai/Cong-van-6501-BCT-TTTN-2022-dieu-hanh-kinh-doanh-xang-dau-533572.aspx,fetched
Cong-van-6253-BCT-TTTN-2022-dieu-hanh-kinh-doanh-xang-dau-531921,Công văn 6253/BCT-TTTN năm 2022 về điều hành kinh doanh xăng dầu do Bộ Công thương ban hành,,https://thuvienphapluat.vn/cong-van/Thuong-mai/Cong-van-6253-BCT-TTTN-2022-dieu-hanh-kinh-doanh-xang-dau-531921.aspx,fetched
Cong-van-5938-BCT-TTTN-2022-dieu-hanh-kinh-doanh-xang-dau-531074,Công văn 5938/BCT-TTTN năm 2022 về điều hành kinh doanh xăng dầu do Bộ Công thương ban hành,,https://thuvienphapluat.vn/cong-van/Thuong-mai/Cong-van-5938-BCT-TTTN-2022-dieu-hanh-kinh-doanh-xang-dau-531074.aspx,fetched
Cong-van-5621-BCT-TTTN-2022-dieu-hanh-kinh-doanh-xang-dau-530111,Công văn 5621/BCT-TTTN năm 2022 về điều hành kinh doanh xăng dầu do Bộ Công thương ban hành,,https://thuvienphapluat.vn/cong-van/Thuong-mai/Cong-van-5621-BCT-TTTN-2022-dieu-hanh-kinh-doanh-xang-dau-530111.aspx,fetched
Cong-van-5404-BCT-TTTN-2022-dieu-hanh-kinh-doanh-xang-dau-529151,Công văn 5404/BCT-TTTN năm 2022 về điều hành kinh doanh xăng dầu do Bộ Công thương ban hành,,https://thuvienphapluat.vn/cong-van/Thuong-mai/Cong-van-5404-BCT-TTTN-2022-dieu-hanh-kinh-doanh-xang-dau-529151.aspx,fetched
Cong-van-5274-BCT-TTTN-2022-dieu-hanh-kinh-doanh-xang-dau-528312,Công văn 5274/BCT-TTTN năm 2022 về điều hành kinh doanh xăng dầu do Bộ Công thương ban hành,,https://thuvienphapluat.vn/cong-van/Thuong-mai/Cong-van-5274-BCT-TTTN-2022-dieu-hanh-kinh-doanh-xang-dau-528312.aspx,fetched
Cong-van-5011-BCT-TTTN-2022-dieu-hanh-kinh-doanh-xang-dau-526946,Công văn 5011/BCT-TTTN năm 2022 về điều hành kinh doanh xăng dầu do Bộ Công thương ban hành,,https://thuvienphapluat.vn/cong-van/Thuong-mai/Cong-van-5011-BCT-TTTN-2022-dieu-hanh-kinh-doanh-xang-dau-526946.aspx,fetched
Cong-van-4750-BCT-TTTN-2022-dieu-hanh-kinh-doanh-xang-dau-525613,Công văn 4750/BCT-TTTN năm 2022 về điều hành kinh doanh xăng dầu do Bộ Công thương ban hành,,https://thuvienphapluat.vn/cong-van/Thuong-mai/Cong-van-4750-BCT-TTTN-2022-dieu-hanh-kinh-doanh-xang-dau-525613.aspx,fetched
Cong-van-4479-BCT-TTTN-2022-dieu-hanh-kinh-doanh-xang-dau-524279,Công văn 4479/BCT-TTTN năm 2022 về điều hành kinh doanh xăng dầu do Bộ Công thương ban hành,,https://thuvienphapluat.vn/cong-van/Thuong-mai/Cong-van-4479-BCT-TTTN-2022-dieu-hanh-kinh-doanh-xang-dau-524279.aspx,fetched
Cong-van-4202-BCT-TTTN-2022-dieu-hanh-kinh-doanh-xang-dau-522853,Công văn 4202/BCT-TTTN năm 2022 về điều hành kinh doanh xăng dầu do Bộ Công thương ban hành,,https://thuvienphapluat.vn/cong-van/Thuong-mai/Cong-van-4202-BCT-TTTN-2022-dieu-hanh-kinh-doanh-xang-dau-522853.aspx,fetched
Cong-van-3942-BCT-TTTN-2022-dieu-hanh-kinh-doanh-xang-dau-521362,Công văn 3942/BCT-TTTN năm 2022 về điều hành kinh doanh xăng dầu do Bộ Công thương ban hành,,https://thuvienphapluat.vn/cong-van/Thuong-mai/Cong-van-3942-BCT-TTTN-2022-dieu-hanh-kinh-doanh-xang-dau-521362.aspx,fetched
Cong-van-3742-BCT-TTTN-2022-dieu-hanh-kinh-doanh-xang-dau-520050,Công văn 3742/BCT-TTTN năm 2022 về điều hành kinh doanh xăng dầu do Bộ Công thương ban hành,,https://thuvienphapluat.vn/cong-van/Thuong-mai/Cong-van-3742-BCT-TTTN-2022-dieu-hanh-kinh-doanh-xang-dau-520050.aspx,fetched
Cong-van-3460-BCT-TTTN-2022-dieu-hanh-kinh-doanh-xang-dau-518234,Công văn 3460/BCT-TTTN năm 2022 về điều hành kinh doanh xăng dầu do Bộ Công thương ban hành,,https://thuvienphapluat.vn/cong-van/Thuong-mai/Cong-van-3460-BCT-TTTN-2022-dieu-hanh-kinh-doanh-xang-dau-518234.aspx,fetched
Cong-van-3309-BCT-TTTN-2022-dieu-hanh-kinh-doanh-xang-dau-516842,Công văn 3309/BCT-TTTN năm 2022 về điều hành kinh doanh xăng dầu do Bộ Công thương ban hành,,https://thuvienphapluat.vn/cong-van/Thuong-mai/Cong-van-3309-BCT-TTTN-2022-dieu-hanh-kinh-doanh-xang-dau-516842.aspx,fetched
Cong-van-3011-BCT-TTTN-2022-dieu-hanh-kinh-doanh-xang-dau-515381,Công văn 3011/BCT-TTTN năm 2022 về điều hành kinh doanh xăng dầu do Bộ Công thương ban hành,,https://thuvienphapluat.vn/cong-van/Thuong-mai/Cong-van-3011-BCT-TTTN-2022-dieu-hanh-kinh-doanh-xang-dau-515381.aspx,fetched
Cong-van-2738-BCT-TTTN-2022-dieu-hanh-kinh-doanh-xang-dau-514153,Công văn 2738/BCT-TTTN năm 2022 về điều hành kinh doanh xăng dầu do Bộ Công thương ban hành,,https://thuvienphapluat.vn/cong-van/Thuong-mai/Cong-van-2738-BCT-TTTN-2022-dieu-hanh-kinh-doanh-xang-dau-514153.aspx,fetched
Cong-van-2531-BCT-TTTN-2022-dieu-hanh-kinh-doanh-xang-dau-512856,Công văn 2531/BCT-TTTN năm 2022 về điều hành kinh doanh xăng dầu do Bộ Công thương ban hành,,https://thuvienphapluat.vn/cong-van/Thuong-mai/Cong-van-2531-BCT-TTTN-2022-dieu-hanh-kinh-doanh-xang-dau-512856.aspx,fetched
Cong-van-2293-BCT-TTTN-2022-dieu-hanh-kinh-doanh-xang-dau-512102,Công văn 2293/BCT-TTTN năm 2022 về điều hành kinh doanh xăng dầu do Bộ Công thương ban hành,,https://thuvienphapluat.vn/cong-van/Thuong-mai/Cong-van-2293-BCT-TTTN-2022-dieu-hanh-kinh-doanh-xang-dau-512102.aspx,fetched
Cong-van-2078-BCT-TTTN-2022-dieu-hanh-kinh-doanh-xang-dau-510931,Công văn 2078/BCT-TTTN năm 2022 về điều hành kinh doanh xăng dầu do Bộ Công thương ban hành,,https://thuvienphapluat.vn/cong-van/Thuong-mai/Cong-van-2078-BCT-TTTN-2022-dieu-hanh-kinh-doanh-xang-dau-510931.aspx,fetched
Cong-van-1846-BCT-TTTN-2022-dieu-hanh-kinh-doanh-xang-dau-509818,Công văn 1846/BCT-TTTN năm 2022 về điều hành kinh doanh xăng dầu do Bộ Công thương ban hành,,https://thuvienphapluat.vn/cong-van/Thuong-mai/Cong-van-1846-BCT-TTTN-2022-dieu-hanh-kinh-doanh-xang-dau-509818.aspx,fetched
Cong-van-1674-BCT-TTTN-2022-dieu-hanh-kinh-doanh-xang-dau-508669,Công văn 1674/BCT-TTTN năm 2022 về điều hành kinh doanh xăng dầu do Bộ Công thương ban hành,,https://thuvienphapluat.vn/cong-van/Thuong-mai/Cong-van-1674-BCT-TTTN-2022-dieu-hanh-kinh-doanh-xang-dau-508669.aspx,fetched
Cong-van-1403-BCT-TTTN-2022-dieu-hanh-kinh-doanh-xang-dau-507357,Công văn 1403/BCT-TTTN năm 2022 về điều hành kinh doanh xăng dầu do Bộ Công thương ban hành,,https://thuvienphapluat.vn/cong-van/Thuong-mai/Cong-van-1403-BCT-TTTN-2022-dieu-hanh-kinh-doanh-xang-dau-507357.aspx,fetched
Cong-van-1214-BCT-TTTN-2022-dieu-hanh-kinh-doanh-xang-dau-506242,Công văn 1214/BCT-TTTN năm 2022 về điều hành kinh doanh xăng dầu do Bộ Công thương ban hành,,https://thuvienphapluat.vn/cong-van/Thuong-mai/Cong-van-1214-BCT-TTTN-2022-dieu-hanh-kinh-doanh-xang-dau-506242.aspx,fetched
Cong-van-961-BCT-TTTN-2022-dieu-hanh-kinh-doanh-xang-dau-505020,Công văn 961/BCT-TTTN năm 2022 về điều hành kinh doanh xăng dầu do Bộ Công thương ban hành,,https://thuvienphapluat.vn/cong-van/Thuong-mai/Cong-van-961-BCT-TTTN-2022-dieu-hanh-kinh-doanh-xang-dau-505020.aspx,fetched
Cong-van-791-BCT-TTTN-2022-dieu-hanh-kinh-doanh-xang-dau-503958,Công văn 791/BCT-TTTN năm 2022 về điều hành kinh doanh xăng dầu do Bộ Công thương ban hành,,https://thuvienphapluat.vn/cong-van/Thuong-mai/Cong-van-791-BCT-TTTN-2022-dieu-hanh-kinh-doanh-xang-dau-503958.aspx,fetched
Cong-van-603-BCT-TTTN-2022-dieu-hanh-kinh-doanh-xang-dau-502751,Công văn 603/BCT-TTTN năm 2022 về điều hành kinh doanh xăng dầu do Bộ Công thương ban hành,,https://thuvienphapluat.vn/cong-van/Thuong-mai/Cong-van-603-BCT-TTTN-2022-dieu-hanh-kinh-doanh-xang-dau-502751.aspx,fetched
Cong-van-326-BCT-TTTN-2022-dieu-hanh-kinh-doanh-xang-dau-501241,Công văn 326/BCT-TTTN năm 2022 về điều hành kinh doanh xăng dầu do Bộ Công thương ban hành,,https://thuvienphapluat.vn/cong-van/Thuong-mai/Cong-van-326-BCT-TTTN-2022-dieu-hanh-kinh-doanh-xang-dau-501241.aspx,fetched
Cong-van-162-BCT-TTTN-2022-dieu-hanh-kinh-doanh-xang-dau-500175,Công văn 162/BCT-TTTN năm 2022 về điều hành kinh doanh xăng dầu do Bộ Công thương ban hành,,https://thuvienphapluat.vn/cong-van/Thuong-mai/Cong-van-162-BCT-TTTN-2022-dieu-hanh-kinh-doanh-xang-dau-500175.aspx,fetch_failed
Cong-van-8362-BCT-TTTN-2021-dieu-hanh-kinh-doanh-xang-dau-498704,Công văn 8362/BCT-TTTN năm 2021 về điều hành kinh doanh xăng dầu do Bộ Công thương ban hành,,https://thuvienphapluat.vn/cong-van/Thuong-mai/Cong-van-8362-BCT-TTTN-2021-dieu-hanh-kinh-doanh-xang-dau-498704.aspx,fetched
Cong-van-7877-BCT-TTTN-2021-dieu-hanh-kinh-doanh-xang-dau-497107,Công văn 7877/BCT-TTTN năm 2021 về điều hành kinh doanh xăng dầu do Bộ Công thương ban hành,,https://thuvienphapluat.vn/cong-van/Thuong-mai/Cong-van-7877-BCT-TTTN-2021-dieu-hanh-kinh-doanh-xang-dau-497107.aspx,fetched
Cong-van-7477-BCT-TTTN-2021-dieu-hanh-kinh-doanh-xang-dau-495582,Công văn 7477/BCT-TTTN năm 2021 về điều hành kinh doanh xăng dầu do Bộ Công thương ban hành,,https://thuvienphapluat.vn/cong-van/Thuong-mai/Cong-van-7477-BCT-TTTN-2021-dieu-hanh-kinh-doanh-xang-dau-495582.aspx,fetched
Cong-van-7101-BCT-TTTN-2021-dieu-hanh-kinh-doanh-xang-dau-493968,Công văn 7101/BCT-TTTN năm 2021 về điều hành kinh doanh xăng dầu do Bộ Công thương ban hành,,https://thuvienphapluat.vn/cong-van/Thuong-mai/Cong-van-7101-BCT-TTTN-2021-dieu-hanh-kinh-doanh-xang-dau-493968.aspx,fetched
Cong-van-6716-BCT-TTTN-2021-dieu-hanh-kinh-doanh-xang-dau-492469,Công văn 6716/BCT-TTTN năm 2021 về điều hành kinh doanh xăng dầu do Bộ Công thương ban hành,,https://thuvienphapluat.vn/cong-van/Thuong-mai/Cong-van-6716-BCT-TTTN-2021-dieu-hanh-kinh-doanh-xang-dau-492469.aspx,fetched
Cong-van-6295-BCT-TTTN-2021-dieu-hanh-kinh-doanh-xang-dau-490756,Công văn 6295/BCT-TTTN năm 2021 về điều hành kinh doanh xăng dầu do Bộ Công thương ban hành,,https://thuvienphapluat.vn/cong-van/Thuong-mai/Cong-van-6295-BCT-TTTN-2021-dieu-hanh-kinh-doanh-xang-dau-490756.aspx,fetched
Cong-van-5909-BCT-TTTN-2021-dieu-hanh-kinh-doanh-xang-dau-489146,Công văn 5909/BCT-TTTN năm 2021 về điều hành kinh doanh xăng dầu do Bộ Công Thương ban hành,,https://thuvienphapluat.vn/cong-van/Thuong-mai/Cong-van-5909-BCT-TTTN-2021-dieu-hanh-kinh-doanh-xang-dau-489146.aspx,fetched
Cong-van-5522-BCT-TTTN-2021-dieu-hanh-kinh-doanh-xang-dau-487477,Công văn 5522/BCT-TTTN năm 2021 về điều hành kinh doanh xăng dầu do Bộ Công thương ban hành,,https://thuvienphapluat.vn/cong-van/Thuong-mai/Cong-van-5522-BCT-TTTN-2021-dieu-hanh-kinh-doanh-xang-dau-487477.aspx,fetched
Cong-van-5204-BCT-TTTN-2021-dieu-hanh-kinh-doanh-xang-dau-486064,Công văn 5204/BCT-TTTN năm 2021 về điều hành kinh doanh xăng dầu do Bộ Công thương ban hành,,https://thuvienphapluat.vn/cong-van/Thuong-mai/Cong-van-5204-BCT-TTTN-2021-dieu-hanh-kinh-doanh-xang-dau-486064.aspx,fetched
Cong-van-4843-BCT-TTTN-2021-dieu-hanh-kinh-doanh-xang-dau-484312,Công văn 4843/BCT-TTTN năm 2021 về điều hành kinh doanh xăng dầu do Bộ Công thương ban hành,,https://thuvienphapluat.vn/cong-van/Thuong-mai/Cong-van-4843-BCT-TTTN-2021-dieu-hanh-kinh-doanh-xang-dau-484312.aspx,fetched
Cong-van-4469-BCT-TTTN-2021-dieu-hanh-kinh-doanh-xang-dau-482589,Công văn 4469/BCT-TTTN năm 2021 về điều hành kinh doanh xăng dầu do Bộ Công thương ban hành,,https://thuvienphapluat.vn/cong-van/Thuong-mai/Cong-van-4469-BCT-TTTN-2021-dieu-hanh-kinh-doanh-xang-dau-482589.aspx,fetched
Cong-van-4104-BCT-TTTN-2021-dieu-hanh-kinh-doanh-xang-dau-480875,Công văn 4104/BCT-TTTN năm 2021 về điều hành kinh doanh xăng dầu do Bộ Công thương ban hành,,https://thuvienphapluat.vn/cong-van/Thuong-mai/Cong-van-4104-BCT-TTTN-2021-dieu-hanh-kinh-doanh-xang-dau-480875.aspx,fetched
Cong-van-3753-BCT-TTTN-2021-dieu-hanh-kinh-doanh-xang-dau-479188,Công văn 3753/BCT-TTTN năm 2021 về điều hành kinh doanh xăng dầu do Bộ Công thương ban hành,,https://thuvienphapluat.vn/cong-van/Thuong-mai/Cong-van-3753-BCT-TTTN-2021-dieu-hanh-kinh-doanh-xang-dau-479188.aspx,fetched
Cong-van-3382-BCT-TTTN-2021-dieu-hanh-kinh-doanh-xang-dau-477415,Công văn 3382/BCT-TTTN năm 2021 về điều hành kinh doanh xăng dầu do Bộ Công thương ban hành,,https://thuvienphapluat.vn/cong-van/Thuong-mai/Cong-van-3382-BCT-TTTN-2021-dieu-hanh-kinh-doanh-xang-dau-477415.aspx,fetched
Cong-van-2621-BCT-TTTN-2021-dieu-hanh-kinh-doanh-xang-dau-473948,Công văn 2621/BCT-TTTN năm 2021 về điều hành kinh doanh xăng dầu do Bộ Công thương ban hành,,https://thuvienphapluat.vn/cong-van/Thuong-mai/Cong-van-2621-BCT-TTTN-2021-dieu-hanh-kinh-doanh-xang-dau-473948.aspx,fetched
Cong-van-2055-BCT-TTTN-2021-dieu-hanh-kinh-doanh-xang-dau-470560,Công văn 2055/BCT-TTTN năm 2021 về điều hành kinh doanh xăng dầu do Bộ Công thương ban hành,,https://thuvienphapluat.vn/cong-van/Thuong-mai/Cong-van-2055-BCT-TTTN-2021-dieu-hanh-kinh-doanh-xang-dau-470560.aspx,fetched
Cong-van-1685-BCT-TTTN-2021-dieu-hanh-kinh-doanh-xang-dau-468947,Công văn 1685/BCT-TTTN năm 2021 về điều hành kinh doanh xăng dầu do Bộ Công thương ban hành,,https://thuvienphapluat.vn/cong-van/Thuong-mai/Cong-van-1685-BCT-TTTN-2021-dieu-hanh-kinh-doanh-xang-dau-468947.aspx,fetched
Cong-van-1348-BCT-TTTN-2021-dieu-hanh-kinh-doanh-xang-dau-467376,Công văn 1348/BCT-TTTN năm 2021 về điều hành kinh doanh xăng dầu do Bộ Công thương ban hành,,https://thuvienphapluat.vn/cong-van/Thuong-mai/Cong-van-1348-BCT-TTTN-2021-dieu-hanh-kinh-doanh-xang-dau-467376.aspx,fetched
Cong-van-992-BCT-TTTN-2021-dieu-hanh-kinh-doanh-xang-dau-465910,Công văn 992/BCT-TTTN năm 2021 về điều hành kinh doanh xăng dầu do Bộ Công thương ban hành,,https://thuvienphapluat.vn/cong-van/Thuong-mai/Cong-van-992-BCT-TTTN-2021-dieu-hanh-kinh-doanh-xang-dau-465910.aspx,fetched
Cong-van-856-BCT-TTTN-2021-quy-dinh-dieu-hanh-kinh-doanh-xang-dau-465103,Công văn 856/BCT-TTTN năm 2021 về điều hành kinh doanh xăng dầu do Bộ Công thương ban hành,,https://thuvienphapluat.vn/cong-van/Thuong-mai/Cong-van-856-BCT-TTTN-2021-quy-dinh-dieu-hanh-kinh-doanh-xang-dau-465103.aspx,fetched
Cong-van-466-BCT-TTTN-2021-dieu-hanh-kinh-doanh-xang-dau-463633,Công văn 466/BCT-TTTN năm 2021 về điều hành kinh doanh xăng dầu do Bộ Công thương ban hành,,https://thuvienphapluat.vn/cong-van/Thuong-mai/Cong-van-466-BCT-TTTN-2021-dieu-hanh-kinh-doanh-xang-dau-463633.aspx,fetched
Cong-van-150-BCT-TTTN-2020-dieu-hanh-kinh-doanh-xang-dau-461916,Công văn 150/BCT-TTTN năm 2020 về điều hành kinh doanh xăng dầu do Bộ Công thương ban hành,,https://thuvienphapluat.vn/cong-van/Thuong-mai/Cong-van-150-BCT-TTTN-2020-dieu-hanh-kinh-doanh-xang-dau-461916.aspx,fetched
Cong-van-10034-BCT-TTTN-2020-dieu-hanh-kinh-doanh-xang-dau-460580,Công văn 10034/BCT-TTTN năm 2020 về điều hành kinh doanh xăng dầu do Bộ Công thương ban hành,,https://thuvienphapluat.vn/cong-van/Thuong-mai/Cong-van-10034-BCT-TTTN-2020-dieu-hanh-kinh-doanh-xang-dau-460580.aspx,fetched
Cong-van-7212-BCT-TTTN-2020-dieu-hanh-kinh-doanh-xang-dau-493591,Công văn 7212/BCT-TTTN năm 2020 về điều hành kinh doanh xăng dầu do Bộ Công Thương ban hành,,https://thuvienphapluat.vn/cong-van/Thuong-mai/Cong-van-7212-BCT-TTTN-2020-dieu-hanh-kinh-doanh-xang-dau-493591.aspx,fetched
Cong-van-5919-BCT-TTTN-2020-dieu-hanh-kinh-doanh-xang-dau-449870,Công văn 5919/BCT-TTTN năm 2020 về điều hành kinh doanh xăng dầu do Bộ Công thương ban hành,,https://thuvienphapluat.vn/cong-van/Thuong-mai/Cong-van-5919-BCT-TTTN-2020-dieu-hanh-kinh-doanh-xang-dau-449870.aspx,fetched
Cong-van-5464-BCT-TTTN-2020-dieu-hanh-kinh-doanh-xang-dau-448324,Công văn 5464/BCT-TTTN năm 2020 về điều hành kinh doanh xăng dầu do Bộ Công thương ban hành,,https://thuvienphapluat.vn/cong-van/Thuong-mai/Cong-van-5464-BCT-TTTN-2020-dieu-hanh-kinh-doanh-xang-dau-448324.aspx,fetched
Cong-van-5046-BCT-TTTN-2020-dieu-hanh-kinh-doanh-xang-dau-447191,Công văn 5046/BCT-TTTN năm 2020 về điều hành kinh doanh xăng dầu do Bộ Công thương ban hành,,https://thuvienphapluat.vn/cong-van/Thuong-mai/Cong-van-5046-BCT-TTTN-2020-dieu-hanh-kinh-doanh-xang-dau-447191.aspx,fetched
Cong-van-4686-BCT-TTTN-2020-dieu-hanh-kinh-doanh-xang-dau-445977,Công văn 4686/BCT-TTTN năm 2020 về điều hành kinh doanh xăng dầu do Bộ Công thương ban hành,,https://thuvienphapluat.vn/cong-van/Thuong-mai/Cong-van-4686-BCT-TTTN-2020-dieu-hanh-kinh-doanh-xang-dau-445977.aspx,fetched
Cong-van-4227-BCT-TTTN-2020-cong-bo-gia-co-so-kinh-doanh-xang-dau-tren-thi-truong-444775,Công văn 4227/BCT-TTTN năm 2020 về điều hành kinh doanh xăng dầu do Bộ Công thương ban hành,,https://thuvienphapluat.vn/cong-van/Thuong-mai/Cong-van-4227-BCT-TTTN-2020-cong-bo-gia-co-so-kinh-doanh-xang-dau-tren-thi-truong-444775.aspx,fetched
Cong-van-3821-BCT-TTTN-2020-dieu-hanh-kinh-doanh-xang-dau-443754,Công văn 3824/BCT-TTTN năm 2020 về điều hành kinh doanh xăng dầu do Bộ Công thương ban hành,,https://thuvienphapluat.vn/cong-van/Tai-chinh-nha-nuoc/Cong-van-3821-BCT-TTTN-2020-dieu-hanh-kinh-doanh-xang-dau-443754.aspx,fetched
Cong-van-3397-BCT-TTTN-2020-dieu-hanh-kinh-doanh-xang-dau-442411,Công văn 3397/BCT-TTTN năm 2020 về điều hành kinh doanh xăng dầu do Bộ Công thương ban hành,,https://thuvienphapluat.vn/cong-van/Tai-chinh-nha-nuoc/Cong-van-3397-BCT-TTTN-2020-dieu-hanh-kinh-doanh-xang-dau-442411.aspx,fetched
Cong-van-3006-BCT-TTTN-2020-dieu-hanh-kinh-doanh-xang-dau-441182,Công văn 3006/BCT-TTTN năm 2020 về điều hành kinh doanh xăng dầu do Bộ Công thương ban hành,,https://thuvienphapluat.vn/cong-van/Thuong-mai/Cong-van-3006-BCT-TTTN-2020-dieu-hanh-kinh-doanh-xang-dau-441182.aspx,fetched
Cong-van-2587-BCT-TTTN-2020-dieu-hanh-kinh-doanh-xang-dau-439755,Công văn 2587/BCT-TTTN năm 2020 về điều hành kinh doanh xăng dầu do Bộ Công thương ban hành,,https://thuvienphapluat.vn/cong-van/Thuong-mai/Cong-van-2587-BCT-TTTN-2020-dieu-hanh-kinh-doanh-xang-dau-439755.aspx,fetched
Cong-van-1798-BCT-TTTN-2020-kinh-doanh-xang-dau-437649,Công văn 1798/BCT-TTTN năm 2020 về điều hành kinh doanh xăng dầu do Bộ Công thương ban hành,,https://thuvienphapluat.vn/cong-van/Thuong-mai/Cong-van-1798-BCT-TTTN-2020-kinh-doanh-xang-dau-437649.aspx,fetched
Cong-van-1373-BCT-TTTN-2020-dieu-hanh-kinh-doanh-xang-dau-509822,Công văn 1373/BCT-TTTN năm 2020 về điều hành kinh doanh xăng dầu do Bộ Công thương ban hành,,https://thuvienphapluat.vn/cong-van/Thuong-mai/Cong-van-1373-BCT-TTTN-2020-dieu-hanh-kinh-doanh-xang-dau-509822.aspx,fetched
Cong-van-944-BCT-TTTN-2020-dieu-hanh-kinh-doanh-xang-dau-435342,Công văn 944/BCT-TTTN năm 2020 về điều hành kinh doanh xăng dầu do Bộ Công thương ban hành,,https://thuvienphapluat.vn/cong-van/Thuong-mai/Cong-van-944-BCT-TTTN-2020-dieu-hanh-kinh-doanh-xang-dau-435342.aspx,fetched
Cong-van-343-BCT-TTTN-2020-dieu-hanh-kinh-doanh-xang-dau-432938,Công văn 343/BCT-TTTN năm 2020 về điều hành kinh doanh xăng dầu do Bộ Công thương ban hành,,https://thuvienphapluat.vn/cong-van/Thuong-mai/Cong-van-343-BCT-TTTN-2020-dieu-hanh-kinh-doanh-xang-dau-432938.aspx,fetch_failed
Cong-van-10162-BCT-TTTN-2019-dieu-hanh-kinh-doanh-xang-dau-511814,Công văn 10162/BCT-TTTN năm 2019 về điều hành kinh doanh xăng dầu do Bộ Công thương ban hành,,https://thuvienphapluat.vn/cong-van/Thuong-mai/Cong-van-10162-BCT-TTTN-2019-dieu-hanh-kinh-doanh-xang-dau-511814.aspx,fetched
Cong-van-9621-BCT-TTTN-2019-dieu-hanh-kinh-doanh-xang-dau-512342,Công văn 9621/BCT-TTTN năm 2019 về điều hành kinh doanh xăng dầu do Bộ Công thương ban hành,,https://thuvienphapluat.vn/cong-van/Thuong-mai/Cong-van-9621-BCT-TTTN-2019-dieu-hanh-kinh-doanh-xang-dau-512342.aspx,fetched
Cong-van-9139-BCT-TTTN-2019-dieu-hanh-kinh-doanh-xang-dau-512481,Công văn 9139/BCT-TTTN năm 2019 về điều hành kinh doanh xăng dầu do Bộ Công thương ban hành,,https://thuvienphapluat.vn/cong-van/Thuong-mai/Cong-van-9139-BCT-TTTN-2019-dieu-hanh-kinh-doanh-xang-dau-512481.aspx,fetched
Cong-van-8733-BCT-TTTN-2019-dieu-hanh-kinh-doanh-xang-dau-514194,Công văn 8733/BCT-TTTN năm 2019 về điều hành kinh doanh xăng dầu do Bộ Công thương ban hành,,https://thuvienphapluat.vn/cong-van/Thuong-mai/Cong-van-8733-BCT-TTTN-2019-dieu-hanh-kinh-doanh-xang-dau-514194.aspx,fetched
Cong-van-8258-BCT-TTTN-2019-dieu-hanh-kinh-doanh-xang-dau-427077,Công văn 8258/BCT-TTTN năm 2019 về điều hành kinh doanh xăng dầu do Bộ Công thương ban hành,,https://thuvienphapluat.vn/cong-van/Thuong-mai/Cong-van-8258-BCT-TTTN-2019-dieu-hanh-kinh-doanh-xang-dau-427077.aspx,fetched
Cong-van-7785-BCT-TTTN-2019-kinh-doanh-xang-dau-426252,Công văn 7785/BCT-TTTN năm 2019 về điều hành kinh doanh xăng dầu do Bộ Công thương ban hành,,https://thuvienphapluat.vn/cong-van/Thuong-mai/Cong-van-7785-BCT-TTTN-2019-kinh-doanh-xang-dau-426252.aspx,fetched
Cong-van-6817-BCT-TTTN-2019-dieu-hanh-kinh-doanh-xang-dau-424046,Công văn 6817/BCT-TTTN năm 2019 về điều hành kinh doanh xăng dầu do Bộ Công thương ban hành,,https://thuvienphapluat.vn/cong-van/Thuong-mai/Cong-van-6817-BCT-TTTN-2019-dieu-hanh-kinh-doanh-xang-dau-424046.aspx,fetched
Cong-van-6012-BCT-TTTN-2019-dieu-hanh-kinh-doanh-xang-dau-421225,Công văn 6012/BCT-TTTN năm 2019 về điều hành kinh doanh xăng dầu do Bộ Công thương ban hành,,https://thuvienphapluat.vn/cong-van/Thuong-mai/Cong-van-6012-BCT-TTTN-2019-dieu-hanh-kinh-doanh-xang-dau-421225.aspx,fetched
Cong-van-5531-BCT-TTTN-2019-ve-dieu-hanh-kinh-doanh-xang-dau-420105,Công văn 5531/BCT-TTTN năm 2019 về điều hành kinh doanh xăng dầu do Bộ Công thương ban hành,,https://thuvienphapluat.vn/cong-van/Thuong-mai/Cong-van-5531-BCT-TTTN-2019-ve-dieu-hanh-kinh-doanh-xang-dau-420105.aspx,fetched
Cong-van-5087-BCT-TTTN-2019-ve-dieu-hanh-kinh-doanh-xang-dau-418929,Công văn 5087/BCT-TTTN năm 2019 về điều hành kinh doanh xăng dầu do Bộ Công thương ban hành,,https://thuvienphapluat.vn/cong-van/Thuong-mai/Cong-van-5087-BCT-TTTN-2019-ve-dieu-hanh-kinh-doanh-xang-dau-418929.aspx,fetched
Cong-van-4720-BCT-TTTN-2019-ve-dieu-hanh-kinh-doanh-xang-dau-418753,Công văn 4720/BCT-TTTN năm 2019 về điều hành kinh doanh xăng dầu do Bộ Công thương ban hành,,https://thuvienphapluat.vn/cong-van/Thuong-mai/Cong-van-4720-BCT-TTTN-2019-ve-dieu-hanh-kinh-doanh-xang-dau-418753.aspx,fetched
Cong-van-4286-BCT-TTTN-2019-dieu-hanh-kinh-doah-xang-dau-416531,Công văn 4286/BCT-TTTN năm 2019 về điều hành kinh doanh xăng dầu do Bộ Công thương ban hành,,https://thuvienphapluat.vn/cong-van/Thuong-mai/Cong-van-4286-BCT-TTTN-2019-dieu-hanh-kinh-doah-xang-dau-416531.aspx,fetched
Cong-van-3864-BCT-TTTN-2019-ve-dieu-hanh-kinh-doanh-xang-dau-416102,Công văn 3864/BCT-TTTN năm 2019 về điều hành kinh doanh xăng dầu do Bộ Công thương ban hành,,https://thuvienphapluat.vn/cong-van/Thuong-mai/Cong-van-3864-BCT-TTTN-2019-ve-dieu-hanh-kinh-doanh-xang-dau-416102.aspx,fetched
Cong-van-3466-BCT-TTTN-2019-dieu-hanh-kinh-doanh-xang-dau-414220,Công văn 3466/BCT-TTTN năm 2019 về điều hành kinh doanh xăng dầu do Bộ Công thương ban hành,,https://thuvienphapluat.vn/cong-van/Thuong-mai/Cong-van-3466-BCT-TTTN-2019-dieu-hanh-kinh-doanh-xang-dau-414220.aspx,fetched
Cong-van-3006-BCT-TTTN-2019-dieu-hanh-kinh-doanh-xang-dau-412758,Công văn 3006/BCT-TTTN năm 2019 về điều hành kinh doanh xăng dầu do Bộ Công thương ban hành,,https://thuvienphapluat.vn/cong-van/Thuong-mai/Cong-van-3006-BCT-TTTN-2019-dieu-hanh-kinh-doanh-xang-dau-412758.aspx,fetched
Cong-van-2647-BCT-TTTN-2019-dieu-hanh-kinh-doanh-xang-dau-411767,Công văn 2647/BCT-TTTN năm 2019 về điều hành kinh doanh xăng dầu do Bộ Công thương ban hành,,https://thuvienphapluat.vn/cong-van/Thuong-mai/Cong-van-2647-BCT-TTTN-2019-dieu-hanh-kinh-doanh-xang-dau-411767.aspx,fetched
Cong-van-1363-BCT-TTTN-2019-dieu-hanh-kinh-doanh-xang-dau-410164,Công văn 1363/BCT-TTTN năm 2019 về điều hành kinh doanh xăng dầu do Bộ Công thương ban hành,,https://thuvienphapluat.vn/cong-van/Thuong-mai/Cong-van-1363-BCT-TTTN-2019-dieu-hanh-kinh-doanh-xang-dau-410164.aspx,fetched
Cong-van-8989-BCT-TTTN-2018-dieu-hanh-kinh-doanh-xang-dau-399015,Công văn 8989/BCT-TTTN năm 2018 về điều hành kinh doanh xăng dầu do Bộ Công thương ban hành,,https://thuvienphapluat.vn/cong-van/Thuong-mai/Cong-van-8989-BCT-TTTN-2018-dieu-hanh-kinh-doanh-xang-dau-399015.aspx,fetched
Cong-van-8563-BCT-TTTN-2018-dieu-hanh-kinh-doanh-xang-dau-397560,Công văn 8563/BCT-TTTN năm 2018 về điều hành kinh doanh xăng dầu do Bộ Công thương ban hành,,https://thuvienphapluat.vn/cong-van/Thuong-mai/Cong-van-8563-BCT-TTTN-2018-dieu-hanh-kinh-doanh-xang-dau-397560.aspx,fetched
Cong-van-7657-BCT-TTTN-2018-dieu-hanh-kinh-doanh-xang-dau-395197,Công văn 7657/BCT-TTTN năm 2018 về điều hành kinh doanh xăng dầu do Bộ Công thương ban hành,,https://thuvienphapluat.vn/cong-van/Thuong-mai/Cong-van-7657-BCT-TTTN-2018-dieu-hanh-kinh-doanh-xang-dau-395197.aspx,fetched
Cong-van-7194-BCT-TTTN-2018-dieu-hanh-kinh-doanh-xang-dau-393365,Công văn 7194/BCT-TTTN năm 2018 về điều hành kinh doanh xăng dầu do Bộ Công thương ban hành,,https://thuvienphapluat.vn/cong-van/Thuong-mai/Cong-van-7194-BCT-TTTN-2018-dieu-hanh-kinh-doanh-xang-dau-393365.aspx,fetched
Cong-van-6181-BCT-TTTN-2018-dieu-hanh-kinh-doanh-xang-dau-389885,Công văn 6181/BCT-TTTN năm 2018 về điều hành kinh doanh xăng dầu do Bộ Công thương ban hành,,https://thuvienphapluat.vn/cong-van/Thuong-mai/Cong-van-6181-BCT-TTTN-2018-dieu-hanh-kinh-doanh-xang-dau-389885.aspx,fetched
Cong-van-5778-BCT-TTTN-2018-dieu-hanh-kinh-doanh-xang-dau-388226,Công văn 5778/BCT-TTTN năm 2018 về điều hành kinh doanh xăng dầu do Bộ Công thương ban hành,,https://thuvienphapluat.vn/cong-van/Thuong-mai/Cong-van-5778-BCT-TTTN-2018-dieu-hanh-kinh-doanh-xang-dau-388226.aspx,fetched
Cong-van-4530-BCT-TTTN-2018-dieu-hanh-kinh-doanh-xang-dau-383741,Công văn 4530/BCT-TTTN năm 2018 về điều hành kinh doanh xăng dầu do Bộ Công thương ban hành,,https://thuvienphapluat.vn/cong-van/Thuong-mai/Cong-van-4530-BCT-TTTN-2018-dieu-hanh-kinh-doanh-xang-dau-383741.aspx,fetched
Cong-van-4057-BCT-TTTN-2018-dieu-hanh-kinh-doanh-xang-dau-382514,Công văn 4057/BCT-TTTN năm 2018 về điều hành kinh doanh xăng dầu do Bộ Công thương ban hành,,https://thuvienphapluat.vn/cong-van/Thuong-mai/Cong-van-4057-BCT-TTTN-2018-dieu-hanh-kinh-doanh-xang-dau-382514.aspx,fetched
Cong-van-3585-BCT-TTTN-2018-dieu-hanh-kinh-doanh-xang-dau-381286,Công văn 3585/BCT-TTTN năm 2018 về điều hành kinh doanh xăng dầu do Bộ Công thương ban hành,,https://thuvienphapluat.vn/cong-van/Thuong-mai/Cong-van-3585-BCT-TTTN-2018-dieu-hanh-kinh-doanh-xang-dau-381286.aspx,fetched
Cong-van-2243-BCT-TTTN-2018-dieu-hanh-kinh-doanh-xang-dau-387974,Công văn 2243/BCT-TTTN năm 2018 về điều hành kinh doanh xăng dầu do Bộ Công thương ban hành,,https://thuvienphapluat.vn/cong-van/Thuong-mai/Cong-van-2243-BCT-TTTN-2018-dieu-hanh-kinh-doanh-xang-dau-387974.aspx,fetched
Cong-van-1757-BCT-TTTN-2018-dieu-hanh-kinh-doanh-xang-dau-376238,Công văn 1757/BCT-TTTN năm 2018 về điều hành kinh doanh xăng dầu do Bộ Công thương ban hành,,https://thuvienphapluat.vn/cong-van/Thuong-mai/Cong-van-1757-BCT-TTTN-2018-dieu-hanh-kinh-doanh-xang-dau-376238.aspx,fetched
Cong-van-1377-BCT-TTTN-2018-dieu-hanh-kinh-doanh-xang-dau-374927,Công văn 1377/BCT-TTTN năm 2018 về điều hành kinh doanh xăng dầu do Bộ Công thương ban hành,,https://thuvienphapluat.vn/cong-van/Thuong-mai/Cong-van-1377-BCT-TTTN-2018-dieu-hanh-kinh-doanh-xang-dau-374927.aspx,fetched
Cong-van-1073-BCT-TTTN-2018-dieu-hanh-kinh-doanh-xang-dau-374438,Công văn 1073/BCT-TTTN năm 2018 về điều hành kinh doanh xăng dầu do Bộ Công thương ban hành,,https://thuvienphapluat.vn/cong-van/Thuong-mai/Cong-van-1073-BCT-TTTN-2018-dieu-hanh-kinh-doanh-xang-dau-374438.aspx,fetched
Cong-van-552-BCT-TTTN-2018-dieu-hanh-kinh-doanh-xang-dau-372752,Công văn 552/BCT-TTTN năm 2018 về điều hành kinh doanh xăng dầu do Bộ Công thương ban hành,,https://thuvienphapluat.vn/cong-van/Thuong-mai/Cong-van-552-BCT-TTTN-2018-dieu-hanh-kinh-doanh-xang-dau-372752.aspx,fetched
Cong-van-51-BCT-TTTN-2018-dieu-hanh-kinh-doanh-xang-dau-371492,Công văn 51/BCT-TTTN năm 2018 về điều hành kinh doanh xăng dầu do Bộ Công Thương ban hành,,https://thuvienphapluat.vn/cong-van/Thuong-mai/Cong-van-51-BCT-TTTN-2018-dieu-hanh-kinh-doanh-xang-dau-371492.aspx,fetched
Cong-van-11964-BCT-TTTN-2017-dieu-hanh-kinh-doanh-xang-dau-370234,Công văn 11964/BCT-TTTN năm 2017 về điều hành kinh doanh xăng dầu do Bộ Công thương ban hành,,https://thuvienphapluat.vn/cong-van/Thuong-mai/Cong-van-11964-BCT-TTTN-2017-dieu-hanh-kinh-doanh-xang-dau-370234.aspx,fetched
Cong-van-11448-BCT-TTTN-2017-dieu-hanh-kinh-doanh-xang-dau-368985,Công văn 11448/BCT-TTTN năm 2017 về điều hành kinh doanh xăng dầu do Bộ trưởng Bộ Công thương ban hành,,https://thuvienphapluat.vn/cong-van/Thuong-mai/Cong-van-11448-BCT-TTTN-2017-dieu-hanh-kinh-doanh-xang-dau-368985.aspx,fetched
Cong-van-10896-BCT-TTTN-2017-dieu-hanh-kinh-doanh-xang-dau-367626,Công văn 10896/BCT-TTTN năm 2017 về điều hành kinh doanh xăng dầu do Bộ Công thương ban hành,,https://thuvienphapluat.vn/cong-van/Thuong-mai/Cong-van-10896-BCT-TTTN-2017-dieu-hanh-kinh-doanh-xang-dau-367626.aspx,fetched
Cong-van-10365-BCT-TTTN-2017-dieu-hanh-kinh-doanh-xang-dau-366261,Công văn 10365/BCT-TTTN năm 2017 về điều hành kinh doanh xăng dầu do Bộ Công thương ban hành,,https://thuvienphapluat.vn/cong-van/Thuong-mai/Cong-van-10365-BCT-TTTN-2017-dieu-hanh-kinh-doanh-xang-dau-366261.aspx,fetched
Cong-van-9759-BCT-TTTN-2017-dieu-hanh-kinh-doanh-xang-dau-364831,Công văn 9759/BCT-TTTN năm 2017 về điều hành kinh doanh xăng dầu do Bộ Công thương ban hành,,https://thuvienphapluat.vn/cong-van/Thuong-mai/Cong-van-9759-BCT-TTTN-2017-dieu-hanh-kinh-doanh-xang-dau-364831.aspx,fetched
Cong-van-9278-BCT-TTTN-2017-dieu-hanh-kinh-doanh-xang-dau-363619,Công văn 9278/BCT-TTTN năm 2017 về điều hành kinh doanh xăng dầu do Bộ Công thương ban hành,,https://thuvienphapluat.vn/cong-van/Thuong-mai/Cong-van-9278-BCT-TTTN-2017-dieu-hanh-kinh-doanh-xang-dau-363619.aspx,fetched
Cong-van-8724-BCT-TTTN-2017-dieu-hanh-kinh-doanh-xang-dau-361833,Công văn 8724/BCT-TTTN năm 2017 điều hành kinh doanh xăng dầu do Bộ Công thương ban hành,,https://thuvienphapluat.vn/cong-van/Thuong-mai/Cong-van-8724-BCT-TTTN-2017-dieu-hanh-kinh-doanh-xang-dau-361833.aspx,fetched
Cong-van-8178-BCT-TTTN-2017-dieu-hanh-kinh-doanh-xang-dau-360655,Công văn 8178/BCT-TTTN năm 2017 điều hành kinh doanh xăng dầu do Bộ Công thương ban hành,,https://thuvienphapluat.vn/cong-van/Thuong-mai/Cong-van-8178-BCT-TTTN-2017-dieu-hanh-kinh-doanh-xang-dau-360655.aspx,fetched
Cong-van-7616-BCT-TTTN-2017-dieu-hanh-kinh-doanh-xang-dau-359409,Công văn 7616/BCT-TTTN năm 2017 về điều hành kinh doanh xăng dầu do Bộ Công thương ban hành,,https://thuvienphapluat.vn/cong-van/Thuong-mai/Cong-van-7616-BCT-TTTN-2017-dieu-hanh-kinh-doanh-xang-dau-359409.aspx,fetch_failed
Cong-van-7027-BCT-TTTN-2017-dieu-hanh-kinh-doanh-xang-dau-dau-moi-kinh-doanh-xang-dau-357804,Công văn 7027/BCT-TTTN năm 2017 điều hành kinh doanh xăng dầu do Bộ Công thương ban hành,,https://thuvienphapluat.vn/cong-van/Thuong-mai/Cong-van-7027-BCT-TTTN-2017-dieu-hanh-kinh-doanh-xang-dau-dau-moi-kinh-doanh-xang-dau-357804.aspx,fetched
Cong-van-6473-BCT-TTTN-2017-dieu-hanh-kinh-doanh-xang-dau-355818,Công văn 6473/BCT-TTTN năm 2017 điều hành kinh doanh xăng dầu do Bộ Công Thương ban hành,,https://thuvienphapluat.vn/cong-van/Thuong-mai/Cong-van-6473-BCT-TTTN-2017-dieu-hanh-kinh-doanh-xang-dau-355818.aspx,fetched
Quyet-dinh-5977-QD-BCT-2017-dieu-hanh-kinh-doanh-xang-dau-354025,Công văn 5977/BCT-TTTN năm 2017 điều hành kinh doanh xăng dầu do Bộ Công thương ban hành,,https://thuvienphapluat.vn/cong-van/Thuong-mai/Quyet-dinh-5977-QD-BCT-2017-dieu-hanh-kinh-doanh-xang-dau-354025.aspx,fetched
Cong-van-5430-BCT-TTTN-2017-dieu-hanh-kinh-doanh-xang-dau-352523,Công văn 5430/BCT-TTTN năm 2017 điều hành kinh doanh xăng dầu do Bộ Công thương ban hành,,https://thuvienphapluat.vn/cong-van/Thuong-mai/Cong-van-5430-BCT-TTTN-2017-dieu-hanh-kinh-doanh-xang-dau-352523.aspx,fetched
Cong-van-4442-BCT-TTTN-2017-dieu-hanh-kinh-doanh-xang-dau-349719,Công văn 4442/BCT-TTTN năm 2017 điều hành kinh doanh xăng dầu do Bộ Công Thương ban hành,,https://thuvienphapluat.vn/cong-van/Thuong-mai/Cong-van-4442-BCT-TTTN-2017-dieu-hanh-kinh-doanh-xang-dau-349719.aspx,fetched
Cong-van-3886-BCT-TTTN-dieu-hanh-kinh-doanh-xang-dau-2017-348294,Công văn 3886/BCT-TTTN năm 2017 điều hành kinh doanh xăng dầu do Bộ Công thương ban hành,,https://thuvienphapluat.vn/cong-van/Thuong-mai/Cong-van-3886-BCT-TTTN-dieu-hanh-kinh-doanh-xang-dau-2017-348294.aspx,fetched
Cong-van-3372-BCT-TTTN-dieu-hanh-kinh-doanh-xang-dau-2017-346707,Công văn 3372/BCT-TTTN năm 2017 điều hành kinh doanh xăng dầu do Bộ Công thương ban hành,,https://thuvienphapluat.vn/cong-van/Thuong-mai/Cong-van-3372-BCT-TTTN-dieu-hanh-kinh-doanh-xang-dau-2017-346707.aspx,fetched
Cong-van-2833-BCT-TTTN-dieu-hanh-kinh-doanh-xang-dau-2017-345987,Công văn 2833/BCT-TTTN năm 2017 điều hành kinh doanh xăng dầu do Bộ Công thương ban hành,,https://thuvienphapluat.vn/cong-van/Thuong-mai/Cong-van-2833-BCT-TTTN-dieu-hanh-kinh-doanh-xang-dau-2017-345987.aspx,fetched
Cong-van-2284-BCT-TTTN-dieu-hanh-kinh-doanh-xang-dau-2017-343184,Công văn 2284/BCT-TTTN năm 2017 điều hành kinh doanh xăng dầu do Bộ Công thương ban hành,,https://thuvienphapluat.vn/cong-van/Thuong-mai/Cong-van-2284-BCT-TTTN-dieu-hanh-kinh-doanh-xang-dau-2017-343184.aspx,fetched
Cong-van-1775-BCT-TTTN-dieu-hanh-kinh-doanh-xang-dau-2017-341514,Công văn 1775/BCT-TTTN năm 2017 điều hành kinh doanh xăng dầu do Bộ Công thương ban hành,,https://thuvienphapluat.vn/cong-van/Thuong-mai/Cong-van-1775-BCT-TTTN-dieu-hanh-kinh-doanh-xang-dau-2017-341514.aspx,fetched
Cong-van-1315-BCT-TTTN-dieu-hanh-kinh-doanh-xang-dau-2017-340087,Công văn 1315/BCT-TTTN năm 2017 điều hành kinh doanh xăng dầu do Bộ Công Thương ban hành,,https://thuvienphapluat.vn/cong-van/Thuong-mai/Cong-van-1315-BCT-TTTN-dieu-hanh-kinh-doanh-xang-dau-2017-340087.aspx,fetched
Cong-van-845-BCT-TTTN-dieu-hanh-kinh-doanh-xang-dau-2017-338394,Công văn 845/BCT-TTTN năm 2017 điều hành kinh doanh xăng dầu do Bộ Công thương ban hành,,https://thuvienphapluat.vn/cong-van/Thuong-mai/Cong-van-845-BCT-TTTN-dieu-hanh-kinh-doanh-xang-dau-2017-338394.aspx,fetched
Cong-van-562-BCT-TTTN-dieu-hanh-kinh-doanh-xang-dau-2017-337760,Công văn 562/BCT-TTTN năm 2017 điều hành kinh doanh xăng dầu do Bộ Công thương ban hành,,https://thuvienphapluat.vn/cong-van/Thuong-mai/Cong-van-562-BCT-TTTN-dieu-hanh-kinh-doanh-xang-dau-2017-337760.aspx,fetched
Cong-van-88-BCT-TTTN-dieu-hanh-kinh-doanh-xang-dau-2017-336302,Công văn 88/BCT-TTTN năm 2017 điều hành kinh doanh xăng dầu do Bộ Công thương ban hành,,https://thuvienphapluat.vn/cong-van/Thuong-mai/Cong-van-88-BCT-TTTN-dieu-hanh-kinh-doanh-xang-dau-2017-336302.aspx,fetched
Cong-van-12255-BCT-TTTN-dieu-hanh-kinh-doanh-xang-dau-2016-334659,Công văn 12255/BCT-TTTN năm 2016 về điều hành kinh doanh xăng dầu do Bộ Công thương ban hành,,https://thuvienphapluat.vn/cong-van/Thuong-mai/Cong-van-12255-BCT-TTTN-dieu-hanh-kinh-doanh-xang-dau-2016-334659.aspx,fetched
Cong-van-11674-BCT-TTTN-dieu-hanh-kinh-doanh-xang-dau-2016-332859,Công văn 11674/BCT-TTTN năm 2016 về điều hành kinh doanh xăng dầu do Bộ Công thương ban hành,,https://thuvienphapluat.vn/cong-van/Thuong-mai/Cong-van-11674-BCT-TTTN-dieu-hanh-kinh-doanh-xang-dau-2016-332859.aspx,fetched
Cong-van-11070-BCT-TTTN-dieu-hanh-kinh-doanh-xang-dau-2016-330517,Công văn 11070/BCT-TTTN năm 2016 về điều hành kinh doanh xăng dầu do Bộ Công thương ban hành,,https://thuvienphapluat.vn/cong-van/Thuong-mai/Cong-van-11070-BCT-TTTN-dieu-hanh-kinh-doanh-xang-dau-2016-330517.aspx,fetched
Cong-van-10541-BCT-TTTN-dieu-hanh-kinh-doanh-xang-dau-2016-328277,Công văn 10541/BCT-TTTN năm 2016 về điều hành kinh doanh xăng dầu do Bộ Công thương ban hành,,https://thuvienphapluat.vn/cong-van/Thuong-mai/Cong-van-10541-BCT-TTTN-dieu-hanh-kinh-doanh-xang-dau-2016-328277.aspx,fetched
Cong-van-9999-BCT-TTTN-dieu-hanh-kinh-doanh-xang-dau-2016-326326,Công văn 9999/BCT-TTTN năm 2016 điều hành kinh doanh xăng dầu do Bộ Công thương ban hành,,https://thuvienphapluat.vn/cong-van/Thuong-mai/Cong-van-9999-BCT-TTTN-dieu-hanh-kinh-doanh-xang-dau-2016-326326.aspx,fetched
Cong-van-9434-BCT-TTTN-dieu-hanh-kinh-doanh-xang-dau-2016-324589,Công văn 9434/BCT-TTTN năm 2016 điều hành kinh doanh xăng dầu do Bộ Công thương ban hành,,https://thuvienphapluat.vn/cong-van/Thuong-mai/Cong-van-9434-BCT-TTTN-dieu-hanh-kinh-doanh-xang-dau-2016-324589.aspx,fetched
Cong-van-2152-BTC-QLG-dieu-hanh-kinh-doanh-xang-dau-182386,Công văn 2152/BTC-QLG về điều hành kinh doanh xăng dầu do Bộ Tài chính ban hành,,https://thuvienphapluat.vn/cong-van/Thuong-mai/Cong-van-2152-BTC-QLG-dieu-hanh-kinh-doanh-xang-dau-182386.aspx,fetched
Cong-van-8811-BCT-TTTN-dieu-hanh-kinh-doanh-xang-dau-2016-322533,Công văn 8811/BCT-TTTN năm 2016 điều hành kinh doanh xăng dầu do Bộ Công thương ban hành,,https://thuvienphapluat.vn/cong-van/Thuong-mai/Cong-van-8811-BCT-TTTN-dieu-hanh-kinh-doanh-xang-dau-2016-322533.aspx,fetched
Cong-van-1441-BTC-QLG-dieu-hanh-kinh-doanh-xang-dau-169140,Công văn 1441/BTC-QLG điều hành kinh doanh xăng dầu do Bộ Tài chính ban hành,,https://thuvienphapluat.vn/cong-van/Thuong-mai/Cong-van-1441-BTC-QLG-dieu-hanh-kinh-doanh-xang-dau-169140.aspx,fetched
Cong-van-8239-BCT-TTTN-dieu-hanh-kinh-doanh-xang-dau-2016-321203,Công văn 8239/BCT-TTTN năm 2016 về điều hành kinh doanh xăng dầu do Bộ Công thương ban hành,,https://thuvienphapluat.vn/cong-van/Thuong-mai/Cong-van-8239-BCT-TTTN-dieu-hanh-kinh-doanh-xang-dau-2016-321203.aspx,fetched
Cong-van-7716-BCT-TTTN-dieu-hanh-kinh-doanh-xang-dau-2016-319967,Công văn 7716/BCT-TTTN năm 2016 về điều hành kinh doanh xăng dầu do Bộ Công thương ban hành,,https://thuvienphapluat.vn/cong-van/Thuong-mai/Cong-van-7716-BCT-TTTN-dieu-hanh-kinh-doanh-xang-dau-2016-319967.aspx,fetched
Cong-van-7204-BCT-TTTN-dieu-hanh-kinh-doanh-xang-dau-2016-318727,Công văn 7204/BCT-TTTN năm 2016 về điều hành kinh doanh xăng dầu do Bộ Công thương ban hành,,https://thuvienphapluat.vn/cong-van/Thuong-mai/Cong-van-7204-BCT-TTTN-dieu-hanh-kinh-doanh-xang-dau-2016-318727.aspx,fetched
Cong-van-6695-BCT-TTTN-dieu-hanh-kinh-doanh-xang-dau-2016-317530,Công văn 6695/BCT-TTTN năm 2016 về điều hành kinh doanh xăng dầu do Bộ Công thương ban hành,,https://thuvienphapluat.vn/cong-van/Thuong-mai/Cong-van-6695-BCT-TTTN-dieu-hanh-kinh-doanh-xang-dau-2016-317530.aspx,fetched
Cong-van-6056-BCT-TTTN-dieu-hanh-kinh-doanh-xang-dau-2016-316411,Công văn 6056/BCT-TTTN năm 2016 điều hành kinh doanh xăng dầu do Bộ Công thương ban hành,,https://thuvienphapluat.vn/cong-van/Thuong-mai/Cong-van-6056-BCT-TTTN-dieu-hanh-kinh-doanh-xang-dau-2016-316411.aspx,fetched
Cong-van-14915-BTC-QLG-dieu-hanh-kinh-doanh-xang-dau-150570,Công văn 14915/BTC-QLG về điều hành kinh doanh xăng dầu do Bộ Tài chính ban hành,,https://thuvienphapluat.vn/cong-van/Thuong-mai/Cong-van-14915-BTC-QLG-dieu-hanh-kinh-doanh-xang-dau-150570.aspx,fetched
Cong-van-5450-BCT-TTTTN-dieu-hanh-kinh-doanh-xang-dau-2016-314942,Công văn 5450/BCT-TTTN năm 2016 về điều hành kinh doanh xăng dầu do Bộ Công thương ban hành,,https://thuvienphapluat.vn/cong-van/Thuong-mai/Cong-van-5450-BCT-TTTTN-dieu-hanh-kinh-doanh-xang-dau-2016-314942.aspx,fetched
Cong-van-4951-BCT-TTTN-dieu-hanh-kinh-doanh-xang-dau-2016-313405,Công văn 4951/BCT-TTTN năm 2016 về điều hành kinh doanh xăng dầu do Bộ Công Thương ban hành,,https://thuvienphapluat.vn/cong-van/Thuong-mai/Cong-van-4951-BCT-TTTN-dieu-hanh-kinh-doanh-xang-dau-2016-313405.aspx,fetched
Cong-van-4353-BCT-TTTN-dieu-hanh-kinh-doanh-xang-dau-2016-311884,Công văn 4353/BCT-TTTN năm 2016 về điều hành kinh doanh xăng dầu do Bộ Công Thương ban hành,,https://thuvienphapluat.vn/cong-van/Thuong-mai/Cong-van-4353-BCT-TTTN-dieu-hanh-kinh-doanh-xang-dau-2016-311884.aspx,fetched
Cong-van-11534-BTC-QLG-dieu-hanh-kinh-doanh-xang-dau-146670,Công văn 11534/BTC-QLG điều hành kinh doanh xăng dầu do Bộ Tài chính ban hành,,https://thuvienphapluat.vn/cong-van/Thuong-mai/Cong-van-11534-BTC-QLG-dieu-hanh-kinh-doanh-xang-dau-146670.aspx,fetched
Cong-van-3835-BCT-TTTN-dieu-hanh-kinh-doanh-xang-dau-2016-310391,Công văn 3835/BCT-TTTN năm 2016 về điều hành kinh doanh xăng dầu do Bộ Công Thương ban hành,,https://thuvienphapluat.vn/cong-van/Thuong-mai/Cong-van-3835-BCT-TTTN-dieu-hanh-kinh-doanh-xang-dau-2016-310391.aspx,fetched
Cong-van-3407-BCT-TTTN-dieu-hanh-kinh-doanh-xang-dau-2016-309114,Công văn 3407/BCT-TTTN năm 2016 về điều hành kinh doanh xăng dầu do Bộ Công thương ban hành,,https://thuvienphapluat.vn/cong-van/Thuong-mai/Cong-van-3407-BCT-TTTN-dieu-hanh-kinh-doanh-xang-dau-2016-309114.aspx,fetched
Cong-van-10235-BTC-QLG-dieu-hanh-kinh-doanh-xang-dau-145022,Công văn 10235/BTC-QLG điều hành kinh doanh xăng dầu do Bộ Tài chính ban hành,,https://thuvienphapluat.vn/cong-van/Thuong-mai/Cong-van-10235-BTC-QLG-dieu-hanh-kinh-doanh-xang-dau-145022.aspx,fetched
Cong-van-2974-BCT-TTTN-dieu-hanh-kinh-doanh-xang-dau-2016-308003,Công văn 2974/BCT-TTTN năm 2016 về điều hành kinh doanh xăng dầu do Bộ Công thương ban hành,,https://thuvienphapluat.vn/cong-van/Thuong-mai/Cong-van-2974-BCT-TTTN-dieu-hanh-kinh-doanh-xang-dau-2016-308003.aspx,fetched
Cong-van-2427-BCT-TTTN-dieu-hanh-kinh-doanh-xang-dau-2016-306262,Công văn 2427/BCT-TTTN năm 2016 điều hành kinh doanh xăng dầu do Bộ Công thương ban hành,,https://thuvienphapluat.vn/cong-van/Thuong-mai/Cong-van-2427-BCT-TTTN-dieu-hanh-kinh-doanh-xang-dau-2016-306262.aspx,fetched
Cong-van-1851-BTC-TTTN-dieu-hanh-kinh-doanh-xang-dau-2016-304374,Công văn 1851/BCT-TTTN năm 2016 về điều hành kinh doanh xăng dầu do Bộ Công thương ban hành,,https://thuvienphapluat.vn/cong-van/Thuong-mai/Cong-van-1851-BTC-TTTN-dieu-hanh-kinh-doanh-xang-dau-2016-304374.aspx,fetch_failed
Cong-van-1407-BCT-TTTN-dieu-chinh-kinh-doanh-xang-dau-2016-302812,Công văn 1407/BCT-TTTN năm 2016 điều hành kinh doanh xăng dầu do Bộ Công thương ban hành,,https://thuvienphapluat.vn/cong-van/Thuong-mai/Cong-van-1407-BCT-TTTN-dieu-chinh-kinh-doanh-xang-dau-2016-302812.aspx,fetch_failed
Cong-van-1273-BCT-TTTN-dieu-hanh-kinh-doanh-xang-dau-2016-302261,Công văn 1273/BCT-TTTN năm 2016 về điều hành kinh doanh xăng dầu do Bộ Công thương ban hành,,https://thuvienphapluat.vn/cong-van/Thuong-mai/Cong-van-1273-BCT-TTTN-dieu-hanh-kinh-doanh-xang-dau-2016-302261.aspx,fetched
Cong-van-564-BCT-TTTN-dieu-hanh-kinh-doanh-xang-dau-2016-300827,Công văn 564/BCT-TTTN năm 2016 về điều hành kinh doanh xăng dầu do Bộ Công thương ban hành,,https://thuvienphapluat.vn/cong-van/Thuong-mai/Cong-van-564-BCT-TTTN-dieu-hanh-kinh-doanh-xang-dau-2016-300827.aspx,fetched
Cong-van-12-BCT-TTTN-dieu-hanh-kinh-doanh-xang-dau-2015-299509,Công văn 12/BCT-TTTN năm 2015 về điều hành kinh doanh xăng dầu do Bộ Công thương ban hành,,https://thuvienphapluat.vn/cong-van/Thuong-mai/Cong-van-12-BCT-TTTN-dieu-hanh-kinh-doanh-xang-dau-2015-299509.aspx,fetched
