crawl_date,detail_url,title,report_date,post_date,is_parsed
6/9/2026,https://www.petrolimex.com.vn/ndi/minh-bach-xang-dau/uoc-ton-quy-bog-tai-petrolimex-ngay-28-5-2026.html,Ước tồn Quỹ BOG tại Petrolimex ngày 28.5.2026,28.5.2026,28/05/2026,1
6/9/2026,https://www.petrolimex.com.vn/ndi/minh-bach-xang-dau/uoc-ton-quy-bog-tai-petrolimex-ngay-21-5-2026.html,Ước tồn Quỹ BOG tại Petrolimex ngày 21.5.2026,21.5.2026,21/05/2026,1
6/9/2026,https://www.petrolimex.com.vn/ndi/minh-bach-xang-dau/uoc-ton-quy-bog-tai-petrolimex-ngay-14-5-2026.html,Ước tồn Quỹ BOG tại Petrolimex ngày 14.5.2026,14.5.2026,14/05/2026,1
6/9/2026,https://www.petrolimex.com.vn/ndi/minh-bach-xang-dau/uoc-ton-quy-bog-tai-petrolimex-ngay-07-5-2026.html,Ước tồn Quỹ BOG tại Petrolimex ngày 07.5.2026,07.5.2026,7/5/2026,1
6/9/2026,https://www.petrolimex.com.vn/ndi/minh-bach-xang-dau/uoc-ton-quy-bog-tai-petrolimex-ngay-29-4-2026.html,Ước tồn Quỹ BOG tại Petrolimex ngày 29.4.2026,29.4.2026,29/04/2026,1
6/9/2026,https://www.petrolimex.com.vn/ndi/minh-bach-xang-dau/uoc-ton-quy-bog-tai-petrolimex-ngay-23-4-2026.html,Ước tồn Quỹ BOG tại Petrolimex ngày 23.4.2026,23.4.2026,23/04/2026,1
6/9/2026,https://www.petrolimex.com.vn/ndi/minh-bach-xang-dau/uoc-ton-quy-bog-tai-petrolimex-ngay-21-4-2026.html,Ước tồn Quỹ BOG tại Petrolimex ngày 21.4.2026,21.4.2026,21/04/2026,1
6/9/2026,https://www.petrolimex.com.vn/ndi/minh-bach-xang-dau/uoc-ton-quy-bog-tai-petrolimex-ngay-16-4-2026.html,Ước tồn Quỹ BOG tại Petrolimex ngày 16.4.2026,16.4.2026,16/04/2026,1
6/9/2026,https://www.petrolimex.com.vn/ndi/minh-bach-xang-dau/uoc-ton-quy-bog-tai-petrolimex-ngay-09-4-2026.html,Ước tồn Quỹ BOG tại Petrolimex ngày 09.4.2026,09.4.2026,9/4/2026,1
6/9/2026,https://www.petrolimex.com.vn/ndi/minh-bach-xang-dau/uoc-ton-quy-bog-tai-petrolimex-ngay-08-4-2026.html,Ước tồn Quỹ BOG tại Petrolimex ngày 08.4.2026,08.4.2026,8/4/2026,1
6/9/2026,https://www.petrolimex.com.vn/ndi/minh-bach-xang-dau/uoc-ton-quy-bog-tai-petrolimex-ngay-03-4-2026.html,Ước tồn Quỹ BOG tại Petrolimex ngày 03.4.2026,03.4.2026,3/4/2026,1
6/9/2026,https://www.petrolimex.com.vn/ndi/minh-bach-xang-dau/uoc-ton-quy-bog-tai-petrolimex-ngay-02-4-2026.html,Ước tồn Quỹ BOG tại Petrolimex ngày 02.4.2026,02.4.2026,2/4/2026,1
6/9/2026,https://www.petrolimex.com.vn/ndi/minh-bach-xang-dau/uoc-ton-quy-bog-tai-petrolimex-ngay-26-3-2026.html,Ước tồn Quỹ BOG tại Petrolimex ngày 26.3.2026,26.3.2026,26/03/2026,1
6/9/2026,https://www.petrolimex.com.vn/ndi/minh-bach-xang-dau/uoc-ton-quy-bog-tai-petrolimex-ngay-25-3-2026.html,Ước tồn Quỹ BOG tại Petrolimex ngày 25.3.2026,25.3.2026,25/03/2026,1
6/9/2026,https://www.petrolimex.com.vn/ndi/minh-bach-xang-dau/uoc-ton-quy-bog-tai-petrolimex-ngay-24-3-2026.html,Ước tồn Quỹ BOG tại Petrolimex ngày 24.3.2026,24.3.2026,24/03/2026,1
6/9/2026,https://www.petrolimex.com.vn/ndi/minh-bach-xang-dau/uoc-ton-quy-bog-tai-petrolimex-ngay-19-3-2026.html,Ước tồn Quỹ BOG tại Petrolimex ngày 19.3.2026,19.3.2026,19/03/2026,1
6/9/2026,https://www.petrolimex.com.vn/ndi/minh-bach-xang-dau/uoc-ton-quy-bog-tai-petrolimex-ngay-12-3-2026.html,Ước tồn Quỹ BOG tại Petrolimex ngày 12.3.2026,12.3.2026,12/3/2026,1
6/9/2026,https://www.petrolimex.com.vn/ndi/minh-bach-xang-dau/uoc-ton-quy-bog-tai-petrolimex-ngay-11-3-2026.html,Ước tồn Quỹ BOG tại Petrolimex ngày 11.3.2026,11.3.2026,11/3/2026,1
6/9/2026,https://www.petrolimex.com.vn/ndi/minh-bach-xang-dau/uoc-ton-quy-bog-tai-petrolimex-ngay-10-3-2026.html,Ước tồn Quỹ BOG tại Petrolimex ngày 10.3.2026,10.3.2026,10/3/2026,1
6/9/2026,https://www.petrolimex.com.vn/ndi/minh-bach-xang-dau/uoc-ton-quy-bog-tai-petrolimex-ngay-07-3-2026.html,Ước tồn Quỹ BOG tại Petrolimex ngày 07.3.2026,07.3.2026,7/3/2026,1
6/9/2026,https://www.petrolimex.com.vn/ndi/minh-bach-xang-dau/uoc-ton-quy-bog-tai-petrolimex-ngay-05-3-2026.html,Ước tồn Quỹ BOG tại Petrolimex ngày 05.3.2026,05.3.2026,5/3/2026,1
6/9/2026,https://www.petrolimex.com.vn/ndi/minh-bach-xang-dau/uoc-ton-quy-bog-tai-petrolimex-ngay-26-02-2026.html,Ước tồn Quỹ BOG tại Petrolimex ngày 26.02.2026,26.02.2026,26/02/2026,1
6/9/2026,https://www.petrolimex.com.vn/ndi/minh-bach-xang-dau/uoc-ton-quy-bog-tai-petrolimex-ngay-20-02-2026.html,Ước tồn Quỹ BOG tại Petrolimex ngày 20.02.2026,20.02.2026,20/02/2026,1
6/9/2026,https://www.petrolimex.com.vn/ndi/minh-bach-xang-dau/uoc-ton-quy-bog-tai-petrolimex-ngay-12-02-2026.html,Ước tồn Quỹ BOG tại Petrolimex ngày 12.02.2026,12.02.2026,12/2/2026,1
6/9/2026,https://www.petrolimex.com.vn/ndi/minh-bach-xang-dau/uoc-ton-quy-bog-tai-petrolimex-ngay-05-02-2026.html,Ước tồn Quỹ BOG tại Petrolimex ngày 05.02.2026,05.02.2026,5/2/2026,1
6/9/2026,https://www.petrolimex.com.vn/ndi/minh-bach-xang-dau/uoc-ton-quy-bog-tai-petrolimex-ngay-29-01-2026.html,Ước tồn Quỹ BOG tại Petrolimex ngày 29.01.2026,29.01.2026,29/01/2026,1
6/9/2026,https://www.petrolimex.com.vn/ndi/minh-bach-xang-dau/uoc-ton-quy-bog-tai-petrolimex-ngay-22-01-2026.html,Ước tồn Quỹ BOG tại Petrolimex ngày 22.01.2026,22.01.2026,22/01/2026,1
6/9/2026,https://www.petrolimex.com.vn/ndi/minh-bach-xang-dau/uoc-ton-quy-bog-tai-petrolimex-ngay-15-01-2026.html,Ước tồn Quỹ BOG tại Petrolimex ngày 15.01.2026,15.01.2026,15/01/2026,1
6/9/2026,https://www.petrolimex.com.vn/ndi/minh-bach-xang-dau/uoc-ton-quy-bog-tai-petrolimex-ngay-08-01-2026.html,Ước tồn Quỹ BOG tại Petrolimex ngày 08.01.2026,08.01.2026,8/1/2026,1
6/9/2026,https://www.petrolimex.com.vn/ndi/minh-bach-xang-dau/uoc-ton-quy-bog-tai-petrolimex-ngay-31-12-2025.html,Ước tồn Quỹ BOG tại Petrolimex ngày 31.12.2025,31.12.2025,31/12/2025,1
6/9/2026,https://www.petrolimex.com.vn/ndi/minh-bach-xang-dau/uoc-ton-quy-bog-tai-petrolimex-ngay-25-12-2025.html,Ước tồn Quỹ BOG tại Petrolimex ngày 25.12.2025,25.12.2025,25/12/2025,1
6/9/2026,https://www.petrolimex.com.vn/ndi/minh-bach-xang-dau/uoc-ton-quy-bog-tai-petrolimex-ngay-18-12-2025.html,Ước tồn Quỹ BOG tại Petrolimex ngày 18.12.2025,18.12.2025,18/12/2025,1
6/9/2026,https://www.petrolimex.com.vn/ndi/minh-bach-xang-dau/uoc-ton-quy-bog-tai-petrolimex-ngay-11-12-2025.html,Ước tồn Quỹ BOG tại Petrolimex ngày 11.12.2025,11.12.2025,11/12/2025,1
6/9/2026,https://www.petrolimex.com.vn/ndi/minh-bach-xang-dau/uoc-ton-quy-bog-tai-petrolimex-ngay-04-12-2025.html,Ước tồn Quỹ BOG tại Petrolimex ngày 04.12.2025,04.12.2025,4/12/2025,1
6/9/2026,https://www.petrolimex.com.vn/ndi/minh-bach-xang-dau/uoc-ton-quy-bog-tai-petrolimex-ngay-27-11-2025.html,Ước tồn Quỹ BOG tại Petrolimex ngày 27.11.2025,27.11.2025,27/11/2025,1
6/9/2026,https://www.petrolimex.com.vn/ndi/minh-bach-xang-dau/uoc-ton-quy-bog-tai-petrolimex-ngay-20-11-2025.html,Ước tồn Quỹ BOG tại Petrolimex ngày 20.11.2025,20.11.2025,20/11/2025,1
6/9/2026,https://www.petrolimex.com.vn/ndi/minh-bach-xang-dau/uoc-ton-quy-bog-tai-petrolimex-ngay-13-11-2025.html,Ước tồn Quỹ BOG tại Petrolimex ngày 13.11.2025,13.11.2025,13/11/2025,1
6/9/2026,https://www.petrolimex.com.vn/ndi/minh-bach-xang-dau/uoc-ton-quy-bog-tai-petrolimex-ngay-06-11-2025.html,Ước tồn Quỹ BOG tại Petrolimex ngày 06.11.2025,06.11.2025,6/11/2025,1
6/9/2026,https://www.petrolimex.com.vn/ndi/minh-bach-xang-dau/uoc-ton-quy-bog-tai-petrolimex-ngay-30-10-2025.html,Ước tồn Quỹ BOG tại Petrolimex ngày 30.10.2025,30.10.2025,30/10/2025,1
6/9/2026,https://www.petrolimex.com.vn/ndi/minh-bach-xang-dau/uoc-ton-quy-bog-tai-petrolimex-ngay-23-10-2025.html,Ước tồn Quỹ BOG tại Petrolimex ngày 23.10.2025,23.10.2025,23/10/2025,1
6/9/2026,https://www.petrolimex.com.vn/ndi/minh-bach-xang-dau/uoc-ton-quy-bog-tai-petrolimex-ngay-16-10-2025.html,Ước tồn Quỹ BOG tại Petrolimex ngày 16.10.2025,16.10.2025,16/10/2025,1
6/9/2026,https://www.petrolimex.com.vn/ndi/minh-bach-xang-dau/uoc-ton-quy-bog-tai-petrolimex-ngay-09-10-2025.html,Ước tồn Quỹ BOG tại Petrolimex ngày 09.10.2025,09.10.2025,9/10/2025,1
6/9/2026,https://www.petrolimex.com.vn/ndi/minh-bach-xang-dau/uoc-ton-quy-bog-tai-petrolimex-ngay-25-9-2025-1759390604-1389831543.html,Ước tồn Quỹ BOG tại Petrolimex ngày 02.10.2025,02.10.2025,2/10/2025,1
6/9/2026,https://www.petrolimex.com.vn/ndi/minh-bach-xang-dau/uoc-ton-quy-bog-tai-petrolimex-ngay-25-9-2025.html,Ước tồn Quỹ BOG tại Petrolimex ngày 25.9.2025,25.9.2025,25/09/2025,1
6/9/2026,https://www.petrolimex.com.vn/ndi/minh-bach-xang-dau/uoc-ton-quy-bog-tai-petrolimex-ngay-18-9-2025.html,Ước tồn Quỹ BOG tại Petrolimex ngày 18.9.2025,18.9.2025,18/09/2025,1
6/9/2026,https://www.petrolimex.com.vn/ndi/minh-bach-xang-dau/uoc-ton-quy-bog-tai-petrolimex-ngay-11-9-2025.html,Ước tồn Quỹ BOG tại Petrolimex ngày 11.9.2025,11.9.2025,11/9/2025,1
6/9/2026,https://www.petrolimex.com.vn/ndi/minh-bach-xang-dau/uoc-ton-quy-bog-tai-petrolimex-ngay-04-9-2025.html,Ước tồn Quỹ BOG tại Petrolimex ngày 04.9.2025,04.9.2025,4/9/2025,1
6/9/2026,https://www.petrolimex.com.vn/ndi/minh-bach-xang-dau/uoc-ton-quy-bog-tai-petrolimex-ngay-28-8-2025.html,Ước tồn Quỹ BOG tại Petrolimex ngày 28.8.2025,28.8.2025,28/08/2025,1
6/9/2026,https://www.petrolimex.com.vn/ndi/minh-bach-xang-dau/uoc-ton-quy-bog-tai-petrolimex-ngay-21-8-2025.html,Ước tồn Quỹ BOG tại Petrolimex ngày 21.8.2025,21.8.2025,21/08/2025,1
6/9/2026,https://www.petrolimex.com.vn/ndi/minh-bach-xang-dau/uoc-ton-quy-bog-tai-petrolimex-ngay-07-8-2025.html,Ước tồn Quỹ BOG tại Petrolimex ngày 14.8.2025,14.8.2025,14/08/2025,1
6/9/2026,https://www.petrolimex.com.vn/ndi/minh-bach-xang-dau/uoc-ton-quy-bog-tai-petrolimex-ngay-7-8-2025.html,Ước tồn Quỹ BOG tại Petrolimex ngày 07.8.2025,07.8.2025,7/8/2025,1
6/9/2026,https://www.petrolimex.com.vn/ndi/minh-bach-xang-dau/uoc-ton-quy-bog-tai-petrolimex-ngay-31-7-2025.html,Ước tồn Quỹ BOG tại Petrolimex ngày 31.7.2025,31.7.2025,31/07/2025,1
6/9/2026,https://www.petrolimex.com.vn/ndi/minh-bach-xang-dau/uoc-ton-quy-bog-tai-petrolimex-ngay-24-7-2025.html,Ước tồn Quỹ BOG tại Petrolimex ngày 24.7.2025,24.7.2025,24/07/2025,1
6/9/2026,https://www.petrolimex.com.vn/ndi/minh-bach-xang-dau/uoc-ton-quy-bog-tai-petrolimex-ngay-17-7-2025.html,Ước tồn Quỹ BOG tại Petrolimex ngày 17.7.2025,17.7.2025,17/07/2025,1
6/9/2026,https://www.petrolimex.com.vn/ndi/minh-bach-xang-dau/uoc-ton-quy-bog-tai-petrolimex-ngay-10-7-2025.html,Ước tồn Quỹ BOG tại Petrolimex ngày 10.7.2025,10.7.2025,10/7/2025,1
6/9/2026,https://www.petrolimex.com.vn/ndi/minh-bach-xang-dau/uoc-ton-quy-bog-tai-petrolimex-ngay-03-7-2025.html,Ước tồn Quỹ BOG tại Petrolimex ngày 03.7.2025,03.7.2025,3/7/2025,1
6/9/2026,https://www.petrolimex.com.vn/ndi/minh-bach-xang-dau/uoc-ton-quy-bog-tai-petrolimex-ngay-01-7-2025.html,Ước tồn Quỹ BOG tại Petrolimex ngày 01.7.2025,01.7.2025,30/06/2025,1
6/9/2026,https://www.petrolimex.com.vn/ndi/minh-bach-xang-dau/uoc-ton-quy-bog-tai-petrolimex-ngay-26-6-2025.html,Ước tồn Quỹ BOG tại Petrolimex ngày 26.6.2025,26.6.2025,26/06/2025,1
6/9/2026,https://www.petrolimex.com.vn/ndi/minh-bach-xang-dau/uoc-ton-quy-bog-tai-petrolimex-ngay-19-6-2025.html,Ước tồn Quỹ BOG tại Petrolimex ngày 19.6.2025,19.6.2025,19/06/2025,1
6/9/2026,https://www.petrolimex.com.vn/ndi/minh-bach-xang-dau/uoc-ton-quy-bog-tai-petrolimex-ngay-12-6-2025.html,Ước tồn Quỹ BOG tại Petrolimex ngày 12.6.2025,12.6.2025,12/6/2025,1
6/9/2026,https://www.petrolimex.com.vn/ndi/minh-bach-xang-dau/uoc-ton-quy-bog-tai-petrolimex-ngay-05-6-2025.html,Ước tồn Quỹ BOG tại Petrolimex ngày 05.6.2025,05.6.2025,5/6/2025,1
6/9/2026,https://www.petrolimex.com.vn/ndi/minh-bach-xang-dau/uoc-ton-quy-bog-tai-petrolimex-ngay-29-5-2025.html,Ước tồn Quỹ BOG tại Petrolimex ngày 29.5.2025,29.5.2025,29/05/2025,1
6/9/2026,https://www.petrolimex.com.vn/ndi/minh-bach-xang-dau/uoc-ton-quy-bog-tai-petrolimex-ngay-22-5-2025.html,Ước tồn Quỹ BOG tại Petrolimex ngày 22.5.2025,22.5.2025,22/05/2025,1
6/9/2026,https://www.petrolimex.com.vn/ndi/minh-bach-xang-dau/uoc-ton-quy-bog-tai-petrolimex-ngay-15-5-2025.html,Ước tồn Quỹ BOG tại Petrolimex ngày 15.5.2025,15.5.2025,15/05/2025,1
6/9/2026,https://www.petrolimex.com.vn/ndi/minh-bach-xang-dau/uoc-ton-quy-bog-tai-petrolimex-ngay-8-5-2025.html,Ước tồn Quỹ BOG tại Petrolimex ngày 8.5.2025,8.5.2025,8/5/2025,1
6/9/2026,https://www.petrolimex.com.vn/ndi/minh-bach-xang-dau/uoc-ton-quy-bog-tai-petrolimex-ngay-5-5-2025.html,Ước tồn Quỹ BOG tại Petrolimex ngày 5.5.2025,5.5.2025,5/5/2025,1
6/9/2026,https://www.petrolimex.com.vn/ndi/minh-bach-xang-dau/uoc-ton-quy-bog-tai-petrolimex-ngay-24-4-2025.html,Ước tồn Quỹ BOG tại Petrolimex ngày 24.4.2025,24.4.2025,24/04/2025,1
6/9/2026,https://www.petrolimex.com.vn/ndi/minh-bach-xang-dau/uoc-ton-quy-bog-tai-petrolimex-ngay-17-04-2025.html,Ước tồn Quỹ BOG tại Petrolimex ngày 17.04.2025,17.04.2025,17/04/2025,1
6/9/2026,https://www.petrolimex.com.vn/ndi/minh-bach-xang-dau/uoc-ton-quy-bog-tai-petrolimex-ngay-10-04-2025.html,Ước tồn Quỹ BOG tại Petrolimex ngày 10.04.2025,10.04.2025,10/4/2025,1
6/9/2026,https://www.petrolimex.com.vn/ndi/minh-bach-xang-dau/uoc-ton-quy-bog-tai-petrolimex-ngay-03-04-2025.html,Ước tồn Quỹ BOG tại Petrolimex ngày 03.04.2025,03.04.2025,3/4/2025,1
6/9/2026,https://www.petrolimex.com.vn/ndi/minh-bach-xang-dau/uoc-ton-quy-bog-tai-petrolimex-ngay-27-03-2025.html,Ước tồn Quỹ BOG tại Petrolimex ngày 27.03.2025,27.03.2025,27/03/2025,1
6/9/2026,https://www.petrolimex.com.vn/ndi/minh-bach-xang-dau/uoc-ton-quy-bog-tai-petrolimex-ngay-20-03-2025.html,Ước tồn Quỹ BOG tại Petrolimex ngày 20.03.2025,20.03.2025,20/03/2025,1
6/9/2026,https://www.petrolimex.com.vn/ndi/minh-bach-xang-dau/uoc-ton-quy-bog-tai-petrolimex-ngay-13-03-2025.html,Ước tồn Quỹ BOG tại Petrolimex ngày 13.03.2025,13.03.2025,13/03/2025,1
6/9/2026,https://www.petrolimex.com.vn/ndi/minh-bach-xang-dau/uoc-ton-quy-bog-tai-petrolimex-ngay-06-03-2025.html,Ước tồn Quỹ BOG tại Petrolimex ngày 06.03.2025,06.03.2025,6/3/2025,1
6/9/2026,https://www.petrolimex.com.vn/ndi/minh-bach-xang-dau/uoc-ton-quy-bog-tai-petrolimex-ngay-27-02-2025.html,Ước tồn Quỹ BOG tại Petrolimex ngày 27.02.2025,27.02.2025,27/02/2025,1
6/9/2026,https://www.petrolimex.com.vn/ndi/minh-bach-xang-dau/uoc-ton-quy-bog-tai-petrolimex-ngay-20-02-2025.html,Ước tồn Quỹ BOG tại Petrolimex ngày 20.02.2025,20.02.2025,20/02/2025,1
6/9/2026,https://www.petrolimex.com.vn/ndi/minh-bach-xang-dau/uoc-ton-quy-bog-tai-petrolimex-ngay-13-02-2025.html,Ước tồn Quỹ BOG tại Petrolimex ngày 13.02.2025,13.02.2025,13/02/2025,1
6/9/2026,https://www.petrolimex.com.vn/ndi/minh-bach-xang-dau/uoc-ton-quy-bog-tai-petrolimex-ngay-06-02-2025.html,Ước tồn Quỹ BOG tại Petrolimex ngày 06.02.2025,06.02.2025,6/2/2025,1
6/9/2026,https://www.petrolimex.com.vn/ndi/minh-bach-xang-dau/uoc-ton-quy-bog-tai-petrolimex-ngay-01-02-2025.html,Ước tồn Quỹ BOG tại Petrolimex ngày 01.02.2025,01.02.2025,1/2/2025,1
6/9/2026,https://www.petrolimex.com.vn/ndi/minh-bach-xang-dau/uoc-ton-quy-bog-tai-petrolimex-ngay-23-01-2025.html,Ước tồn Quỹ BOG tại Petrolimex ngày 23.01.2025,23.01.2025,23/01/2025,1
6/9/2026,https://www.petrolimex.com.vn/ndi/minh-bach-xang-dau/uoc-ton-quy-bog-tai-petrolimex-ngay-16-01-2025.html,Ước tồn Quỹ BOG tại Petrolimex ngày 16.01.2025,16.01.2025,16/01/2025,1
6/9/2026,https://www.petrolimex.com.vn/ndi/minh-bach-xang-dau/uoc-ton-quy-bog-tai-petrolimex-ngay-09-01-2025.html,Ước tồn Quỹ BOG tại Petrolimex ngày 09.01.2025,09.01.2025,9/1/2025,1
6/9/2026,https://www.petrolimex.com.vn/ndi/minh-bach-xang-dau/uoc-ton-quy-bog-tai-petrolimex-ngay-02-01-2025.html,Ước tồn Quỹ BOG tại Petrolimex ngày 02.01.2025,02.01.2025,2/1/2025,1
6/9/2026,https://www.petrolimex.com.vn/ndi/minh-bach-xang-dau/uoc-ton-quy-bog-tai-petrolimex-ngay-26-12-2024.html,Ước tồn Quỹ BOG tại Petrolimex ngày 26.12.2024,26.12.2024,26/12/2024,1
6/9/2026,https://www.petrolimex.com.vn/ndi/minh-bach-xang-dau/uoc-ton-quy-bog-tai-petrolimex-ngay-19-12-2024.html,Ước tồn Quỹ BOG tại Petrolimex ngày 19.12.2024,19.12.2024,19/12/2024,1
6/9/2026,https://www.petrolimex.com.vn/ndi/minh-bach-xang-dau/uoc-ton-quy-bog-tai-petrolimex-ngay-12-12-2024.html,Ước tồn Quỹ BOG tại Petrolimex ngày 12.12.2024,12.12.2024,12/12/2024,1
6/9/2026,https://www.petrolimex.com.vn/ndi/minh-bach-xang-dau/uoc-ton-quy-bog-tai-petrolimex-ngay-05-12-2024.html,Ước tồn Quỹ BOG tại Petrolimex ngày 05.12.2024,05.12.2024,5/12/2024,1
6/9/2026,https://www.petrolimex.com.vn/ndi/minh-bach-xang-dau/uoc-ton-quy-bog-tai-petrolimex-ngay-28-11-2024.html,Ước tồn Quỹ BOG tại Petrolimex ngày 28.11.2024,28.11.2024,28/11/2024,1
6/9/2026,https://www.petrolimex.com.vn/ndi/minh-bach-xang-dau/uoc-ton-quy-bog-tai-petrolimex-ngay-21-11-2024.html,Ước tồn Quỹ BOG tại Petrolimex ngày 21.11.2024,21.11.2024,21/11/2024,1
6/9/2026,https://www.petrolimex.com.vn/ndi/minh-bach-xang-dau/uoc-ton-quy-bog-tai-petrolimex-ngay-14-11-2024.html,Ước tồn Quỹ BOG tại Petrolimex ngày 14.11.2024,14.11.2024,14/11/2024,1
6/9/2026,https://www.petrolimex.com.vn/ndi/minh-bach-xang-dau/uoc-ton-quy-bog-tai-petrolimex-ngay-07-11-2024.html,Ước tồn Quỹ BOG tại Petrolimex ngày 07.11.2024,07.11.2024,7/11/2024,1
6/9/2026,https://www.petrolimex.com.vn/ndi/minh-bach-xang-dau/uoc-ton-quy-bog-tai-petrolimex-ngay-31-10-2024.html,Ước tồn Quỹ BOG tại Petrolimex ngày 31.10.2024,31.10.2024,31/10/2024,1
6/9/2026,https://www.petrolimex.com.vn/ndi/minh-bach-xang-dau/uoc-ton-quy-bog-tai-petrolimex-ngay-17-10-2024-1729754548-144995563.html,Ước tồn Quỹ BOG tại Petrolimex ngày 24.10.2024,24.10.2024,24/10/2024,1
6/9/2026,https://www.petrolimex.com.vn/ndi/minh-bach-xang-dau/uoc-ton-quy-bog-tai-petrolimex-ngay-17-10-2024.html,Ước tồn Quỹ BOG tại Petrolimex ngày 17.10.2024,17.10.2024,17/10/2024,1
6/9/2026,https://www.petrolimex.com.vn/ndi/minh-bach-xang-dau/uoc-ton-quy-bog-tai-petrolimex-ngay-10-10-2024.html,Ước tồn Quỹ BOG tại Petrolimex ngày 10.10.2024,10.10.2024,10/10/2024,1
6/9/2026,https://www.petrolimex.com.vn/ndi/minh-bach-xang-dau/uoc-ton-quy-bog-tai-petrolimex-ngay-03-10-2024.html,Ước tồn Quỹ BOG tại Petrolimex ngày 03.10.2024,03.10.2024,3/10/2024,1
6/9/2026,https://www.petrolimex.com.vn/ndi/minh-bach-xang-dau/uoc-ton-quy-bog-tai-petrolimex-ngay-26-9-2024.html,Ước tồn Quỹ BOG tại Petrolimex ngày 26.9.2024,26.9.2024,26/09/2024,1
6/9/2026,https://www.petrolimex.com.vn/ndi/minh-bach-xang-dau/uoc-ton-quy-bog-tai-petrolimex-ngay-19-9-2024.html,Ước tồn Quỹ BOG tại Petrolimex ngày 19.9.2024,19.9.2024,19/09/2024,1
6/9/2026,https://www.petrolimex.com.vn/ndi/minh-bach-xang-dau/uoc-ton-quy-bog-tai-petrolimex-ngay-12-9-2024.html,Ước tồn Quỹ BOG tại Petrolimex ngày 12.9.2024,12.9.2024,12/9/2024,1
6/9/2026,https://www.petrolimex.com.vn/ndi/minh-bach-xang-dau/uoc-ton-quy-bog-tai-petrolimex-ngay-05-9-2024.html,Ước tồn Quỹ BOG tại Petrolimex ngày 05.9.2024,05.9.2024,5/9/2024,1
6/9/2026,https://www.petrolimex.com.vn/ndi/minh-bach-xang-dau/uoc-ton-quy-bog-tai-petrolimex-ngay-29-8-2024.html,Ước tồn Quỹ BOG tại Petrolimex ngày 29.8.2024,29.8.2024,29/08/2024,1
6/9/2026,https://www.petrolimex.com.vn/ndi/minh-bach-xang-dau/uoc-ton-quy-bog-tai-petrolimex-ngay-22-8-2024.html,Ước tồn Quỹ BOG tại Petrolimex ngày 22.8.2024,22.8.2024,22/08/2024,1
6/9/2026,https://www.petrolimex.com.vn/ndi/minh-bach-xang-dau/uoc-ton-quy-bog-tai-petrolimex-ngay-15-8-2024.html,Ước tồn Quỹ BOG tại Petrolimex ngày 15.8.2024,15.8.2024,15/08/2024,1
6/9/2026,https://www.petrolimex.com.vn/ndi/minh-bach-xang-dau/uoc-ton-quy-bog-tai-petrolimex-ngay-08-8-2024.html,Ước tồn Quỹ BOG tại Petrolimex ngày 08.8.2024,08.8.2024,8/8/2024,1
6/9/2026,https://www.petrolimex.com.vn/ndi/minh-bach-xang-dau/uoc-ton-quy-bog-tai-petrolimex-ngay-01-8-2024.html,Ước tồn Quỹ BOG tại Petrolimex ngày 01.8.2024,01.8.2024,1/8/2024,1
6/9/2026,https://www.petrolimex.com.vn/ndi/minh-bach-xang-dau/uoc-ton-quy-bog-tai-petrolimex-ngay-25-7-2024.html,Ước tồn Quỹ BOG tại Petrolimex ngày 25.7.2024,25.7.2024,25/07/2024,1
6/9/2026,https://www.petrolimex.com.vn/ndi/minh-bach-xang-dau/uoc-ton-quy-bog-tai-petrolimex-ngay-18-7-2024.html,Ước tồn Quỹ BOG tại Petrolimex ngày 18.7.2024,18.7.2024,18/07/2024,1
6/9/2026,https://www.petrolimex.com.vn/ndi/minh-bach-xang-dau/uoc-ton-quy-bog-tai-petrolimex-ngay-11-7-2024.html,Ước tồn Quỹ BOG tại Petrolimex ngày 11.7.2024,11.7.2024,11/7/2024,1
6/9/2026,https://www.petrolimex.com.vn/ndi/minh-bach-xang-dau/uoc-ton-quy-bog-tai-petrolimex-ngay-04-7-2024.html,Ước tồn Quỹ BOG tại Petrolimex ngày 04.7.2024,04.7.2024,4/7/2024,1
6/9/2026,https://www.petrolimex.com.vn/ndi/minh-bach-xang-dau/uoc-ton-quy-bog-tai-petrolimex-ngay-27-6-2024.html,Ước tồn Quỹ BOG tại Petrolimex ngày 27.6.2024,27.6.2024,27/06/2024,1
6/9/2026,https://www.petrolimex.com.vn/ndi/minh-bach-xang-dau/uoc-ton-quy-bog-tai-petrolimex-ngay-20-6-2024.html,Ước tồn Quỹ BOG tại Petrolimex ngày 20.6.2024,20.6.2024,20/06/2024,1
6/9/2026,https://www.petrolimex.com.vn/ndi/minh-bach-xang-dau/uoc-ton-quy-bog-tai-petrolimex-ngay-13-6-2024.html,Ước tồn Quỹ BOG tại Petrolimex ngày 13.6.2024,13.6.2024,13/06/2024,1
6/9/2026,https://www.petrolimex.com.vn/ndi/minh-bach-xang-dau/uoc-ton-quy-bog-tai-petrolimex-ngay-06-6-2024.html,Ước tồn Quỹ BOG tại Petrolimex ngày 06.6.2024,06.6.2024,6/6/2024,1
6/9/2026,https://www.petrolimex.com.vn/ndi/minh-bach-xang-dau/uoc-ton-quy-bog-tai-petrolimex-ngay-30-5-2024.html,Ước tồn Quỹ BOG tại Petrolimex ngày 30.5.2024,30.5.2024,30/05/2024,1
6/9/2026,https://www.petrolimex.com.vn/ndi/minh-bach-xang-dau/uoc-ton-quy-bog-tai-petrolimex-ngay-23-5-2024.html,Ước tồn Quỹ BOG tại Petrolimex ngày 23.5.2024,23.5.2024,23/05/2024,1
6/9/2026,https://www.petrolimex.com.vn/ndi/minh-bach-xang-dau/uoc-ton-quy-bog-tai-petrolimex-ngay-16-5-2024.html,Ước tồn Quỹ BOG tại Petrolimex ngày 16.5.2024,16.5.2024,16/05/2024,1
6/9/2026,https://www.petrolimex.com.vn/ndi/minh-bach-xang-dau/uoc-ton-quy-bog-tai-petrolimex-ngay-09-5-2024.html,Ước tồn Quỹ BOG tại Petrolimex ngày 09.5.2024,09.5.2024,9/5/2024,1
6/9/2026,https://www.petrolimex.com.vn/ndi/minh-bach-xang-dau/uoc-ton-quy-bog-tai-petrolimex-ngay-02-5-2024.html,Ước tồn Quỹ BOG tại Petrolimex ngày 02.5.2024,02.5.2024,2/5/2024,1
6/9/2026,https://www.petrolimex.com.vn/ndi/minh-bach-xang-dau/uoc-ton-quy-bog-tai-petrolimex-ngay-25-4-2024.html,Ước tồn Quỹ BOG tại Petrolimex ngày 25.4.2024,25.4.2024,25/04/2024,1
6/9/2026,https://www.petrolimex.com.vn/ndi/minh-bach-xang-dau/uoc-ton-quy-bog-tai-petrolimex-ngay-11-4-2024.html,Ước tồn Quỹ BOG tại Petrolimex ngày 17.4.2024,17.4.2024,17/04/2024,1
6/9/2026,https://www.petrolimex.com.vn/ndi/minh-bach-xang-dau/uoc-ton.html,Ước tồn Quỹ BOG tại Petrolimex ngày 11.4.2024,11.4.2024,11/4/2024,1
6/9/2026,https://www.petrolimex.com.vn/ndi/minh-bach-xang-dau/uoc-ton-quy-bog-tai-petrolimex-ngay-04-04-2024.html,Ước tồn Quỹ BOG tại Petrolimex ngày 04.04.2024,04.04.2024,4/4/2024,1
6/9/2026,https://www.petrolimex.com.vn/ndi/minh-bach-xang-dau/uoc-ton-quy-bog-tai-petrolimex-ngay-28-03-2024.html,Ước tồn Quỹ BOG tại Petrolimex ngày 28.03.2024,28.03.2024,28/03/2024,1
6/9/2026,https://www.petrolimex.com.vn/ndi/minh-bach-xang-dau/uoc-ton-quy-bog-tai-petrolimex-ngay-21-03-2024.html,Ước tồn Quỹ BOG tại Petrolimex ngày 21.03.2024,21.03.2024,21/03/2024,1
6/9/2026,https://www.petrolimex.com.vn/ndi/minh-bach-xang-dau/uoc-ton-quy-bog-tai-petrolimex-ngay-14-03-2024.html,Ước tồn Quỹ BOG tại Petrolimex ngày 14.03.2024,14.03.2024,14/03/2024,1
6/9/2026,https://www.petrolimex.com.vn/ndi/minh-bach-xang-dau/uoc-ton-quy-bog-tai-petrolimex-ngay-07-03-2024.html,Ước tồn Quỹ BOG tại Petrolimex ngày 07.03.2024,07.03.2024,7/3/2024,1
6/9/2026,https://www.petrolimex.com.vn/ndi/minh-bach-xang-dau/uoc-ton-quy-bog-tai-petrolimex-ngay-29-02-2024.html,Ước tồn Quỹ BOG tại Petrolimex ngày 29.02.2024,29.02.2024,29/02/2024,1
6/9/2026,https://www.petrolimex.com.vn/ndi/minh-bach-xang-dau/uoc-ton-quy-bog-tai-petrolimex-ngay-22-02-2024.html,Ước tồn Quỹ BOG tại Petrolimex ngày 22.02.2024,22.02.2024,22/02/2024,1
6/9/2026,https://www.petrolimex.com.vn/ndi/minh-bach-xang-dau/uoc-ton-quy-bog-tai-petrolimex-ngay-15-02-2024.html,Ước tồn Quỹ BOG tại Petrolimex ngày 15.02.2024,15.02.2024,15/02/2024,1
6/9/2026,https://www.petrolimex.com.vn/ndi/minh-bach-xang-dau/uoc-ton-quy-bog-tai-petrolimex-ngay-08-02-2024.html,Ước tồn Quỹ BOG tại Petrolimex ngày 08.02.2024,08.02.2024,8/2/2024,1
6/9/2026,https://www.petrolimex.com.vn/ndi/minh-bach-xang-dau/uoc-ton-quy-bog-tai-petrolimex-ngay-01-02-2024.html,Ước tồn Quỹ BOG tại Petrolimex ngày 01.02.2024,01.02.2024,1/2/2024,1
6/9/2026,https://www.petrolimex.com.vn/ndi/minh-bach-xang-dau/uoc-ton-quy-bog-tai-petrolimex-ngay-25-01-2024.html,Ước tồn Quỹ BOG tại Petrolimex ngày 25.01.2024,25.01.2024,25/01/2024,1
6/9/2026,https://www.petrolimex.com.vn/ndi/minh-bach-xang-dau/uoc-ton-quy-bog-tai-petrolimex-ngay-18-01-2024.html,Ước tồn Quỹ BOG tại Petrolimex ngày 18.01.2024,18.01.2024,18/01/2024,1
6/9/2026,https://www.petrolimex.com.vn/ndi/minh-bach-xang-dau/uoc-ton-quy-bog-tai-petrolimex-ngay-11-01-2024.html,Ước tồn Quỹ BOG tại Petrolimex ngày 11.01.2024,11.01.2024,11/1/2024,1
6/9/2026,https://www.petrolimex.com.vn/ndi/minh-bach-xang-dau/uoc-ton-quy-bog-tai-petrolimex-ngay-04-01-2024-petrolimex.html,Ước tồn Quỹ BOG tại Petrolimex ngày 04.01.2024,04.01.2024,4/1/2024,1
6/9/2026,https://www.petrolimex.com.vn/ndi/minh-bach-xang-dau/uoc-ton-quy-bog-tai-petrolimex-ngay-28-12-2023.html,Ước tồn Quỹ BOG tại Petrolimex ngày 28.12.2023,28.12.2023,28/12/2023,1
6/9/2026,https://www.petrolimex.com.vn/ndi/minh-bach-xang-dau/uoc-ton-quy-bog-tai-petrolimex-ngay-21-12-2023.html,Ước tồn Quỹ BOG tại Petrolimex ngày 21.12.2023,21.12.2023,21/12/2023,1
6/9/2026,https://www.petrolimex.com.vn/ndi/minh-bach-xang-dau/uoc-ton-quy-bog-tai-petrolimex-ngay-14-12-2023.html,Ước tồn Quỹ BOG tại Petrolimex ngày 14.12.2023,14.12.2023,14/12/2023,1
6/9/2026,https://www.petrolimex.com.vn/ndi/minh-bach-xang-dau/van-ban-so-8746-bct-tttn-ngay-07-12-2023-ve-dieu-hanh-kinh-doanh-xang-dau.html,Ước tồn Quỹ BOG tại Petrolimex ngày 07.12.2023,07.12.2023,7/12/2023,1
6/9/2026,https://www.petrolimex.com.vn/ndi/minh-bach-xang-dau/uoc-ton-quy-bog-tai-petrolimex-ngay-30-11-2023.html,Ước tồn Quỹ BOG tại Petrolimex ngày 30.11.2023,30.11.2023,30/11/2023,1
6/9/2026,https://www.petrolimex.com.vn/ndi/minh-bach-xang-dau/uoc-ton-quy-bog-tai-petrolimex-ngay-23-11-2023.html,Ước tồn Quỹ BOG tại Petrolimex ngày 23.11.2023,23.11.2023,23/11/2023,1
6/9/2026,https://www.petrolimex.com.vn/ndi/minh-bach-xang-dau/uoc-ton-quy-bog-tai-petrolimex-ngay-13-11-2023.html,Ước tồn Quỹ BOG tại Petrolimex ngày 13.11.2023,13.11.2023,13/11/2023,1
6/9/2026,https://www.petrolimex.com.vn/ndi/minh-bach-xang-dau/uoc-ton-quy-bog-tai-petrolimex-ngay-01-11-2023.html,Ước tồn Quỹ BOG tại Petrolimex ngày 01.11.2023,01.11.2023,1/11/2023,1
6/9/2026,https://www.petrolimex.com.vn/ndi/minh-bach-xang-dau/uoc-ton-quy-bog-tai-petrolimex-ngay-23-10-2023.html,Ước tồn Quỹ BOG tại Petrolimex ngày 23.10.2023,23.10.2023,23/10/2023,1
6/9/2026,https://www.petrolimex.com.vn/ndi/minh-bach-xang-dau/uoc-ton-quy-bog-tai-petrolimex-ngay-11-10-2023.html,Ước tồn Quỹ BOG tại Petrolimex ngày 11.10.2023,11.10.2023,11/10/2023,1
6/9/2026,https://www.petrolimex.com.vn/ndi/minh-bach-xang-dau/uoc-ton-quy-bog-tai-petrolimex-ngay-02-10-2023.html,Ước tồn Quỹ BOG tại Petrolimex ngày 02.10.2023,02.10.2023,2/10/2023,1
6/9/2026,https://www.petrolimex.com.vn/ndi/minh-bach-xang-dau/uoc-ton-quy-bog-tai-petrolimex-ngay-2192023.html,Ước tồn Quỹ BOG tại Petrolimex ngày 21.9.2023,21.9.2023,21/09/2023,1
6/9/2026,https://www.petrolimex.com.vn/ndi/minh-bach-xang-dau/uoc-ton-quy-bog-tai-petrolimex-ngay-11-9-2023.html,Ước tồn Quỹ BOG tại Petrolimex ngày 11.9.2023,11.9.2023,11/9/2023,1
6/9/2026,https://www.petrolimex.com.vn/ndi/minh-bach-xang-dau/uoc-ton-quy-bog-tai-petrolimex-ngay-5-9-2023.html,Ước tồn Quỹ BOG tại Petrolimex ngày 05.9.2023,05.9.2023,5/9/2023,1
6/9/2026,https://www.petrolimex.com.vn/ndi/minh-bach-xang-dau/uoc-ton-quy-bog-tai-petrolimex-ngay-21-8-2023.html,Ước tồn Quỹ BOG tại Petrolimex ngày 21.8.2023,21.8.2023,21/08/2023,1
6/9/2026,https://www.petrolimex.com.vn/ndi/minh-bach-xang-dau/uoc-ton-quy-bog-tai-petrolimex-ngay-11-8-2023.html,Ước tồn Quỹ BOG tại Petrolimex ngày 11.8.2023,11.8.2023,11/8/2023,1
6/9/2026,https://www.petrolimex.com.vn/ndi/minh-bach-xang-dau/uoc-ton-quy-bog-tai-petrolimex-ngay-01-8-2023.html,Ước tồn Quỹ BOG tại Petrolimex ngày 01.8.2023,01.8.2023,1/8/2023,1
6/9/2026,https://www.petrolimex.com.vn/ndi/minh-bach-xang-dau/uoc-ton-quy-bog-tai-petrolimex-ngay-21-7-2023.html,Ước tồn Quỹ BOG tại Petrolimex ngày 21.7.2023,21.7.2023,21/07/2023,1
6/9/2026,https://www.petrolimex.com.vn/ndi/minh-bach-xang-dau/uoc-ton-quy-bog-tai-petrolimex-ngay-11-7-2023.html,Ước tồn Quỹ BOG tại Petrolimex ngày 11.7.2023,11.7.2023,11/7/2023,1
6/9/2026,https://www.petrolimex.com.vn/ndi/minh-bach-xang-dau/uoc-ton-quy-bog-tai-petrolimex-ngay-3-7-2023.html,Ước tồn Quỹ BOG tại Petrolimex ngày 03.7.2023,03.7.2023,3/7/2023,1
6/9/2026,https://www.petrolimex.com.vn/ndi/minh-bach-xang-dau/uoc-ton-quy-bog-tai-petrolimex-ngay-21-6-2023.html,Ước tồn Quỹ BOG tại Petrolimex ngày 21.6.2023,21.6.2023,21/06/2023,1
6/9/2026,https://www.petrolimex.com.vn/ndi/minh-bach-xang-dau/uoc-ton-quy-bog-tai-petrolimex-ngay-12-6-2023.html,Ước tồn Quỹ BOG tại Petrolimex ngày 12.6.2023,12.6.2023,12/6/2023,1
6/9/2026,https://www.petrolimex.com.vn/ndi/minh-bach-xang-dau/uoc-ton-quy-bog-tai-petrolimex-ngay-01-6-2023.html,Ước tồn Quỹ BOG tại Petrolimex ngày 01.6.2023,01.6.2023,1/6/2023,1
6/9/2026,https://www.petrolimex.com.vn/ndi/minh-bach-xang-dau/uoc-ton-quy-bog-tai-petrolimex-ngay-22-5-2023.html,Ước tồn Quỹ BOG tại Petrolimex ngày 22.5.2023,22.5.2023,22/05/2023,1
6/9/2026,https://www.petrolimex.com.vn/ndi/minh-bach-xang-dau/uoc-ton-quy-bog-tai-petrolimex-ngay-11-5-2023.html,Ước tồn Quỹ BOG tại Petrolimex ngày 11.5.2023,11.5.2023,11/5/2023,1
6/9/2026,https://www.petrolimex.com.vn/ndi/minh-bach-xang-dau/uoc-ton-quy-bog-tai-petrolimex-ngay-4-5-2023.html,Ước tồn Quỹ BOG tại Petrolimex ngày 4.5.2023,4.5.2023,4/5/2023,1
6/9/2026,https://www.petrolimex.com.vn/ndi/minh-bach-xang-dau/uoc-ton-quy-bog-tai-petrolimex-ngay-21-4-2023.html,Ước tồn Quỹ BOG tại Petrolimex ngày 21.4.2023,21.4.2023,21/04/2023,1
6/9/2026,https://www.petrolimex.com.vn/ndi/minh-bach-xang-dau/uoc-ton-quy-bog-tai-petrolimex-ngay-11-4-2023.html,Ước tồn Quỹ BOG tại Petrolimex ngày 11.4.2023,11.4.2023,11/4/2023,1
6/9/2026,https://www.petrolimex.com.vn/ndi/minh-bach-xang-dau/uoc-ton-quy-bog-tai-petrolimex-ngay-03-4-2023.html,Ước tồn Quỹ BOG tại Petrolimex ngày 03.4.2023,03.4.2023,3/4/2023,1
6/9/2026,https://www.petrolimex.com.vn/ndi/minh-bach-xang-dau/uoc-ton-quy-bog-tai-petrolimex-ngay-21-03-2023.html,Ước tồn Quỹ BOG tại Petrolimex ngày 21.3.2023,21.3.2023,21/03/2023,1
6/9/2026,https://www.petrolimex.com.vn/ndi/minh-bach-xang-dau/uoc-ton-quy-bog-tai-petrolimex-ngay-13-03-2023.html,Ước tồn Quỹ BOG tại Petrolimex ngày 13.03.2023,13.03.2023,13/03/2023,1
6/9/2026,https://www.petrolimex.com.vn/ndi/minh-bach-xang-dau/uoc-ton-quy-bog-tai-petrolimex-ngay-01-03-2023.html,Ước tồn Quỹ BOG tại Petrolimex ngày 01.03.2023,01.03.2023,1/3/2023,1
6/9/2026,https://www.petrolimex.com.vn/ndi/minh-bach-xang-dau/uoc-ton-quy-bog-tai-petrolimex-ngay-13-02-2023-1676965232-1365682909.html,Ước tồn Quỹ BOG tại Petrolimex ngày 21.02.2023,21.02.2023,21/02/2023,1
6/9/2026,https://www.petrolimex.com.vn/ndi/minh-bach-xang-dau/uoc-ton-quy-bog-tai-petrolimex-ngay-13-02-2023.html,Ước tồn Quỹ BOG tại Petrolimex ngày 13.02.2023,13.02.2023,13/02/2023,1
6/9/2026,https://www.petrolimex.com.vn/ndi/minh-bach-xang-dau/uoc-ton-quy-bog-tai-petrolimex-ngay-30-01-2023.html,Ước tồn Quỹ BOG tại Petrolimex ngày 30.01.2023,30.01.2023,30/01/2023,1
6/9/2026,https://www.petrolimex.com.vn/ndi/minh-bach-xang-dau/uoc-ton-quy-bog-tai-petrolimex-ngay-11-01-2023.html,Ước tồn Quỹ BOG tại Petrolimex ngày 11.01.2023,11.01.2023,11/1/2023,1
6/9/2026,https://www.petrolimex.com.vn/ndi/minh-bach-xang-dau/uoc-ton-quy-bog-tai-petrolimex-ngay-03-01-2023.html,Ước tồn Quỹ BOG tại Petrolimex ngày 03.01.2023,03.01.2023,3/1/2023,1
6/9/2026,https://www.petrolimex.com.vn/ndi/minh-bach-xang-dau/uoc-ton-quy-bog-tai-petrolimex-ngay-01-01-2023.html,Ước tồn Quỹ BOG tại Petrolimex ngày 01.01.2023,01.01.2023,31/12/2022,1
6/9/2026,https://www.petrolimex.com.vn/ndi/minh-bach-xang-dau/uoc-ton-quy-bog-tai-petrolimex-ngay-21-12-2022.html,Ước tồn Quỹ BOG tại Petrolimex ngày 21.12.2022,21.12.2022,21/12/2022,1
6/9/2026,https://www.petrolimex.com.vn/ndi/minh-bach-xang-dau/uoc-ton-quy-bog-tai-petrolimex-ngay-12-12-2022.html,Ước tồn Quỹ BOG tại Petrolimex ngày 12.12.2022,12.12.2022,12/12/2022,1
6/9/2026,https://www.petrolimex.com.vn/ndi/minh-bach-xang-dau/uoc-ton-quy-bog-tai-petrolimex-ngay-01-12-2022.html,Ước tồn Quỹ BOG tại Petrolimex ngày 01.12.2022,01.12.2022,1/12/2022,1
6/9/2026,https://www.petrolimex.com.vn/ndi/minh-bach-xang-dau/uoc-ton-quy-bog-tai-petrolimex-ngay-21-11-2022.html,Ước tồn Quỹ BOG tại Petrolimex ngày 21.11.2022,21.11.2022,21/11/2022,1
6/9/2026,https://www.petrolimex.com.vn/ndi/minh-bach-xang-dau/uoc-ton-quy-bog-tai-petrolimex-ngay-11-11-2022.html,Ước tồn Quỹ BOG tại Petrolimex ngày 11.11.2022,11.11.2022,11/11/2022,1
6/9/2026,https://www.petrolimex.com.vn/ndi/minh-bach-xang-dau/uoc-ton-quy-bog-tai-petrolimex-ngay-01-11-2022.html,Ước tồn Quỹ BOG tại Petrolimex ngày 01.11.2022,01.11.2022,1/11/2022,1
6/9/2026,https://www.petrolimex.com.vn/ndi/minh-bach-xang-dau/uoc-ton-quy-bog-tai-petrolimex-ngay-21-10-2022.html,Ước tồn Quỹ BOG tại Petrolimex ngày 21.10.2022,21.10.2022,21/10/2022,1
6/9/2026,https://www.petrolimex.com.vn/ndi/minh-bach-xang-dau/uoc-ton-quy-bog-tai-petrolimex-ngay-11-10-2022.html,Ước tồn Quỹ BOG tại Petrolimex ngày 11.10.2022,11.10.2022,11/10/2022,1
6/9/2026,https://www.petrolimex.com.vn/ndi/minh-bach-xang-dau/uoc-ton-quy-bog-tai-petrolimex-ngay-03-10-2022.html,Ước tồn Quỹ BOG tại Petrolimex ngày 03.10.2022,03.10.2022,3/10/2022,1
6/9/2026,https://www.petrolimex.com.vn/ndi/minh-bach-xang-dau/uoc-ton-quy-bog-tai-petrolimex-ngay-21-9-2022.html,Ước tồn Quỹ BOG tại Petrolimex ngày 21.9.2022,21.9.2022,21/09/2022,1
6/9/2026,https://www.petrolimex.com.vn/ndi/minh-bach-xang-dau/uoc-ton-quy-bog-tai-petrolimex-ngay-12-9-2022.html,Ước tồn Quỹ BOG tại Petrolimex ngày 12.9.2022,12.9.2022,12/9/2022,1
6/9/2026,https://www.petrolimex.com.vn/ndi/minh-bach-xang-dau/uoc-ton-quy-bog-tai-petrolimex-ngay-05-9-2022.html,Ước tồn Quỹ BOG tại Petrolimex ngày 05.9.2022,05.9.2022,5/9/2022,1
6/9/2026,https://www.petrolimex.com.vn/ndi/minh-bach-xang-dau/uoc-ton-quy-bog-tai-petrolimex-ngay-22-8-2022.html,Ước tồn Quỹ BOG tại Petrolimex ngày 22.8.2022,22.8.2022,22/08/2022,1
6/9/2026,https://www.petrolimex.com.vn/ndi/minh-bach-xang-dau/uoc-ton-quy-bog-tai-petrolimex-ngay-11-8-2022.html,Ước tồn Quỹ BOG tại Petrolimex ngày 11.8.2022,11.8.2022,11/8/2022,1
6/9/2026,https://www.petrolimex.com.vn/ndi/minh-bach-xang-dau/uoc-ton-quy-bog-tai-petrolimex-ngay-01-8-2022.html,Ước tồn Quỹ BOG tại Petrolimex ngày 01.8.2022,01.8.2022,1/8/2022,1
6/9/2026,https://www.petrolimex.com.vn/ndi/minh-bach-xang-dau/uoc-ton-quy-bog-tai-petrolimex-ngay-21-7-2022.html,Ước tồn Quỹ BOG tại Petrolimex ngày 21.7.2022,21.7.2022,21/07/2022,1
6/9/2026,https://www.petrolimex.com.vn/ndi/minh-bach-xang-dau/uoc-ton-quy-bog-tai-petrolimex-ngay-11-7-2022.html,Ước tồn Quỹ BOG tại Petrolimex ngày 11.7.2022,11.7.2022,11/7/2022,1
6/9/2026,https://www.petrolimex.com.vn/ndi/minh-bach-xang-dau/uoc-ton-quy-bog-tai-petrolimex-ngay-01-7-2022.html,Ước tồn Quỹ BOG tại Petrolimex ngày 01.7.2022,01.7.2022,1/7/2022,1
6/9/2026,https://www.petrolimex.com.vn/ndi/minh-bach-xang-dau/uoc-ton-quy-bog-tai-petrolimex-ngay-21-6-2022.html,Ước tồn Quỹ BOG tại Petrolimex ngày 21.6.2022,21.6.2022,21/06/2022,1
6/9/2026,https://www.petrolimex.com.vn/ndi/minh-bach-xang-dau/uoc-ton-quy-bog-tai-petrolimex-ngay-13-6-2022.html,Ước tồn Quỹ BOG tại Petrolimex ngày 13.6.2022,13.6.2022,13/06/2022,1
6/9/2026,https://www.petrolimex.com.vn/ndi/minh-bach-xang-dau/uoc-ton-quy-bog-tai-petrolimex-ngay-01-6-2022.html,Ước tồn Quỹ BOG tại Petrolimex ngày 01.6.2022,01.6.2022,1/6/2022,1
6/9/2026,https://www.petrolimex.com.vn/ndi/minh-bach-xang-dau/uoc-ton-quy-bog-tai-petrolimex-ngay-23-5-2022.html,Ước tồn Quỹ BOG tại Petrolimex ngày 23.5.2022,23.5.2022,23/05/2022,1
6/9/2026,https://www.petrolimex.com.vn/ndi/minh-bach-xang-dau/uoc-ton-quy-bog-tai-petrolimex-ngay-11-5-2022.html,Ước tồn Quỹ BOG tại Petrolimex ngày 11.5.2022,11.5.2022,11/5/2022,1
6/9/2026,https://www.petrolimex.com.vn/ndi/minh-bach-xang-dau/uoc-ton-quy-bog-tai-petrolimex-ngay-04-5-2022.html,Ước tồn Quỹ BOG tại Petrolimex ngày 04.5.2022,04.5.2022,4/5/2022,1
6/9/2026,https://www.petrolimex.com.vn/ndi/minh-bach-xang-dau/uoc-ton-quy-bog-tai-petrolimex-ngay-21-4-2022.html,Ước tồn Quỹ BOG tại Petrolimex ngày 21.4.2022,21.4.2022,21/04/2022,1
6/9/2026,https://www.petrolimex.com.vn/ndi/minh-bach-xang-dau/uoc-ton-quy-bog-tai-petrolimex-ngay-12-4-2022.html,Ước tồn Quỹ BOG tại Petrolimex ngày 12.4.2022,12.4.2022,12/4/2022,1
6/9/2026,https://www.petrolimex.com.vn/ndi/minh-bach-xang-dau/uoc-ton-quy-bog-tai-petrolimex-ngay-01-04-2022.html,Ước tồn Quỹ BOG tại Petrolimex ngày 01.04.2022,01.04.2022,1/4/2022,1
6/9/2026,https://www.petrolimex.com.vn/ndi/minh-bach-xang-dau/uoc-ton-quy-bog-tai-petrolimex-ngay-21-03-2022.html,Ước tồn Quỹ BOG tại Petrolimex ngày 21.03.2022,21.03.2022,21/03/2022,1
6/9/2026,https://www.petrolimex.com.vn/ndi/minh-bach-xang-dau/uoc-ton-quy-bog-tai-petrolimex-ngay-11-3-2022.html,Ước tồn Quỹ BOG tại Petrolimex ngày 11.3.2022,11.3.2022,11/3/2022,1
6/9/2026,https://www.petrolimex.com.vn/ndi/minh-bach-xang-dau/uoc-ton-quy-bog-tai-petrolimex-ngay-21-02-2022-1646119579.html,Ước tồn Quỹ BOG tại Petrolimex ngày 01.3.2022,01.3.2022,1/3/2022,1
6/9/2026,https://www.petrolimex.com.vn/ndi/minh-bach-xang-dau/uoc-ton-quy-bog-tai-petrolimex-ngay-21-02-2022.html,Ước tồn Quỹ BOG tại Petrolimex ngày 21.02.2022,21.02.2022,21/02/2022,1
6/9/2026,https://www.petrolimex.com.vn/ndi/minh-bach-xang-dau/uoc-ton-quy-bog-tai-petrolimex-ngay-11-02-2022.html,Ước tồn Quỹ BOG tại Petrolimex ngày 11.02.2022,11.02.2022,11/2/2022,1
6/9/2026,https://www.petrolimex.com.vn/ndi/minh-bach-xang-dau/uoc-ton-quy-bog-tai-petrolimex-ngay-21-01-2022.html,Ước tồn Quỹ BOG tại Petrolimex ngày 21.01.2022,21.01.2022,21/01/2022,1
6/9/2026,https://www.petrolimex.com.vn/ndi/minh-bach-xang-dau/uoc-ton-quy-bog-tai-petrolimex-ngay-11-01-2022.html,Ước tồn Quỹ BOG tại Petrolimex ngày 11.01.2022,11.01.2022,11/1/2022,1
6/9/2026,https://www.petrolimex.com.vn/ndi/minh-bach-xang-dau/uoc-ton-quy-bog-tai-petrolimex-ngay-25-12-2021.html,Ước tồn Quỹ BOG tại Petrolimex ngày 25.12.2021,25.12.2021,25/12/2021,1
6/9/2026,https://www.petrolimex.com.vn/ndi/minh-bach-xang-dau/uoc-ton-quy-bog-tai-petrolimex-ngay-10-12-2021.html,Ước tồn Quỹ BOG tại Petrolimex ngày 10.12.2021,10.12.2021,10/12/2021,1
6/9/2026,https://www.petrolimex.com.vn/ndi/minh-bach-xang-dau/uoc-ton-quy-bog-tai-petrolimex-ngay-25-11-2021.html,Ước tồn Quỹ BOG tại Petrolimex ngày 25.11.2021,25.11.2021,25/11/2021,1
6/9/2026,https://www.petrolimex.com.vn/ndi/minh-bach-xang-dau/uoc-ton-quy-bog-tai-petrolimex-ngay-10-11-2021.html,Ước tồn Quỹ BOG tại Petrolimex ngày 10.11.2021,10.11.2021,10/11/2021,1
6/9/2026,https://www.petrolimex.com.vn/ndi/minh-bach-xang-dau/uoc-ton-quy-bog-tai-petrolimex-ngay-26-10-2021.html,Ước tồn Quỹ BOG tại Petrolimex ngày 26.10.2021,26.10.2021,26/10/2021,1
6/9/2026,https://www.petrolimex.com.vn/ndi/minh-bach-xang-dau/uoc-ton-quy-bog-tai-petrolimex-ngay-11-10-2021.html,Ước tồn Quỹ BOG tại Petrolimex ngày 11.10.2021,11.10.2021,11/10/2021,1
6/9/2026,https://www.petrolimex.com.vn/ndi/minh-bach-xang-dau/uoc-ton-quy-bog-tai-petrolimex-ngay-25-9-2021.html,Ước tồn Quỹ BOG tại Petrolimex ngày 25.9.2021,25.9.2021,25/09/2021,1
6/9/2026,https://www.petrolimex.com.vn/ndi/minh-bach-xang-dau/uoc-ton-quy-bog-tai-petrolimex-ngay-10-9-2021.html,Ước tồn Quỹ BOG tại Petrolimex ngày 10.9.2021,10.9.2021,10/9/2021,1
6/9/2026,https://www.petrolimex.com.vn/ndi/minh-bach-xang-dau/uoc-ton-quy-bog-tai-petrolimex-ngay-26-8-2021.html,Ước tồn Quỹ BOG tại Petrolimex ngày 26.8.2021,26.8.2021,26/08/2021,1
6/9/2026,https://www.petrolimex.com.vn/ndi/minh-bach-xang-dau/uoc-ton-quy-bog-tai-petrolimex-ngay-11-8-2021.html,Ước tồn Quỹ BOG tại Petrolimex ngày 11.8.2021,11.8.2021,11/8/2021,1
6/9/2026,https://www.petrolimex.com.vn/ndi/minh-bach-xang-dau/uoc-ton-quy-bog-tai-petrolimex-ngay-27-7-2021.html,Ước tồn Quỹ BOG tại Petrolimex ngày 27.7.2021,27.7.2021,27/07/2021,1
6/9/2026,https://www.petrolimex.com.vn/ndi/minh-bach-xang-dau/uoc-ton-quy-bog-tai-petrolimex-ngay-12-7-2021.html,Ước tồn Quỹ BOG tại Petrolimex ngày 12.7.2021,12.7.2021,12/7/2021,1
6/9/2026,https://www.petrolimex.com.vn/ndi/minh-bach-xang-dau/uoc-ton-quy-bog-tai-petrolimex-ngay-26-6-2021.html,Ước tồn Quỹ BOG tại Petrolimex ngày 26.6.2021,26.6.2021,26/06/2021,1
6/9/2026,https://www.petrolimex.com.vn/ndi/minh-bach-xang-dau/uoc-ton-quy-bog-tai-petrolimex-ngay-11-6-2021.html,Ước tồn Quỹ BOG tại Petrolimex ngày 11.6.2021,11.6.2021,11/6/2021,1
6/9/2026,https://www.petrolimex.com.vn/ndi/minh-bach-xang-dau/uoc-ton-quy-bog-tai-petrolimex-ngay-27-5-2021.html,Ước tồn Quỹ BOG tại Petrolimex ngày 27.5.2021,27.5.2021,27/05/2021,1
6/9/2026,https://www.petrolimex.com.vn/ndi/minh-bach-xang-dau/uoc-ton-quy-bog-tai-petrolimex-ngay-12-05-2021.html,Ước tồn Quỹ BOG tại Petrolimex ngày 12.5.2021,12.5.2021,12/5/2021,1
6/9/2026,https://www.petrolimex.com.vn/ndi/minh-bach-xang-dau/minh-bach-xang-dau-uoc-ton-quy-bog-tai-petrolimex-ngay-27-04-2021.html,Ước tồn Quỹ BOG tại Petrolimex ngày 27.04.2021,27.04.2021,27/04/2021,1
6/9/2026,https://www.petrolimex.com.vn/ndi/minh-bach-xang-dau/minh-bach-xang-dau-uoc-ton-quy-bog-tai-petrolimex-ngay-12-04-2021.html,Ước tồn Quỹ BOG tại Petrolimex ngày 12.04.2021,12.04.2021,12/4/2021,1
6/9/2026,https://www.petrolimex.com.vn/ndi/minh-bach-xang-dau/minh-bach-xang-dau-uoc-ton-quy-bog-tai-petrolimex-ngay-27-03-2021.html,Ước tồn Quỹ BOG tại Petrolimex ngày 27.03.2021,27.03.2021,27/03/2021,1
6/9/2026,https://www.petrolimex.com.vn/ndi/minh-bach-xang-dau/minh-bach-xang-dau-uoc-ton-quy-bog-tai-petrolimex-ngay-12-03-2021.html,Ước tồn Quỹ BOG tại Petrolimex ngày 12.03.2021,12.03.2021,12/3/2021,1
6/9/2026,https://www.petrolimex.com.vn/ndi/minh-bach-xang-dau/minh-bach-xang-dau-uoc-ton-quy-bog-tai-petrolimex-ngay-25-02-2021.html,Ước tồn Quỹ BOG tại Petrolimex ngày 25.02.2021,25.02.2021,25/02/2021,1
6/9/2026,https://www.petrolimex.com.vn/ndi/minh-bach-xang-dau/uoc-ton-quy-bog-tai-petrolimex-ngay-10-02-2021.html,Ước tồn Quỹ BOG tại Petrolimex ngày 10.02.2021,10.02.2021,10/2/2021,1
6/9/2026,https://www.petrolimex.com.vn/ndi/minh-bach-xang-dau/minh-bach-xang-dau-uoc-ton-quy-bog-tai-petrolimex-ngay-26-01-2021.html,Ước tồn Quỹ BOG tại Petrolimex ngày 26.01.2021,26.01.2021,26/01/2021,1
6/9/2026,https://www.petrolimex.com.vn/ndi/minh-bach-xang-dau/minh-bach-xang-dau-uoc-ton-quy-bog-tai-petrolimex-ngay-11-01-2021.html,Ước tồn Quỹ BOG tại Petrolimex ngày 11.01.2021,11.01.2021,11/1/2021,1
6/9/2026,https://www.petrolimex.com.vn/ndi/minh-bach-xang-dau/uoc-ton-quy-bog-tai-petrolimex-ngay-26-12-2020.html,Ước tồn Quỹ BOG tại Petrolimex ngày 26.12.2020,26.12.2020,26/12/2020,1
6/9/2026,https://www.petrolimex.com.vn/ndi/minh-bach-xang-dau/minh-bach-xang-dau-uoc-ton-quy-bog-tai-petrolimex-ngay-11-12-2020.html,Ước tồn Quỹ BOG tại Petrolimex ngày 11.12.2020,11.12.2020,11/12/2020,1
6/9/2026,https://www.petrolimex.com.vn/ndi/minh-bach-xang-dau/minh-bach-xang-dau-uoc-ton-quy-bog-tai-petrolimex-ngay-26-11-2020.html,Ước tồn Quỹ BOG tại Petrolimex ngày 26.11.2020,26.11.2020,26/11/2020,1
6/9/2026,https://www.petrolimex.com.vn/ndi/minh-bach-xang-dau/uoc-ton-quy-bog-tai-petrolimex-ngay-11-11-2020.html,Ước tồn Quỹ BOG tại Petrolimex ngày 11.11.2020,11.11.2020,11/11/2020,1
6/9/2026,https://www.petrolimex.com.vn/ndi/minh-bach-xang-dau/uoc-ton-quy-bog-tai-petrolimex-ngay-27-10-2020.html,Ước tồn Quỹ BOG tại Petrolimex ngày 27.10.2020,27.10.2020,27/10/2020,1
6/9/2026,https://www.petrolimex.com.vn/ndi/minh-bach-xang-dau/minh-bach-xang-dau-uoc-ton-quy-bog-tai-petrolimex-ngay-12-10-2020.html,Ước tồn Quỹ BOG tại Petrolimex ngày 12.10.2020,12.10.2020,12/10/2020,1
6/9/2026,https://www.petrolimex.com.vn/ndi/minh-bach-xang-dau/uoc-ton-quy-bog-tai-petrolimex-ngay-26-9-2020.html,Ước tồn Quỹ BOG tại Petrolimex ngày 26.9.2020,26.9.2020,26/09/2020,1
6/9/2026,https://www.petrolimex.com.vn/ndi/minh-bach-xang-dau/uoc-ton-quy-bog-tai-petrolimex-ngay-11-9-2020.html,Ước tồn Quỹ BOG tại Petrolimex ngày 11.9.2020,11.9.2020,11/9/2020,1
6/9/2026,https://www.petrolimex.com.vn/ndi/minh-bach-xang-dau/minh-bach-xang-dau-uoc-ton-quy-bog-tai-petrolimex-ngay-27-8-2020.html,Ước tồn Quỹ BOG tại Petrolimex ngày 27.8.2020,27.8.2020,27/08/2020,1
6/9/2026,https://www.petrolimex.com.vn/ndi/minh-bach-xang-dau/minh-bach-xang-dau-uoc-ton-quy-bog-tai-petrolimex-ngay-12-8-2020.html,Ước tồn Quỹ BOG tại Petrolimex ngày 12.8.2020,12.8.2020,12/8/2020,1
6/9/2026,https://www.petrolimex.com.vn/ndi/minh-bach-xang-dau/minh-bach-xang-dau-uoc-ton-quy-bog-tai-petrolimex-ngay-28-7-2020.html,Ước tồn Quỹ BOG tại Petrolimex ngày 28.7.2020,28.7.2020,28/07/2020,1
6/9/2026,https://www.petrolimex.com.vn/ndi/minh-bach-xang-dau/uoc-ton-quy-bog-tai-petrolimex-ngay-13-7-2020.html,Ước tồn Quỹ BOG tại Petrolimex ngày 13.7.2020,13.7.2020,13/07/2020,1
6/9/2026,https://www.petrolimex.com.vn/ndi/minh-bach-xang-dau/uoc-ton-quy-bog-tai-petrolimex-ngay-27-6-2020.html,Ước tồn Quỹ BOG tại Petrolimex ngày 27.6.2020,27.6.2020,27/06/2020,1
6/9/2026,https://www.petrolimex.com.vn/ndi/minh-bach-xang-dau/minh-bach-xang-dau-uoc-ton-quy-bog-tai-petrolimex-ngay-12-6-2020.html,Ước tồn Quỹ BOG tại Petrolimex ngày 12.6.2020,12.6.2020,12/6/2020,1
6/9/2026,https://www.petrolimex.com.vn/ndi/minh-bach-xang-dau/minh-bach-xang-dau-uoc-ton-quy-bog-tai-petrolimex-ngay-28-5-2020.html,Ước tồn Quỹ BOG tại Petrolimex ngày 28.5.2020,28.5.2020,28/05/2020,1
6/9/2026,https://www.petrolimex.com.vn/ndi/minh-bach-xang-dau/minh-bach-xang-dau-uoc-ton-quy-bog-tai-petrolimex-ngay-13-05-2020.html,Ước tồn Quỹ BOG tại Petrolimex ngày 13.5.2020,13.5.2020,13/05/2020,1
6/9/2026,https://www.petrolimex.com.vn/ndi/minh-bach-xang-dau/minh-bach-xang-dau-uoc-ton-quy-bog-tai-petrolimex-ngay-28-04-2020.html,Ước tồn Quỹ BOG tại Petrolimex ngày 28.04.2020,28.04.2020,28/04/2020,1
6/9/2026,https://www.petrolimex.com.vn/ndi/minh-bach-xang-dau/minh-bach-xang-dau-uoc-ton-quy-bog-tai-petrolimex-ngay-13-04-2020.html,Ước tồn Quỹ BOG tại Petrolimex ngày 13.04.2020,13.04.2020,13/04/2020,1
6/9/2026,https://www.petrolimex.com.vn/ndi/minh-bach-xang-dau/minh-bach-xang-dau-uoc-ton-quy-bog-tai-petrolimex-ngay-29-3-2020.html,Ước tồn Quỹ BOG tại Petrolimex ngày 29.3.2020,29.3.2020,29/03/2020,1
6/9/2026,https://www.petrolimex.com.vn/ndi/minh-bach-xang-dau/uoc-ton-quy-bog-tai-petrolimex-ngay-15-3-2020.html,Ước tồn Quỹ BOG tại Petrolimex ngày 15.3.2020,15.3.2020,15/03/2020,1
6/9/2026,https://www.petrolimex.com.vn/ndi/minh-bach-xang-dau/uoc-ton-quy-bog-tai-petrolimex-ngay-29-02-2020.html,Ước tồn Quỹ BOG tại Petrolimex ngày 29.02.2020,29.02.2020,29/02/2020,1
6/9/2026,https://www.petrolimex.com.vn/ndi/minh-bach-xang-dau/minh-bach-xang-dau-uoc-ton-quy-bog-tai-petrolimex-ngay-14-02-2020.html,Ước tồn Quỹ BOG tại Petrolimex ngày 14.02.2020,14.02.2020,14/02/2020,1
6/9/2026,https://www.petrolimex.com.vn/ndi/minh-bach-xang-dau/minh-bach-xang-dau-uoc-ton-quy-bog-tai-petrolimex-ngay-30-01-2020.html,Ước tồn Quỹ BOG tại Petrolimex ngày 30.01.2020,30.01.2020,30/01/2020,1
6/9/2026,https://www.petrolimex.com.vn/ndi/minh-bach-xang-dau/minh-bach-xang-dau-uoc-ton-quy-bog-tai-petrolimex-ngay-15-01-2020.html,Ước tồn Quỹ BOG tại Petrolimex ngày 15.01.2020,15.01.2020,15/01/2020,1
6/9/2026,https://www.petrolimex.com.vn/ndi/minh-bach-xang-dau/minh-bach-xang-dau-uoc-ton-quy-bog-tai-petrolimex-ngay-31-12-2019.html,Ước tồn Quỹ BOG tại Petrolimex ngày 31.12.2019,31.12.2019,31/12/2019,1
6/9/2026,https://www.petrolimex.com.vn/ndi/minh-bach-xang-dau/minh-bach-xang-dau-uoc-ton-quy-bog-tai-petrolimex-ngay-16-12-2019.html,Ước tồn Quỹ BOG tại Petrolimex ngày 16.12.2019,16.12.2019,16/12/2019,1
6/9/2026,https://www.petrolimex.com.vn/ndi/minh-bach-xang-dau/minh-bach-xang-dau-uoc-ton-quy-bog-tai-petrolimex-ngay-30-11-2019.html,Ước tồn Quỹ BOG tại Petrolimex ngày 30.11.2019,30.11.2019,30/11/2019,1
6/9/2026,https://www.petrolimex.com.vn/ndi/minh-bach-xang-dau/uoc-ton-quy-bog-tai-petrolimex-ngay-15-11-2019.html,Ước tồn Quỹ BOG tại Petrolimex ngày 15.11.2019,15.11.2019,15/11/2019,1
6/9/2026,https://www.petrolimex.com.vn/ndi/minh-bach-xang-dau/uoc-ton-quy-bog-tai-petrolimex-ngay-31-10-2019.html,Ước tồn Quỹ BOG tại Petrolimex ngày 31.10.2019,31.10.2019,31/10/2019,1
6/9/2026,https://www.petrolimex.com.vn/ndi/minh-bach-xang-dau/minh-bach-xang-dau-uoc-ton-quy-bog-tai-petrolimex-ngay-16-10-2019.html,Ước tồn Quỹ BOG tại Petrolimex ngày 16.10.2019,16.10.2019,16/10/2019,1
6/9/2026,https://www.petrolimex.com.vn/ndi/minh-bach-xang-dau/uoc-ton-quy-bog-tai-petrolimex-ngay-01-10-2019.html,Ước tồn Quỹ BOG tại Petrolimex ngày 01.10.2019,01.10.2019,1/10/2019,1
6/9/2026,https://www.petrolimex.com.vn/ndi/minh-bach-xang-dau/uoc-ton-quy-bog-tai-petrolimex-ngay-16-9-2019.html,Ước tồn Quỹ BOG tại Petrolimex ngày 16.9.2019,16.9.2019,16/09/2019,1
6/9/2026,https://www.petrolimex.com.vn/ndi/minh-bach-xang-dau/uoc-ton-quy-bog-tai-petrolimex-ngay-31-8-2019.html,Ước tồn Quỹ BOG tại Petrolimex ngày 31.8.2019,31.8.2019,31/08/2019,1
6/9/2026,https://www.petrolimex.com.vn/ndi/minh-bach-xang-dau/uoc-ton-quy-bog-tai-petrolimex-ngay-16-8-2019.html,Ước tồn Quỹ BOG tại Petrolimex ngày 16.8.2019,16.8.2019,16/08/2019,1
6/9/2026,https://www.petrolimex.com.vn/ndi/minh-bach-xang-dau/uoc-ton-quy-bog-tai-petrolimex-ngay-01-8-2019.html,Ước tồn Quỹ BOG tại Petrolimex ngày 01.8.2019,01.8.2019,1/8/2019,1
6/9/2026,https://www.petrolimex.com.vn/ndi/minh-bach-xang-dau/uoc-ton-quy-bog-tai-petrolimex-ngay-17-2019.html,Ước tồn Quỹ BOG tại Petrolimex ngày 17.7.2019,17.7.2019,17/07/2019,1
6/9/2026,https://www.petrolimex.com.vn/ndi/minh-bach-xang-dau/uoc-ton-quy-bog-tai-petrolimex-ngay-02-7-2019.html,Ước tồn Quỹ BOG tại Petrolimex ngày 02.7.2019,02.7.2019,2/7/2019,1
6/9/2026,https://www.petrolimex.com.vn/ndi/minh-bach-xang-dau/uoc-ton-quy-bog-tai-petrolimex-ngay-17-6-2019.html,Ước tồn Quỹ BOG tại Petrolimex ngày 17.6.2019,17.6.2019,17/06/2019,1
6/9/2026,https://www.petrolimex.com.vn/ndi/minh-bach-xang-dau/uoc-ton-quy-bog-tai-petrolimex-ngay-01-6-2019.html,Ước tồn Quỹ BOG tại Petrolimex ngày 01.6.2019,01.6.2019,1/6/2019,1
6/9/2026,https://www.petrolimex.com.vn/ndi/minh-bach-xang-dau/uoc-ton-quy-bog-tai-petrolimex-ngay-17-5-2019.html,Ước tồn Quỹ BOG tại Petrolimex ngày 17.5.2019,17.5.2019,17/05/2019,1
6/9/2026,https://www.petrolimex.com.vn/ndi/minh-bach-xang-dau/minh-bach-xang-dau-uoc-ton-quy-bog-tai-petrolimex-ngay-02-5-2019.html,Ước tồn Quỹ BOG tại Petrolimex ngày 02.5.2019,02.5.2019,2/5/2019,1
6/9/2026,https://www.petrolimex.com.vn/ndi/minh-bach-xang-dau/uoc-ton-quy-bog-tai-petrolimex-ngay-17-4-2019.html,Ước tồn Quỹ BOG tại Petrolimex ngày 17.4.2019,17.4.2019,17/04/2019,1
6/9/2026,https://www.petrolimex.com.vn/ndi/minh-bach-xang-dau/uoc-ton-quy-bog-tai-petrolimex-ngay-02-4-2019.html,Ước tồn Quỹ BOG tại Petrolimex ngày 02.4.2019,02.4.2019,2/4/2019,1
6/9/2026,https://www.petrolimex.com.vn/ndi/minh-bach-xang-dau/uoc-ton-quy-bog-tai-petrolimex-ngay-18-3-2019.html,Ước tồn Quỹ BOG tại Petrolimex ngày 18.3.2019,18.3.2019,18/03/2019,1
6/9/2026,https://www.petrolimex.com.vn/ndi/minh-bach-xang-dau/minh-bach-xang-dau-uoc-ton-quy-bog-tai-petrolimex-ngay-02-3-2019.html,Ước tồn Quỹ BOG tại Petrolimex ngày 02.3.2019,02.3.2019,2/3/2019,1
6/9/2026,https://www.petrolimex.com.vn/ndi/minh-bach-xang-dau/uoc-ton-quy-bog-tai-petrolimex-ngay-15-02-2019.html,Ước tồn Quỹ BOG tại Petrolimex ngày 15.02.2019,15.02.2019,15/02/2019,1
6/9/2026,https://www.petrolimex.com.vn/ndi/minh-bach-xang-dau/uoc-ton-quy-bog-tai-petrolimex-ngay-31-01-2019.html,Ước tồn Quỹ BOG tại Petrolimex ngày 31.01.2019,31.01.2019,31/01/2019,1
6/9/2026,https://www.petrolimex.com.vn/ndi/minh-bach-xang-dau/uoc-ton-quy-bog-tai-petrolimex-ngay-16-01-2019.html,Ước tồn Quỹ BOG tại Petrolimex ngày 16.01.2019,16.01.2019,16/01/2019,1
6/9/2026,https://www.petrolimex.com.vn/ndi/minh-bach-xang-dau/minh-bach-xang-dau-uoc-ton-quy-bog-tai-petrolimex-ngay-31-12-2018.html,Ước tồn Quỹ BOG tại Petrolimex ngày 01.01.2019,01.01.2019,31/12/2018,1
6/9/2026,https://www.petrolimex.com.vn/ndi/minh-bach-xang-dau/minh-bach-xang-dau-uoc-ton-quy-bog-tai-petrolimex-ngay-21-12-2018.html,Ước tồn Quỹ BOG tại Petrolimex ngày 21.12.2018,21.12.2018,24/12/2018,1
6/9/2026,https://www.petrolimex.com.vn/ndi/minh-bach-xang-dau/uoc-ton-quy-bog-tai-petrolimex-ngay-06-12-2018.html,Ước tồn Quỹ BOG tại Petrolimex ngày 06.12.2018,06.12.2018,10/12/2018,1
6/9/2026,https://www.petrolimex.com.vn/ndi/minh-bach-xang-dau/minh-bach-xang-dau-uoc-ton-quy-bog-tai-petrolimex-ngay-21-11-2018.html,Ước tồn Quỹ BOG tại Petrolimex ngày 21.11.2018,21.11.2018,22/11/2018,1
6/9/2026,https://www.petrolimex.com.vn/ndi/minh-bach-xang-dau/uoc-ton-quy-bog-tai-petrolimex-ngay-06-11-2018.html,Ước tồn Quỹ BOG tại Petrolimex ngày 06.11.2018,06.11.2018,8/11/2018,1
6/9/2026,https://www.petrolimex.com.vn/ndi/minh-bach-xang-dau/uoc-ton-quy-bog-tai-ky-dieu-hanh-gia-22-10-2018-la-1-420-ty-dong.html,Ước tồn Quỹ BOG tại kỳ điều hành giá 22.10.2018 là 1.420 tỷ đồng,22.10.2018,22/10/2018,1
6/9/2026,https://www.petrolimex.com.vn/ndi/minh-bach-xang-dau/uoc-ton-quy-bog-tai-ky-dieu-hanh-gia-06-10-2018-la-1-700-ty-dong.html,Ước tồn Quỹ BOG tại kỳ điều hành giá 06.10.2018 là 1.700 tỷ đồng,06.10.2018,6/10/2018,1
6/9/2026,https://www.petrolimex.com.vn/ndi/minh-bach-xang-dau/uoc-ton-quy-bog-tai-ky-dieu-hanh-gia-21-9-2018-la-1-930-ty-dong.html,Ước tồn Quỹ BOG tại kỳ điều hành giá 21.9.2018 là 1.930 tỷ đồng,21.9.2018,21/09/2018,1
6/9/2026,https://www.petrolimex.com.vn/ndi/minh-bach-xang-dau/uoc-ton-quy-bog-tai-ky-dieu-hanh-gia-06-9-2018-la-2-100-ty-dong.html,Ước tồn Quỹ BOG tại kỳ điều hành giá 06.9.2018 là 2.100 tỷ đồng,06.9.2018,6/9/2018,1
6/9/2026,https://www.petrolimex.com.vn/ndi/minh-bach-xang-dau/uoc-ton-quy-bog-tai-ky-dieu-hanh-gia-22-8-2018-la-2-300-ty-dong.html,Ước tồn Quỹ BOG tại kỳ điều hành giá 22.8.2018 là 2.300 tỷ đồng,22.8.2018,22/08/2018,1
6/9/2026,https://www.petrolimex.com.vn/ndi/minh-bach-xang-dau/uoc-ton-quy-bog-tai-ky-dieu-hanh-gia-07-8-2018-la-2-240-ty-dong.html,Ước tồn Quỹ BOG tại kỳ điều hành giá 07.8.2018 là 2.240 tỷ đồng,07.8.2018,7/8/2018,1
6/9/2026,https://www.petrolimex.com.vn/ndi/minh-bach-xang-dau/uoc-ton-quy-bog-tai-ky-dieu-hanh-gia-23-7-2018-la-2-256-ty-dong.html,Ước tồn Quỹ BOG tại kỳ điều hành giá 23.7.2018 là 2.256 tỷ đồng,23.7.2018,23/07/2018,1
6/9/2026,https://www.petrolimex.com.vn/ndi/minh-bach-xang-dau/uoc-ton-quy-bog-tai-ky-dieu-hanh-gia-07-7-2018-la-2-260-ty-dong.html,Ước tồn Quỹ BOG tại kỳ điều hành giá 07.7.2018 là 2.260 tỷ đồng,07.7.2018,7/7/2018,1
6/9/2026,https://www.petrolimex.com.vn/ndi/minh-bach-xang-dau/petrolimex-uoc-ton-quy-bog-tai-ky-dieu-chinh-gia-22-6-2018-la-2-270-ty-dong.html,Ước tồn Quỹ BOG tại kỳ điều hành giá 22.6.2018 là 2.270 tỷ đồng,22.6.2018,22/06/2018,1
6/9/2026,https://www.petrolimex.com.vn/ndi/minh-bach-xang-dau/petrolimex-minh-bach-xang-dau-uoc-ton-quy-bog-tai-petrolimex-truoc-thoi-diem-tang-gia-xang-dau-15-gio-ngay-23-5-2018-la-2-550-ty-dong.html,Ước tồn Quỹ BOG tại Petrolimex trước thời điểm điều hành giá xăng dầu 15 giờ ngày 07.6.2018 là 2.370 tỷ đồng,07.6.2018,7/6/2018,1
6/9/2026,https://www.petrolimex.com.vn/ndi/minh-bach-xang-dau/uoc-ton-quy-bog-tai-petrolimex-truoc-thoi-diem-tang-gia-xang-dau-15-gio-ngay-23-5-2018-la-2-550-ty-dong.html,Ước tồn Quỹ BOG tại Petrolimex trước thời điểm tăng giá xăng dầu 15 giờ ngày 23.5.2018 là 2.550 tỷ đồng,23.5.2018,23/05/2018,1
6/9/2026,https://www.petrolimex.com.vn/ndi/minh-bach-xang-dau/uoc-ton-quy-bog-tai-petrolimex-truoc-thoi-diem-tang-gia-xang-dau-15-gio-ngay-08-5-2018-la-2-620-ty-dong.html,Ước tồn Quỹ BOG tại Petrolimex trước thời điểm tăng giá xăng dầu 15 giờ ngày 08.5.2018 là 2.620 tỷ đồng,08.5.2018,8/5/2018,1
6/9/2026,https://www.petrolimex.com.vn/ndi/minh-bach-xang-dau/uoc-ton-quy-bog-tai-petrolimex-truoc-thoi-diem-dieu-chinh-gia-dau-15-gio-ngay-23-4-2018-la-2-692-ty-dong.html,Ước tồn Quỹ BOG tại Petrolimex trước thời điểm điều chỉnh giá dầu 15 giờ ngày 23.4.2018 là 2.692 tỷ đồng,23.4.2018,23/04/2018,1
6/9/2026,https://www.petrolimex.com.vn/ndi/minh-bach-xang-dau/uoc-ton-quy-bog-tai-petrolimex-truoc-thoi-diem-tang-gia-xang-dau-15-gio-ngay-07-4-2018-la-2-740-ty-dong.html,Ước tồn Quỹ BOG tại Petrolimex trước thời điểm tăng giá xăng dầu 15 giờ ngày 07.4.2018 là 2.740 tỷ đồng,07.4.2018,7/4/2018,1
6/9/2026,https://www.petrolimex.com.vn/nd/tin-chuyen-nganh/uoc-ton-quy-bog-tai-petrolimex-truoc-thoi-diem-15-gio-00-ngay-23-3-2018-la-2-750-ty-dong.html,Ước tồn Quỹ BOG tại Petrolimex trước thời điểm 15 giờ 00 ngày 23.3.2018 là 2.750 tỷ đồng,23.3.2018,23/03/2018,1
6/9/2026,https://www.petrolimex.com.vn/ndi/minh-bach-xang-dau/uoc-ton-quy-bog-tai-petrolimex-truoc-thoi-diem-15-gio-00-ngay-08-3-2018-la-2-760-ty-dong.html,Ước tồn Quỹ BOG tại Petrolimex trước thời điểm 15 giờ 00 ngày 08.3.2018 là 2.760 tỷ đồng,08.3.2018,8/3/2018,1
6/9/2026,https://www.petrolimex.com.vn/ndi/minh-bach-xang-dau/uoc-ton-quy-bog-tai-petrolimex-truoc-thoi-diem-15-gio-00-ngay-21-02-2018-la-2-670-ty-dong.html,Ước tồn Quỹ BOG tại Petrolimex trước thời điểm 15 giờ 00 ngày 21.02.2018 là 2.670 tỷ đồng,21.02.2018,21/02/2018,1
6/9/2026,https://www.petrolimex.com.vn/ndi/minh-bach-xang-dau/uoc-ton-quy-bog-tai-petrolimex-truoc-thoi-diem-15-gio-00-ngay-03-02-2018-la-2-900-ty-dong.html,Ước tồn Quỹ BOG tại Petrolimex trước thời điểm 15 giờ 00 ngày 03.02.2018 là 2.900 tỷ đồng,03.02.2018,3/2/2018,1
6/9/2026,https://www.petrolimex.com.vn/ndi/minh-bach-xang-dau/uoc-ton-quy-bog-tai-petrolimex-truoc-thoi-diem-15-gio-00-ngay-19-01-2018-la-2-953-ty-dong.html,Ước tồn Quỹ BOG tại Petrolimex trước thời điểm 15 giờ 00 ngày 19.01.2018 là 2.953 tỷ đồng,19.01.2018,19/01/2018,1
6/9/2026,https://www.petrolimex.com.vn/ndi/minh-bach-xang-dau/uoc-ton-quy-bog-tai-petrolimex-truoc-thoi-diem-15-gio-00-ngay-04-01-2018-la-3-024-ty-dong.html,Ước tồn Quỹ BOG tại Petrolimex trước thời điểm 15 giờ 00 ngày 04.01.2018 là 3.024 tỷ đồng,04.01.2018,4/1/2018,1
6/9/2026,https://www.petrolimex.com.vn/ndi/minh-bach-xang-dau/uoc-ton-quy-bog-tai-petrolimex-truoc-thoi-diem-15-gio-00-ngay-20-12-2017-la-3-105-ty-dong.html,Ước tồn Quỹ BOG tại Petrolimex trước thời điểm 15 giờ 00 ngày 20.12.2017 là 3.105 tỷ đồng,20.12.2017,20/12/2017,1
6/9/2026,https://www.petrolimex.com.vn/ndi/minh-bach-xang-dau/uoc-ton-quy-bog-tai-petrolimex-truoc-thoi-diem-tang-gia-dau-15-gio-00-ngay-05-12-2017-la-3-188-ty-dong.html,Ước tồn Quỹ BOG tại Petrolimex trước thời điểm tăng giá dầu điêzen 15 giờ 00 ngày 05.12.2017 là 3.188 tỷ đồng,05.12.2017,5/12/2017,1
6/9/2026,https://www.petrolimex.com.vn/ndi/minh-bach-xang-dau/uoc-ton-quy-bog-tai-petrolimex-truoc-thoi-diem-tang-gia-xang-dau-15-gio-00-ngay-20-11-2017-la-3-251-ty-dong.html,Ước tồn Quỹ BOG tại Petrolimex trước thời điểm tăng giá xăng dầu 15 giờ ngày 20.11.2017 là 3.251 tỷ đồng,20.11.2017,20/11/2017,1
6/9/2026,https://www.petrolimex.com.vn/ndi/minh-bach-xang-dau/petrolimex-minh-bach-xang-dau-uoc-ton-quy-bog-tai-petrolimex-truoc-thoi-diem-giam-gia-xang-dau-15-gio-00-ngay-04-11-2017-la-3-240-ty-dong.html,Ước tồn Quỹ BOG tại Petrolimex trước thời điểm tăng giá xăng dầu 15 giờ 00 ngày 04.11.2017 là 3.240 tỷ đồng,04.11.2017,4/11/2017,1
6/9/2026,https://www.petrolimex.com.vn/ndi/minh-bach-xang-dau/uoc-ton-quy-bog-tai-petrolimex-truoc-thoi-diem-giam-gia-xang-dau-16-gio-55-ngay-20-10-2017-la-3-190-ty-dong.html,Ước tồn Quỹ BOG tại Petrolimex trước thời điểm giảm giá xăng dầu 16 giờ 55 ngày 20.10.2017 là 3.190 tỷ đồng,20.10.2017,20/10/2017,1
6/9/2026,https://www.petrolimex.com.vn/ndi/minh-bach-xang-dau/uoc-ton-quy-bog-tai-petrolimex-truoc-thoi-diem-dieu-chinh-gia-xang-dau-16-gio-55-ngay-05-10-2017-la-3-141-ty-dong.html,Ước tồn Quỹ BOG tại Petrolimex trước thời điểm điều chỉnh giá xăng dầu 16 giờ 55 ngày 05.10.2017 là 3.141 tỷ đồng,05.10.2017,5/10/2017,1
6/9/2026,https://www.petrolimex.com.vn/ndi/minh-bach-xang-dau/uoc-ton-quy-bog-tai-petrolimex-truoc-thoi-diem-tang-gia-xang-dau-15-gio-ngay-20-9-2017-la-3-087-ty-dong.html,Ước tồn Quỹ BOG tại Petrolimex trước thời điểm tăng giá xăng dầu 15 giờ ngày 20.9.2017 là 3.087 tỷ đồng,20.9.2017,20/09/2017,1
6/9/2026,https://www.petrolimex.com.vn/ndi/minh-bach-xang-dau/uoc-ton-quy-bog-tai-petrolimex-truoc-thoi-diem-tang-gia-xang-dau-15-gio-ngay-05-9-2017-la-2-956-ty-dong.html,Ước tồn Quỹ BOG tại Petrolimex trước thời điểm tăng giá xăng dầu 15 giờ ngày 05.9.2017 là 2.956 tỷ đồng,05.9.2017,5/9/2017,1
6/9/2026,https://www.petrolimex.com.vn/ndi/minh-bach-xang-dau/petrolimex-minh-bach-xang-dau-uoc-ton-quy-bog-tai-petrolimex-truoc-thoi-diem-tang-gia-xang-dau-15-gio-ngay-04-8-2017-la-2-809-ty-dong.html,Ước tồn Quỹ BOG tại Petrolimex trước thời điểm tăng giá xăng dầu 15 giờ ngày 19.8.2017 là 2.900 tỷ đồng,19.8.2017,19/08/2017,1
6/9/2026,https://www.petrolimex.com.vn/ndi/minh-bach-xang-dau/uoc-ton-quy-bog-tai-petrolimex-truoc-thoi-diem-tang-gia-xang-dau-15-gio-ngay-04-8-2017-la-2-809-ty-dong.html,Ước tồn Quỹ BOG tại Petrolimex trước thời điểm tăng giá xăng dầu 15 giờ ngày 04.8.2017 là 2.809 tỷ đồng,04.8.2017,4/8/2017,1
6/9/2026,https://www.petrolimex.com.vn/ndi/minh-bach-xang-dau/uoc-ton-quy-bog-tai-petrolimex-truoc-thoi-diem-tang-gia-xang-dau-15-gio-ngay-20-7-2017-la-2-690-ty-dong.html,Ước tồn Quỹ BOG tại Petrolimex trước thời điểm tăng giá xăng dầu 15 giờ ngày 20.7.2017 là 2.690 tỷ đồng,20.7.2017,20/07/2017,1
6/9/2026,https://www.petrolimex.com.vn/ndi/minh-bach-xang-dau/uoc-ton-quy-bog-tai-petrolimex-truoc-thoi-diem-dieu-chinh-gia-xang-dau-17-gio-ngay-05-7-2017-la-2-576-ty-dong.html,Ước tồn Quỹ BOG tại Petrolimex trước thời điểm điều chỉnh giá xăng dầu 17 giờ ngày 05.7.2017 là 2.576 tỷ đồng,05.7.2017,5/7/2017,1
6/9/2026,https://www.petrolimex.com.vn/ndi/minh-bach-xang-dau/uoc-ton-quy-bog-tai-petrolimex-truoc-thoi-diem-giam-gia-xang-dau-15-gio-ngay-20-6-2017-la-2-476-ty-dong.html,Ước tồn Quỹ BOG tại Petrolimex trước thời điểm giảm giá xăng dầu 15 giờ ngày 20.6.2017 là 2.476 tỷ đồng,20.6.2017,20/06/2017,1
6/9/2026,https://www.petrolimex.com.vn/ndi/minh-bach-xang-dau/uoc-ton-quy-bog-tai-petrolimex-truoc-thoi-diem-tang-gia-xang-dau-15-gio-ngay-05-6-2017-la-2-380-ty-dong.html,Ước tồn Quỹ BOG tại Petrolimex trước thời điểm tăng giá xăng dầu 15 giờ ngày 05.6.2017 là 2.380 tỷ đồng,05.6.2017,5/6/2017,1
6/9/2026,https://www.petrolimex.com.vn/nd/tin-chuyen-nganh/uoc-ton-quy-bog-tai-petrolimex-truoc-thoi-diem-tang-gia-xang-dau-15-gio-ngay-20-5-2017-la-2-255-ty-dong.html,Ước tồn Quỹ BOG tại Petrolimex trước thời điểm tăng giá xăng dầu 15 giờ ngày 20.5.2017 là 2.255 tỷ đồng,20.5.2017,20/05/2017,1
6/9/2026,https://www.petrolimex.com.vn/ndi/minh-bach-xang-dau/uoc-ton-quy-bog-tai-petrolimex-truoc-thoi-diem-tang-gia-xang-dau-15-gio-ngay-05-5-2017-la-2-140-ty-dong.html,Ước tồn Quỹ BOG tại Petrolimex trước thời điểm tăng giá xăng dầu 15 giờ ngày 05.5.2017 là 2.140 tỷ đồng,05.5.2017,5/5/2017,1
6/9/2026,https://www.petrolimex.com.vn/ndi/minh-bach-xang-dau/uoc-ton-quy-bog-tai-petrolimex-truoc-thoi-diem-tang-gia-xang-dau-15-gio-ngay-20-4-2017-la-2-175-ty-dong.html,Ước tồn Quỹ BOG tại Petrolimex trước thời điểm tăng giá xăng dầu 15 giờ ngày 20.4.2017 là 2.175 tỷ đồng,20.4.2017,20/04/2017,1
6/9/2026,https://www.petrolimex.com.vn/ndi/minh-bach-xang-dau/uoc-ton-quy-bog-tai-petrolimex-truoc-thoi-diem-giam-gia-gia-xang-dau-15-gio-ngay-05-4-2017-la-2-026-ty-dong.html,Ước tồn Quỹ BOG tại Petrolimex trước thời điểm giảm giá xăng dầu 15 giờ ngày 05.4.2017 là 2.026 tỷ đồng,05.4.2017,5/4/2017,1
6/9/2026,https://www.petrolimex.com.vn/ndi/minh-bach-xang-dau/uoc-ton-quy-bog-tai-petrolimex-truoc-thoi-diem-dieu-chinh-gia-xang-dau-15-gio-ngay-21-3-2017-la-1-960-ty-dong.html,Ước tồn Quỹ BOG tại Petrolimex trước thời điểm giảm giá xăng dầu 15 giờ ngày 21.3.2017 là 1.960 tỷ đồng,21.3.2017,21/03/2017,1
6/9/2026,https://www.petrolimex.com.vn/ndi/minh-bach-xang-dau/uoc-ton-quy-bog-tai-petrolimex-truoc-thoi-diem-dieu-chinh-gia-xang-dau-15-gio-ngay-06-3-2017-la-1-827-ty-dong.html,Ước tồn Quỹ BOG tại Petrolimex trước thời điểm điều chỉnh giá xăng dầu 15 giờ ngày 06.3.2017 là 1.827 tỷ đồng,06.3.2017,6/3/2017,1
6/9/2026,https://www.petrolimex.com.vn/ndi/minh-bach-xang-dau/petrolimex-minh-bach-xang-dau-uoc-ton-quy-bog-tai-petrolimex-truoc-thoi-diem-tang-gia-xang-dau-15-gio-ngay-18-02-2017-la-1-817-ty-dong.html,Ước tồn Quỹ BOG tại Petrolimex trước thời điểm tăng giá xăng dầu 15 giờ ngày 18.02.2017 là 1.817 tỷ đồng,18.02.2017,18/02/2017,1
6/9/2026,https://www.petrolimex.com.vn/ndi/minh-bach-xang-dau/uoc-ton-quy-bog-tai-petrolimex-truoc-thoi-diem-giam-gia-dau-16-gio-ngay-03-02-2017-la-1-821-ty-dong.html,Ước tồn Quỹ BOG tại Petrolimex trước thời điểm giảm giá dầu 16 giờ ngày 03.02.2017 là 1.821 tỷ đồng,03.02.2017,3/2/2017,1
6/9/2026,https://www.petrolimex.com.vn/ndi/minh-bach-xang-dau/petrolimex_minh_bach_xang_dau-uoc_ton_quy_bog_tai_petrolimex_truoc_thoi_diem_tang_gia_dau_15_gio_ngay_19-01-2017_la_1-790_ty_dong.html,Ước tồn Quỹ BOG tại Petrolimex trước thời điểm tăng giá dầu 15 giờ ngày 19.01.2017 là 1.790 tỷ đồng,19.01.2017,19/01/2017,1
6/9/2026,https://www.petrolimex.com.vn/ndi/minh-bach-xang-dau/uoc-ton-quy-bog-tai-petrolimex-truoc-thoi-diem-tang-gia-xang-dau-16-gio-ngay-04-01-2017-la-1-805-ty-dong.html,Ước tồn Quỹ BOG tại Petrolimex trước thời điểm tăng giá dầu 16 giờ ngày 04.01.2017 là 1.805 tỷ đồng,04.01.2017,4/1/2017,1
6/9/2026,https://www.petrolimex.com.vn/ndi/minh-bach-xang-dau/petrolimex-minh-bach-xang-dau-uoc-ton-quy-bog-tai-petrolimex-truoc-thoi-diem-tang-gia-xang-dau-15-gio-ngay-20-12-2016-la-1-840-ty-dong.html,Ước tồn Quỹ BOG tại Petrolimex trước thời điểm tăng giá xăng dầu 15 giờ ngày 20.12.2016 là 1.840 tỷ đồng,20.12.2016,20/12/2016,1
6/9/2026,https://www.petrolimex.com.vn/ndi/minh-bach-xang-dau/uoc-ton-quy-bog-tai-petrolimex-truoc-thoi-diem-tang-gia-xang-dau-19-gio-ngay-05-12-2016-la-1-850-ty-dong.html,Ước tồn Quỹ BOG tại Petrolimex trước thời điểm tăng giá xăng dầu 19 giờ ngày 05.12.2016 là 1.850 tỷ đồng,05.12.2016,5/12/2016,1
6/9/2026,https://www.petrolimex.com.vn/ndi/minh-bach-xang-dau/uoc-ton-quy-bog-tai-petrolimex-truoc-thoi-diem-giam-gia-xang-dau-15-gio-ngay-19-11-2016-la-ty-dong.html,Ước tồn Quỹ BOG tại Petrolimex trước thời điểm giảm giá xăng dầu 15 giờ ngày 19.11.2016 là 1.752 tỷ đồng,19.11.2016,19/11/2016,1
6/9/2026,https://www.petrolimex.com.vn/ndi/minh-bach-xang-dau/uoc-ton-quy-bog-tai-petrolimex-truoc-thoi-diem-tang-gia-xang-dau-15-gio-ngay-04-11-2016-la-1-757-ty-dong.html,Ước tồn Quỹ BOG tại Petrolimex trước thời điểm tăng giá xăng dầu 15 giờ ngày 04.11.2016 là 1.757 tỷ đồng,04.11.2016,4/11/2016,1
6/9/2026,https://www.petrolimex.com.vn/ndi/minh-bach-xang-dau/uoc-ton-quy-bog-tai-petrolimex-truoc-thoi-diem-tang-gia-xang-dau-16-gio-45-ngay-20-10-2016-la-1-815-ty-dong.html,Ước tồn Quỹ BOG tại Petrolimex trước thời điểm tăng giá xăng dầu 16 giờ 45 ngày 20.10.2016 là 1.815 tỷ đồng,20.10.2016,20/10/2016,1
6/9/2026,https://www.petrolimex.com.vn/ndi/minh-bach-xang-dau/uoc-ton-quy-bog-tai-petrolimex-truoc-thoi-diem-tang-gia-xang-dau-16-gio-30-ngay-05-10-2016-la-ty-dong.html,Ước tồn Quỹ BOG tại Petrolimex trước thời điểm tăng giá xăng dầu 16 giờ 30 ngày 05.10.2016 là 1.735 tỷ đồng,05.10.2016,5/10/2016,1
6/9/2026,https://www.petrolimex.com.vn/ndi/minh-bach-xang-dau/petrolimex-minh-bach-xang-dau-uoc-ton-quy-bog-tai-petrolimex-truoc-thoi-diem-tang-gia-xang-dau-15-gio-ngay-05-9-2016-la-1-678-ty-dong.html,Ước tồn Quỹ BOG tại Petrolimex trước thời điểm tăng giá xăng dầu 15 giờ ngày 20.9.2016 là 1.678 tỷ đồng,20.9.2016,20/09/2016,1
6/9/2026,https://www.petrolimex.com.vn/ndi/minh-bach-xang-dau/uoc-ton-quy-bog-tai-petrolimex-truoc-thoi-diem-tang-gia-xang-dau-15-gio-ngay-05-9-2016-la-1-630-ty-dong.html,Ước tồn Quỹ BOG tại Petrolimex trước thời điểm tăng giá xăng dầu 15 giờ ngày 05.9.2016 là 1.630 tỷ đồng,05.9.2016,5/9/2016,1
6/9/2026,https://www.petrolimex.com.vn/ndi/minh-bach-xang-dau/petrolimex-minh-bach-xang-dau-uoc-ton-quy-bog-tai-petrolimex-truoc-thoi-diem-tang-gia-xang-dau-15-gio-30-ngay-19-8-2016-la-1-515-ty-dong.html,Ước tồn Quỹ BOG tại Petrolimex trước thời điểm tăng giá xăng dầu 15 giờ 30 ngày 19.8.2016 là 1.515 tỷ đồng,19.8.2016,19/08/2016,1
6/9/2026,https://www.petrolimex.com.vn/ndi/minh-bach-xang-dau/uoc-ton-quy-bog-tai-petrolimex-truoc-thoi-diem-giam-gia-xang-dau-15-gio-ngay-04-8-2016-la-1-418-ty-dong.html,Ước tồn Quỹ BOG tại Petrolimex trước thời điểm giảm giá xăng dầu 15 giờ ngày 04.8.2016 là 1.418 tỷ đồng,04.8.2016,4/8/2016,1
6/9/2026,https://www.petrolimex.com.vn/ndi/minh-bach-xang-dau/uoc-ton-quy-bog-tai-petrolimex-truoc-thoi-diem-giam-gia-xang-15-gio-ngay-20-7-2016-la-1-350-ty-dong.html,Ước tồn Quỹ BOG tại Petrolimex trước thời điểm giảm giá xăng 15 giờ ngày 20.7.2016 là 1.350 tỷ đồng,20.7.2016,20/07/2016,1
6/9/2026,https://www.petrolimex.com.vn/ndi/minh-bach-xang-dau/uoc-ton-quy-bog-tai-petrolimex-truoc-thoi-diem-dieu-chinh-gia-xang-dau-15-gio-ngay-05-7-2016-la-1-405-ty-dong.html,Ước tồn Quỹ BOG tại Petrolimex trước thời điểm điều chỉnh giá xăng dầu 15 giờ ngày 05.7.2016 là 1.405 tỷ đồng,05.7.2016,5/7/2016,1
6/9/2026,https://www.petrolimex.com.vn/ndi/minh-bach-xang-dau/uoc-ton-quy-bog-tai-petrolimex-truoc-thoi-diem-tang-gia-xang-dau-15-gio-ngay-20-6-2016-la-1-487-ty-dong.html,Ước tồn Quỹ BOG tại Petrolimex trước thời điểm tăng giá xăng dầu 15 giờ ngày 20.6.2016 là 1.487 tỷ đồng,20.6.2016,20/06/2016,1
6/9/2026,https://www.petrolimex.com.vn/ndi/minh-bach-xang-dau/uoc-ton-quy-bog-tai-petrolimex-truoc-thoi-diem-tang-gia-xang-dau-15-gio-ngay-04-6-2016-la-1-650-ty-dong.html,Ước tồn Quỹ BOG tại Petrolimex trước thời điểm tăng giá xăng dầu 15 giờ ngày 04.6.2016 là 1.650 tỷ đồng,04.6.2016,4/6/2016,1
6/9/2026,https://www.petrolimex.com.vn/ndi/minh-bach-xang-dau/petrolimex-minh-bach-xang-dau-uoc-ton-quy-bog-tai-petrolimex-truoc-thoi-diem-tang-gia-xang-dau-15-gio-ngay-20-5-2016-la-1-800-ty-dong.html,Ước tồn Quỹ BOG tại Petrolimex trước thời điểm tăng giá xăng dầu 15 giờ ngày 20.5.2016 là 1.800 tỷ đồng,20.5.2016,20/05/2016,1
6/9/2026,https://www.petrolimex.com.vn/ndi/minh-bach-xang-dau/uoc-ton-quy-bog-tai-petrolimex-truoc-thoi-diem-tang-gia-xang-dau-15-gio-ngay-05-5-2016-la-1-955-ty-dong.html,Ước tồn Quỹ BOG tại Petrolimex trước thời điểm tăng giá xăng dầu 15 giờ ngày 05.5.2016 là 1.955 tỷ đồng,05.5.2016,5/5/2016,1
6/9/2026,https://www.petrolimex.com.vn/ndi/minh-bach-xang-dau/uoc-ton-quy-bog-tai-petrolimex-truoc-thoi-diem-tang-gia-dau-16-gio-ngay-20-4-2016-la-2-072-ty-dong.html,Ước tồn Quỹ BOG tại Petrolimex trước thời điểm tăng giá dầu 16 giờ ngày 20.4.2016 là 2.072 tỷ đồng,20.4.2016,20/04/2016,1
6/9/2026,https://www.petrolimex.com.vn/ndi/minh-bach-xang-dau/uoc-ton-quy-bog-tai-petrolimex-truoc-thoi-diem-tang-gia-xang-17-gio-00-ngay-05-4-2016-la-2-280-ty-dong.html,Ước tồn Quỹ BOG tại Petrolimex trước thời điểm tăng giá xăng 17 giờ ngày 05.4.2016 là 2.280 tỷ đồng,05.4.2016,5/4/2016,1
6/9/2026,https://www.petrolimex.com.vn/ndi/minh-bach-xang-dau/uoc-ton-quy-bog-tai-petrolimex-truoc-thoi-diem-dieu-chinh-gia-16-gio-30-ngay-21-3-2016-la-2-710-ty-dong.html,Ước tồn Quỹ BOG tại Petrolimex trước thời điểm tăng giá 16 giờ 30 ngày 21.3.2016 là 2.710 tỷ đồng,21.3.2016,21/03/2016,1
6/9/2026,https://www.petrolimex.com.vn/ndi/minh-bach-xang-dau/uoc-ton-quy-bog-tai-petrolimex-truoc-thoi-diem-15-gio-00-ngay-04-3-2016-la-2-700-ty-dong.html,Ước tồn Quỹ BOG tại Petrolimex tại thời điểm 15 giờ 00 ngày 04.3.2016 là 2.700 tỷ đồng,04.3.2016,4/3/2016,1
6/9/2026,https://www.petrolimex.com.vn/ndi/minh-bach-xang-dau/uoc-ton-quy-bog-tai-petrolimex-truoc-thoi-diem-dieu-chinh-gia-15-gio-00-ngay-18-02-2016-la-2-670-ty-dong.html,Ước tồn Quỹ BOG tại Petrolimex trước thời điểm điều chỉnh giá 15 giờ 00 ngày 18.02.2016 là 2.670 tỷ đồng,18.02.2016,18/02/2016,1
6/9/2026,https://www.petrolimex.com.vn/ndi/minh-bach-xang-dau/uoc-ton-quy-bog-tai-petrolimex-truoc-thoi-diem-dieu-chinh-gia-15-gio-00-ngay-03-02-2016-la-2-580-ty-dong.html,Ước tồn Quỹ BOG tại Petrolimex trước thời điểm điều chỉnh giá 15 giờ 00 ngày 03.02.2016 là 2.580 tỷ đồng,03.02.2016,3/2/2016,1
6/9/2026,https://www.petrolimex.com.vn/ndi/minh-bach-xang-dau/uoc-ton-quy-bog-tai-petrolimex-truoc-thoi-diem-dieu-chinh-gia-15-gio-00-ngay-19-01-2016-la-2-520-ty-dong.html,Ước tồn Quỹ BOG tại Petrolimex trước thời điểm điều chỉnh giá 15 giờ 00 ngày 19.01.2016 là 2.520 tỷ đồng,19.01.2016,19/01/2016,1
6/9/2026,https://www.petrolimex.com.vn/ndi/minh-bach-xang-dau/uoc-ton-quy-bog-tai-petrolimex-truoc-thoi-diem-dieu-chinh-gia-15-gio-00-ngay-04-01-2015-la-2-380-ty-dong.html,Ước tồn Quỹ BOG tại Petrolimex trước thời điểm điều chỉnh giá 15 giờ 00 ngày 04.01.2016 là 2.380 tỷ đồng,04.01.2016,4/1/2016,1
6/9/2026,https://www.petrolimex.com.vn/ndi/minh-bach-xang-dau/uoc-ton-quy-bog-tai-petrolimex-truoc-thoi-diem-dieu-chinh-gia-15-gio-00-ngay-18-12-2015-la-2-282-ty-dong.html,Ước tồn Quỹ BOG tại Petrolimex trước thời điểm điều chỉnh giá 15 giờ 00 ngày 18.12.2015 là 2.282 tỷ đồng,18.12.2015,18/12/2015,1
6/9/2026,https://www.petrolimex.com.vn/ndi/minh-bach-xang-dau/uoc-ton-quy-bog-tai-petrolimex-truoc-thoi-diem-dieu-chinh-gia-15-gio-00-ngay-03-12-2015-la-2-180-ty-dong.html,Ước tồn Quỹ BOG tại Petrolimex trước thời điểm điều chỉnh giá 15 giờ 00 ngày 03.12.2015 là 2.180 tỷ đồng,03.12.2015,3/12/2015,1
6/9/2026,https://www.petrolimex.com.vn/ndi/minh-bach-xang-dau/uoc-ton-quy-bog-tai-petrolimex-truoc-thoi-diem-dieu-chinh-gia-15-gio-00-ngay-18-11-2015-la-2-110-ty-dong.html,Ước tồn Quỹ BOG tại Petrolimex trước thời điểm điều chỉnh giá 15 giờ 00 ngày 18.11.2015 là 2.110 tỷ đồng,18.11.2015,18/11/2015,1
6/9/2026,https://www.petrolimex.com.vn/ndi/minh-bach-xang-dau/uoc-ton-quy-bog-tai-petrolimex-truoc-thoi-diem-dieu-chinh-gia-15-gio-00-ngay-03-11-2015-la-2-000-ty-dong.html,Ước tồn Quỹ BOG tại Petrolimex trước thời điểm điều chỉnh giá 15 giờ 00 ngày 03.11.2015 là 2.000 tỷ đồng,03.11.2015,3/11/2015,1
6/9/2026,https://www.petrolimex.com.vn/ndi/minh-bach-xang-dau/uoc-ton-quy-bog-tai-petrolimex-truoc-thoi-diem-dieu-chinh-gia-15-gio-00-ngay-19-10-2015-la-1-940-ty-dong.html,Ước tồn Quỹ BOG tại Petrolimex trước thời điểm điều chỉnh giá 15 giờ 00 ngày 19.10.2015 là 1.940 tỷ đồng,19.10.2015,19/10/2015,1
6/9/2026,https://www.petrolimex.com.vn/ndi/minh-bach-xang-dau/uoc-ton-quy-bog-tai-petrolimex-truoc-thoi-diem-dieu-chinh-gia-15-gio-00-ngay-03-10-2015-la-1-830-ty-dong.html,Ước tồn Quỹ BOG tại Petrolimex trước thời điểm điều chỉnh giá 15 giờ 00 ngày 03.10.2015 là 1.830 tỷ đồng,03.10.2015,3/10/2015,1
6/9/2026,https://www.petrolimex.com.vn/ndi/minh-bach-xang-dau/uoc-ton-quy-bog-tai-petrolimex-truoc-thoi-diem-tang-gia-15-gio-00-ngay-18-9-2015-la-1-725-ty-dong.html,Ước tồn Quỹ BOG tại Petrolimex trước thời điểm tăng giá 15 giờ 00 ngày 18.9.2015 là 1.725 tỷ đồng,18.9.2015,18/09/2015,1
6/9/2026,https://www.petrolimex.com.vn/ndi/minh-bach-xang-dau/petrolimex-minh-bach-xang-dau-uoc-ton-quy-bog-tai-petrolimex-truoc-thoi-diem-giam-gia-15-gio-00-ngay-03-9-2015-la-1-620-ty-dong.html,Ước tồn Quỹ BOG tại Petrolimex trước thời điểm giảm giá 15 giờ 00 ngày 03.9.2015 là 1.620 tỷ đồng,03.9.2015,3/9/2015,1
6/9/2026,https://www.petrolimex.com.vn/ndi/minh-bach-xang-dau/uoc-ton-quy-bog-tai-petrolimex-truoc-thoi-diem-giam-gia-15-gio-00-ngay-19-8-2015-la-1-530-ty-dong.html,Ước tồn Quỹ BOG tại Petrolimex trước thời điểm giảm giá 15 giờ 00 ngày 19.8.2015 là 1.530 tỷ đồng,19.8.2015,19/08/2015,1
6/9/2026,https://www.petrolimex.com.vn/ndi/minh-bach-xang-dau/uoc-ton-quy-bog-tai-petrolimex-truoc-thoi-diem-dieu-chinh-gia-14-gio-30-ngay-04-8-2015-la-1-444-ty-dong.html,Ước tồn Quỹ BOG tại Petrolimex trước thời điểm điều chỉnh giá 14 giờ 30 ngày 04.8.2015 là 1.444 tỷ đồng,04.8.2015,4/8/2015,1
6/9/2026,https://www.petrolimex.com.vn/ndi/minh-bach-xang-dau/petrolimex-minh-bach-xang-dau-uoc-ton-quy-bog-tai-petrolimex-truoc-thoi-diem-dieu-chinh-gia-15-gio-00-ngay-20-7-2015-la-1-350-ty-dong.html,Ước tồn Quỹ BOG tại Petrolimex trước thời điểm điều chỉnh giá 15 giờ 00 ngày 20.7.2015 là 1.350 tỷ đồng,20.7.2015,20/07/2015,1
6/9/2026,https://www.petrolimex.com.vn/ndi/minh-bach-xang-dau/uoc-ton-quy-bog-tai-petrolimex-truoc-thoi-diem-dieu-chinh-gia-13-gio-00-ngay-04-7-2015.html,Ước tồn Quỹ BOG tại Petrolimex trước thời điểm điều chỉnh giá 13 giờ 00 ngày 04.7.2015 là 1.340 tỷ đồng,04.7.2015,4/7/2015,1
6/9/2026,https://www.petrolimex.com.vn/ndi/minh-bach-xang-dau/uoc-ton-quy-bog-tai-petrolimex-truoc-thoi-diem-dieu-chinh-gia-xang-dau-ngay-19-6-2015-la-1-390-ty-dong.html,Ước tồn Quỹ BOG tại Petrolimex trước thời điểm điều chỉnh giá xăng dầu ngày 19.6.2015 là 1.390 tỷ Đồng,19.6.2015,19/06/2015,1
6/9/2026,https://www.petrolimex.com.vn/ndi/minh-bach-xang-dau/uoc-ton-quy-bog-tai-petrolimex-truoc-thoi-diem-giam-gia-dau-ngay-04-6-2015-la-1-450-ty-dong.html,Ước tồn Quỹ BOG tại Petrolimex trước thời điểm giảm giá dầu ngày 04.6.2015 là 1.450 tỷ Đồng,04.6.2015,4/6/2015,1
6/9/2026,https://www.petrolimex.com.vn/ndi/minh-bach-xang-dau/petrolimex-minh-bach-xang-dau-uoc-ton-quy-bog-tai-petrolimex-truoc-thoi-diem-dieu-chinh-gia-dau-ngay-20-5-2015-la-1-4125-ty-dong.html,"Ước tồn Quỹ BOG tại Petrolimex trước thời điểm điều chỉnh giá dầu ngày 21.5.2015 là 1.412,5 tỷ Đồng",21.5.2015,21/05/2015,1
6/9/2026,https://www.petrolimex.com.vn/ndi/minh-bach-xang-dau/uoc-ton-quy-bog-tai-petrolimex-truoc-thoi-diem-dieu-chinh-gia-xang-dau-ngay-20-5-2015.html,Ước tồn Quỹ BOG tại Petrolimex trước thời điểm tăng giá xăng ngày 20.5.2015 là 1.414 tỷ Đồng,20.5.2015,20/05/2015,1
6/9/2026,https://www.petrolimex.com.vn/ndi/minh-bach-xang-dau/uoc-ton-quy-bog-tai-petrolimex-truoc-thoi-diem-dieu-chinh-gia-xang-dau-ngay-05-5-2015.html,Ước tồn Quỹ BOG tại Petrolimex trước thời điểm điều chỉnh giá xăng dầu ngày 05.5.2015 là 1.790 tỷ Đồng,05.5.2015,5/5/2015,1
6/9/2026,https://www.petrolimex.com.vn/ndi/minh-bach-xang-dau/uoc-ton-quy-bog-tai-petrolimex-truoc-thoi-diem-giam-gia-dau-hoa-va-mazut-ngay-26-3-2015-la-2-000-ty-dong.html,Ước tồn Quỹ BOG tại Petrolimex trước thời điểm giảm giá dầu hoả và mazút ngày 26.3.2015 là 2.000 tỷ Đồng,26.3.2015,26/03/2015,1
6/9/2026,https://www.petrolimex.com.vn/ndi/minh-bach-xang-dau/petrolimex-minh-bach-xang-dau-uoc-ton-quy-bog-tai-petrolimex-truoc-thoi-diem-giam-gia-ngay-11-3-2015-la-2-300-ty-dong.html,Ước tồn Quỹ BOG tại Petrolimex trước thời điểm tăng giá ngày 11.3.2015 là 2.300 tỷ Đồng,11.3.2015,11/3/2015,1
6/9/2026,https://www.petrolimex.com.vn/ndi/minh-bach-xang-dau/uoc-ton-quy-bog-tai-petrolimex-truoc-thoi-diem-giam-gia-ngay-05-02-2015-la-2-650-ty-dong.html,Ước tồn Quỹ BOG tại Petrolimex trước thời điểm giảm giá ngày 05.02.2015 là 2.650 tỷ Đồng,05.02.2015,5/2/2015,1
6/9/2026,https://www.petrolimex.com.vn/ndi/minh-bach-xang-dau/petrolimex-minh-bach-xang-dau-uoc-ton-quy-bog-tai-petrolimex-truoc-thoi-diem-giam-gia-ngay-21-01-2015-la-2-400-ty-dong.html,Ước tồn Quỹ BOG tại Petrolimex trước thời điểm giảm giá ngày 21.01.2015 là 2.400 tỷ Đồng,21.01.2015,21/01/2015,1
6/9/2026,https://www.petrolimex.com.vn/ndi/minh-bach-xang-dau/uoc-ton-quy-bog-tai-petrolimex-truoc-thoi-diem-giam-gia-ngay-06-01-2015-la-2-200-ty-dong.html,Ước tồn Quỹ BOG tại Petrolimex trước thời điểm giảm giá ngày 06.01.2015 là 2.200 tỷ Đồng,06.01.2015,6/1/2015,1
6/9/2026,https://www.petrolimex.com.vn/ndi/minh-bach-xang-dau/uoc-ton-quy-bog-tai-petrolimex-truoc-thoi-diem-giam-gia-ngay-22-12-2014-la-1-955-ty-dong.html,Ước tồn Quỹ BOG tại Petrolimex trước thời điểm giảm giá ngày 22.12.2014 là 1.955 tỷ Đồng,22.12.2014,22/12/2014,1
6/9/2026,https://www.petrolimex.com.vn/ndi/minh-bach-xang-dau/uoc-ton-quy-bog-tai-petrolimex-truoc-thoi-diem-giam-gia-ngay-06-12-2014-la-1-850-ty-dong.html,Ước tồn Quỹ BOG tại Petrolimex trước thời điểm giảm giá ngày 06.12.2014 là 1.850 tỷ Đồng,06.12.2014,6/12/2014,1
6/9/2026,https://www.petrolimex.com.vn/ndi/minh-bach-xang-dau/petrolimex-minh-bach-xang-dau-uoc-ton-quy-bog-tai-petrolimex-truoc-thoi-diem-giam-gia-ngay-22-11-2014-la-1-650-ty-dong.html,Ước tồn Quỹ BOG tại Petrolimex trước thời điểm giảm giá ngày 22.11.2014 là 1.650 tỷ Đồng,22.11.2014,22/11/2014,1
6/9/2026,https://www.petrolimex.com.vn/ndi/minh-bach-xang-dau/uoc-ton-quy-bog-tai-petrolimex-tai-thoi-diem-giam-gia-ngay-07-11-2014.html,Ước tồn Quỹ BOG tại Petrolimex trước thời điểm giảm giá ngày 07.11.2014 là 1.500 tỷ Đồng,07.11.2014,7/11/2014,1
