title,doc_number,operation_date,detail_url
Công văn về việc điều hành kinh doanh xăng dầu ngày 4/6/2026,4054/BCT-TTTN,04/06/2026,https://moit.gov.vn/van-ban-phap-luat/cong-van-ve-viec-dieu-hanh-kinh-doanh-xang-dau-ngay-4-6-2026.html
Công văn về việc điều hành kinh doanh xăng dầu ngày 28/5/2026,3826/BCT-TTTN,28/05/2026,https://moit.gov.vn/van-ban-phap-luat/cong-van-ve-viec-dieu-hanh-kinh-doanh-xang-dau-ngay-28-5-2026.html
Công văn về việc điều hành kinh doanh xăng dầu ngày 21/5/2026,3607/BCT-TTTN,21/05/2026,https://moit.gov.vn/van-ban-phap-luat/cong-van-ve-viec-dieu-hanh-kinh-doanh-xang-dau-ngay-215-2026.html
Công văn về việc điều hành kinh doanh xăng dầu ngày 14/5/2026,3392/BCT-TTTN,14/05/2026,https://moit.gov.vn/van-ban-phap-luat/cong-van-ve-viec-dieu-hanh-kinh-doanh-xang-dau-ngay-14-5-2026.html
Công văn về việc điều hành kinh doanh xăng dầu ngày 7/5/2026,3203/BCT-TTTN,07/05/2026,https://moit.gov.vn/van-ban-phap-luat/cong-van-ve-viec-dieu-hanh-kinh-doanh-xang-dau-ngay-7-5-2026.html
Công văn về việc điều hành kinh doanh xăng dầu ngày 29/4/2026,2997/BCT-TTTN,29/04/2026,https://moit.gov.vn/van-ban-phap-luat/cong-van-ve-viec-dieu-hanh-kinh-doanh-xang-dau-ngay-29-4-2026.html
Công văn về việc thời gian điều hành giá xăng dầu,1240/TTTN-XD,28/04/2026,https://moit.gov.vn/van-ban-phap-luat/cong-van-ve-viec-thoi-gian-dieu-hanh-gia-xang-dau.html
Công văn về việc điều hành kinh doanh xăng dầu ngày 23/4/2026,2844/BCT-TTTN,23/04/2026,https://moit.gov.vn/van-ban-phap-luat/cong-van-ve-viec-dieu-hanh-kinh-doanh-xang-dau-ngay-23-4-2026.html
Công văn về việc điều hành kinh doanh xăng dầu ngày 21/4/2026,2781/BCT-TTTN,21/04/2026,https://moit.gov.vn/van-ban-phap-luat/cong-van-ve-viec-dieu-hanh-kinh-doanh-xang-dau-ngay-21-4-2026.html
Công văn về việc điều hành kinh doanh xăng dầu ngày 16/4/2026,2642/BCT-TTTN,16/04/2026,https://moit.gov.vn/van-ban-phap-luat/cong-van-ve-viec-dieu-hanh-kinh-doanh-xang-dau-ngay-16-4-2026.html
Công văn về việc điều hành kinh doanh xăng dầu ngày 9/4/2026,2455/BCT-TTTN,09/04/2026,https://moit.gov.vn/van-ban-phap-luat/cong-van-ve-viec-dieu-hanh-kinh-doanh-xang-dau-ngay-9-4-2026.html
Công văn về việc điều hành kinh doanh xăng dầu ngày 8/4/2026,2428/BCT-TTTN,08/04/2026,https://moit.gov.vn/van-ban-phap-luat/cong-van-ve-viec-dieu-hanh-kinh-doanh-xang-dau-ngay-8-4-2026.html
Công văn về việc điều hành kinh doanh xăng dầu ngày 3/4/2026,2330/BCT-TTTN,03/04/2026,https://moit.gov.vn/van-ban-phap-luat/cong-van-ve-viec-dieu-hanh-kinh-doanh-xang-dau-ngay-3-4-2026.html
Công văn về việc điều hành kinh doanh xăng dầu ngày 2/4/2026,2291/BCT-TTNN,02/04/2026,https://moit.gov.vn/van-ban-phap-luat/cong-van-ve-viec-dieu-hanh-kinh-doanh-xang-dau-ngay-2-4-2026.html
Công văn về việc điều hành kinh doanh xăng dầu ngày 25/3/2026,1990/BCT-TTTN,25/03/2026,https://moit.gov.vn/van-ban-phap-luat/cong-van-ve-viec-dieu-hanh-kinh-doanh-xang-dau-ngay-24-3-2026.html
Công văn về việc điều hành kinh doanh xăng dầu ngày 19/3/2026,1825/BCT-TTTN,19/03/2026,https://moit.gov.vn/van-ban-phap-luat/cong-van-ve-viec-dieu-hanh-kinh-doanh-xang-dau-ngay-19-3-2026.html
Công văn về việc điều hành kinh doanh xăng dầu ngày 13/3/2026,670/TTTN-XD,13/03/2026,https://moit.gov.vn/van-ban-phap-luat/cong-van-ve-viec-dieu-hanh-kinh-doanh-xang-dau-ngay-13-3-2026.html
Công văn về việc điều hành kinh doanh xăng dầu ngày 12/3/2026,1618/BCT-TTTN,12/03/2026,https://moit.gov.vn/van-ban-phap-luat/cong-van-ve-viec-dieu-hanh-kinh-doanh-xang-dau-ngay-12-3-2026.html
Công văn về việc điều hành kinh doanh xăng dầu ngày 11/3/2026,1582/BCT-TTTN,11/03/2026,https://moit.gov.vn/van-ban-phap-luat/cong-van-ve-viec-dieu-hanh-kinh-doanh-xang-dau-ngay-11-3-2026.html
Công văn về việc điều hành kinh doanh xăng dầu ngày 10/3/2026,1545/BCT-TTTN,10/03/2026,https://moit.gov.vn/van-ban-phap-luat/cong-van-ve-viec-dieu-hanh-kinh-doanh-xang-dau-ngay-10-3-2026.html
Công văn về việc điều hành kinh doanh xăng dầu ngày 7/3/2026,1440/BCT-TTTN,07/03/2026,https://moit.gov.vn/van-ban-phap-luat/cong-van-ve-viec-dieu-hanh-kinh-doanh-xang-dau-ngay-7-3-2026.html
Công văn về việc điều hành kinh doanh xăng dầu ngày 5/3/2026,1358/BCT-TTTN,05/03/2026,https://moit.gov.vn/van-ban-phap-luat/cong-van-ve-viec-dieu-hanh-kinh-doanh-xang-dau-ngay-5-3-2026.html
Công văn về việc điều hành kinh doanh xăng dầu ngày 26/2/2026,1162/BCT-TTTN,26/02/2026,https://moit.gov.vn/van-ban-phap-luat/cong-van-ve-viec-dieu-hanh-kinh-doanh-xang-dau-ngay-26-2-2026.html
Công văn về việc điều hành kinh doanh xăng dầu ngày 20/2/2026,1091/BCT-TTTN,20/02/2026,https://moit.gov.vn/van-ban-phap-luat/cong-van-ve-viec-dieu-hanh-kinh-doanh-xang-dau-ngay-20-2-2026.html
Công văn về việc điều hành kinh doanh xăng dầu ngày 12/2/2026,971/BCT-TTTN,12/02/2026,https://moit.gov.vn/van-ban-phap-luat/cong-van-ve-viec-dieu-hanh-kinh-doanh-xang-dau-ngay-12-2-2026.html
Công văn về việc điều hành kinh doanh xăng dầu ngày 5/2/2026,797/BCT-TTTN,05/02/2026,https://moit.gov.vn/van-ban-phap-luat/cong-van-ve-viec-dieu-hanh-kinh-doanh-xang-dau-ngay-5-2-2026.html
Công văn về việc điều hành kinh doanh xăng dầu ngày 29/1/2026,619/BCT-TTTN,29/01/2026,https://moit.gov.vn/van-ban-phap-luat/cong-van-ve-viec-dieu-hanh-kinh-doanh-xang-dau-ngay-29-1-2026.html
Công văn về việc điều hành kinh doanh xăng dầu ngày 22/1/2026,464/BCT-TTTN,22/01/2026,https://moit.gov.vn/van-ban-phap-luat/cong-van-ve-viec-dieu-hanh-kinh-doanh-xang-dau-ngay-22-1-2026.html
Công văn về việc điều hành kinh doanh xăng dầu ngày 8/1/2026,83/BCT-TTTN,08/01/2026,https://moit.gov.vn/van-ban-phap-luat/cong-van-ve-viec-dieu-hanh-kinh-doanh-xang-dau-ngay-8-1-2026.html
Công văn về việc điều hành kinh doanh xăng dầu ngày 31/12,10376/BCT-TTTN,31/12/2025,https://moit.gov.vn/van-ban-phap-luat/cong-van-ve-viec-dieu-hanh-kinh-doanh-xang-dau-ngay-31-12.html
Công văn về việc điều hành kinh doanh xăng dầu ngày 25/12,10210/BCT-TTTN,25/12/2025,https://moit.gov.vn/van-ban-phap-luat/cong-van-ve-viec-dieu-hanh-kinh-doanh-xang-dau-ngay-25-12.html
Công văn về việc điều hành kinh doanh xăng dầu ngày 18/12,9988/BCT-TTTN,18/12/2025,https://moit.gov.vn/van-ban-phap-luat/cong-van-ve-viec-dieu-hanh-kinh-doanh-xang-dau-ngay-18-12.html
Công văn về việc điều hành kinh doanh xăng dầu ngày 11/12,9817/BCT-TTTN,11/12/2025,https://moit.gov.vn/van-ban-phap-luat/cong-van-ve-viec-dieu-hanh-kinh-doanh-xang-dau-ngay-11-12.html
Công văn về việc điều hành kinh doanh xăng dầu ngày 4/12,9634/BCT-TTTN,04/12/2025,https://moit.gov.vn/van-ban-phap-luat/cong-van-ve-viec-dieu-hanh-kinh-doanh-xang-dau-ngay-4-12.html
Công văn về việc điều hành kinh doanh xăng dầu ngày 27/11,9398/BCT-TTTN,27/11/2025,https://moit.gov.vn/van-ban-phap-luat/cong-van-ve-viec-dieu-hanh-kinh-doanh-xang-dau-ngay-27-11.html
Công văn về việc điều hành kinh doanh xăng dầu ngày 20/11,9162/BCT-TTTN,20/11/2025,https://moit.gov.vn/van-ban-phap-luat/cong-van-ve-viec-dieu-hanh-kinh-doanh-xang-dau-ngay-20-11.html
Công văn về việc điều hành kinh doanh xăng dầu ngày 13/11,8955/BCT-TTTN,13/11/2025,https://moit.gov.vn/van-ban-phap-luat/cong-van-ve-viec-dieu-hanh-kinh-doanh-xang-dau-ngay-131.html
Công văn về việc điều hành kinh doanh xăng dầu ngày 6/11,8728/BCT-TTTN,06/11/2025,https://moit.gov.vn/van-ban-phap-luat/cong-van-ve-viec-dieu-hanh-kinh-doanh-xang-dau-ngay-6-11.html
Công văn về việc điều hành kinh doanh xăng dầu ngày 30/10,8493/BCT-TTTN,30/10/2025,https://moit.gov.vn/van-ban-phap-luat/cong-van-ve-viec-dieu-hanh-kinh-doanh-xang-dau-ngay-30-10.html
Công văn về việc điều hành kinh doanh xăng dầu ngày 23/10,8250/BCT-TTTN,23/10/2025,https://moit.gov.vn/van-ban-phap-luat/cong-van-ve-viec-dieu-hanh-kinh-doanh-xang-dau-ngay-23-10.html
Công văn về việc điều hành kinh doanh xăng dầu ngày 16/10,8033/BCT-TTTN,16/10/2025,https://moit.gov.vn/van-ban-phap-luat/cong-van-ve-viec-dieu-hanh-kinh-doanh-xang-dau-ngay-16-10.html
Công văn về việc điều hành kinh doanh xăng dầu ngày 9/10,7823/BCT-TTTN,09/10/2025,https://moit.gov.vn/van-ban-phap-luat/cong-van-ve-viec-dieu-hanh-kinh-doanh-xang-dau-ngay-9-10.html
Công văn về việc điều hành kinh doanh xăng dầu ngày 2/10,7538/BCT-TTTN,02/10/2025,https://moit.gov.vn/van-ban-phap-luat/cong-van-ve-viec-dieu-hanh-kinh-doanh-xang-dau-ngay-2-10.html
Công văn về việc điều hành kinh doanh xăng dầu ngày 25/9,7336/BCT-TTTN,25/09/2025,https://moit.gov.vn/van-ban-phap-luat/cong-van-ve-viec-dieu-hanh-kinh-doanh-xang-dau-ngay-25-9.html
Công văn về việc điều hành kinh doanh xăng dầu ngày 18/9,7068/BCT-TTTN,18/09/2025,https://moit.gov.vn/van-ban-phap-luat/cong-van-ve-viec-dieu-hanh-kinh-doanh-xang-dau-ngay-18-9.html
Công văn về việc điều hành kinh doanh xăng dầu ngày 11/9,6869/BCT-TTTN,11/09/2025,https://moit.gov.vn/van-ban-phap-luat/cong-van-ve-viec-dieu-hanh-kinh-doanh-xang-dau-ngay-11-9.html
Công văn về việc điều hành kinh doanh xăng dầu ngày 4/9,6652/BCT-TTTN,04/09/2025,https://moit.gov.vn/van-ban-phap-luat/cong-van-ve-viec-dieu-hanh-kinh-doanh-xang-dau-ngay-4-9-2025.html
Công văn về việc điều hành kinh doanh xăng dầu ngày 28/8,6495/BCT-TTTN,28/08/2025,https://moit.gov.vn/van-ban-phap-luat/cong-van-ve-viec-dieu-hanh-kinh-doanh-xang-dau-ngay-28-8.html
Công văn về việc điều hành kinh doanh xăng dầu ngày 21/8,6269/BCT-TTNN,21/08/2025,https://moit.gov.vn/van-ban-phap-luat/cong-van-ve-viec-dieu-hanh-kinh-doanh-xang-dau-ngay-21-8.html
Công văn về việc điều hành kinh doanh xăng dầu ngày 14/8,6042/BCT-TTTN,14/08/2025,https://moit.gov.vn/van-ban-phap-luat/cong-van-ve-viec-dieu-hanh-kinh-doanh-xang-dau-ngay-14-8.html
Công văn về việc điều hành kinh doanh xăng dầu ngày 7/8,5891/BCT-TTTN,07/08/2025,https://moit.gov.vn/van-ban-phap-luat/cong-van-ve-viec-dieu-hanh-kinh-doanh-xang-dau-ngay-7-8.html
Công văn về việc điều hành kinh doanh xăng dầu ngày 31/7,5664/BCT-TTTN,31/07/2025,https://moit.gov.vn/van-ban-phap-luat/cong-van-ve-viec-dieu-hanh-kinh-doanh-xang-dau-ngay-31-7.html
Công văn về việc điều hành kinh doanh xăng dầu ngày 24/7,5515/BCT-TTTN,24/07/2025,https://moit.gov.vn/van-ban-phap-luat/cong-van-ve-viec-dieu-hanh-kinh-doanh-xang-dau-ngay-24-7.html
Công văn về việc điều hành kinh doanh xăng dầu ngày 17/7,5285/BCT-TTTN,17/07/2025,https://moit.gov.vn/van-ban-phap-luat/van-ban-dieu-hanh/cong-van-ve-viec-dieu-hanh-kinh-doanh-xang-dau-ngay-17-7.html
Công văn về việc điều hành kinh doanh xăng dầu ngày 10/7,5121/BCT-TTTN,10/07/2025,https://moit.gov.vn/van-ban-phap-luat/cong-van-ve-viec-dieu-hanh-kinh-doanh-xang-dau-ngay-10-7.html
Công văn về việc điều hành kinh doanh xăng dầu ngày 3/7,4904/BCT-TTTN,03/07/2025,https://moit.gov.vn/van-ban-phap-luat/cong-van-ve-viec-dieu-hanh-kinh-doanh-xang-dau-ngay-3-7.html
Công văn về việc điều hành kinh doanh xăng dầu ngày 26/6,4684/BCT-TTTN,26/06/2025,https://moit.gov.vn/van-ban-phap-luat/van-ban-dieu-hanh/cong-van-ve-viec-dieu-hanh-kinh-doanh-xang-dau-ngay-26-6.html
Công văn về việc điều hành kinh doanh xăng dầu ngày 19/6,4443/BCT-TTTN,19/06/2025,https://moit.gov.vn/van-ban-phap-luat/cong-van-ve-viec-dieu-hanh-kinh-doanh-xang-dau-ngay-19-6.html
Công văn về việc điều hành kinh doanh xăng dầu ngày 12/6,4217/BCT-TTTN,12/06/2025,https://moit.gov.vn/van-ban-phap-luat/van-ban-dieu-hanh/cong-van-ve-viec-dieu-hanh-kinh-doanh-xang-dau-ngay-12-6.html
Công văn về việc điều hành kinh doanh xăng dầu ngày 6/5,4069/BCT-TTTN,05/06/2025,https://moit.gov.vn/van-ban-phap-luat/cong-van-ve-viec-dieu-hanh-kinh-doanh-xang-dau-ngay-6-5.html
Công văn về việc điều hành kinh doanh xăng dầu ngày 29/5,3838/BCT-TTTN,29/05/2025,https://moit.gov.vn/van-ban-phap-luat/van-ban-dieu-hanh/cong-van-ve-viec-dieu-hanh-kinh-doanh-xang-dau-ngay-29-5.html
Công văn về việc điều hành kinh doanh xăng dầu ngày 22/5/2025,3669/BCT-TTTN,22/05/2025,https://moit.gov.vn/van-ban-phap-luat/van-ban-dieu-hanh/cong-van-ve-viec-dieu-hanh-kinh-doanh-xang-dau-ngay-22-5-2025.html
Công văn về việc điều hành kinh doanh xăng dầu ngày 15/5/2025,3462-BCT-TTTN,15/05/2025,https://moit.gov.vn/van-ban-phap-luat/van-ban-dieu-hanh/cong-van-ve-viec-dieu-hanh-kinh-doanh-xang-dau-ngay-15-5-2025.html
Công văn về việc điều hành kinh doanh xăng dầu ngày 8/5/2025,3266/BCT-TTTN,08/05/2025,https://moit.gov.vn/van-ban-phap-luat/van-ban-dieu-hanh/cong-van-ve-viec-dieu-hanh-kinh-doanh-xang-dau-ngay-8-5-2025.html
Công văn về việc điều hành kinh doanh xăng dầu ngày 5/5/2025,3159/BCT-TTTN,05/05/2025,https://moit.gov.vn/van-ban-phap-luat/van-ban-dieu-hanh/cong-van-ve-viec-dieu-hanh-kinh-doanh-xang-dau-ngay-5-5-2025.html
Thông báo về việc thời gian điều hành giá xăng dầu,589/TTTN-XD,28/04/2025,https://moit.gov.vn/van-ban-phap-luat/thong-bao-ve-viec-thoi-gian-dieu-hanh-gia-xang-dau.html
Công văn về việc điều hành kinh doanh xăng dầu ngày 24/4/2025,2954/BCT-TTTN,24/04/2025,https://moit.gov.vn/van-ban-phap-luat/cong-van-ve-viec-dieu-hanh-kinh-doanh-xang-dau-ngay-24-4-2025.html
Công văn điều hành kinh doanh xăng dầu ngày 17/4/2025,2707/BCT-TTTN,17/04/2025,https://moit.gov.vn/van-ban-phap-luat/van-ban-dieu-hanh/cong-van-dieu-hanh-kinh-doanh-xang-dau-ngay-17-4-2025.html
Công văn điều hành kinh doanh xăng dầu ngày 10/4/2025,2507/BCT-TTTN,10/04/2025,https://moit.gov.vn/van-ban-phap-luat/van-ban-dieu-hanh/cong-van-dieu-hanh-kinh-doanh-xang-dau-ngay-10-4-2025.html
Công văn về việc điều hành kinh doanh xăng dầu ngày 27/3/2025,2144/BCT-TTTN,27/03/2025,https://moit.gov.vn/van-ban-phap-luat/van-ban-dieu-hanh/cong-van-ve-viec-dieu-hanh-kinh-doanh-xang-dau-ngay-28-3-2025.html
Công văn về việc điều hành kinh doanh xăng dầu ngày 20/3/2024,1905/BCT-TTTN,20/03/2025,https://moit.gov.vn/van-ban-phap-luat/van-ban-dieu-hanh/cong-van-ve-viec-dieu-hanh-kinh-doanh-xang-dau-ngay-20-3-2024.html
Công văn về việc điều hành kinh doanh xăng dầu ngày 13/3/2025,1791/BCT-TTTN,13/03/2025,https://moit.gov.vn/van-ban-phap-luat/van-ban-dieu-hanh/cong-van-ve-viec-dieu-hanh-kinh-doanh-xang-dau-ngay-13-3-2025.html
Công văn về việc điều hành kinh doanh xăng dầu ngày 6/3/2025,1671/BCT-TTTN,06/03/2025,https://moit.gov.vn/van-ban-phap-luat/van-ban-dieu-hanh/cong-van-ve-viec-dieu-hanh-kinh-doanh-xang-dau-ngay-6-3-2025.html
Công văn về việc điều hành kinh doanh xăng dầu ngày 20/2/2025,1243/BCT-TTTN,20/02/2025,https://moit.gov.vn/van-ban-phap-luat/van-ban-dieu-hanh/cong-van-ve-viec-dieu-hanh-kinh-doanh-xang-dau-ngay-20-2-2025.html
Công văn về việc điều hành kinh doanh xăng dầu ngày 6/2/2025,837/BCT-TTTN,06/02/2025,https://moit.gov.vn/van-ban-phap-luat/van-ban-dieu-hanh/cong-van-ve-viec-dieu-hanh-kinh-doanh-xang-dau-ngay-6-2-2025.html
Công văn về việc điều hành kinh doanh xăng dầu ngày 1/2/2025,727/BCt-TTTN,01/02/2025,https://moit.gov.vn/van-ban-phap-luat/van-ban-dieu-hanh/cong-van-ve-viec-dieu-hanh-kinh-doanh-xang-dau-ngay-1-2-2025.html
Công văn về việc điều hành kinh doanh xăng dầu ngày 23/1/2025,610/BCT-TTTN,23/01/2025,https://moit.gov.vn/van-ban-phap-luat/van-ban-dieu-hanh/cong-van-ve-viec-dieu-hanh-kinh-doanh-xang-dau-ngay-23-1-2025.html
Công văn về việc điều hành giá xăng dầu ngày 16/1/2025,437/BCT - TTTN,16/01/2025,https://moit.gov.vn/van-ban-phap-luat/van-ban-dieu-hanh/cong-van-ve-viec-dieu-hanh-gia-xang-dau-ngay-16-1-2025.html
Công văn về việc điều hành giá xăng dầu ngày 9/1/2025,210/BCT - TTTN,09/01/2025,https://moit.gov.vn/van-ban-phap-luat/van-ban-dieu-hanh/cong-van-ve-viec-dieu-hanh-gia-xang-dau-ngay-9-1-2025.html
Công văn về việc điều hành kinh doanh xăng dầu ngày 26/12/2024,10607/BCT-TTTN,26/12/2024,https://moit.gov.vn/van-ban-phap-luat/van-ban-dieu-hanh/cong-van-ve-viec-dieu-hanh-kinh-doanh-xang-dau-ngay-26-12-2024.html
Công văn về việc điều hành kinh doanh xăng dầu ngày 19/12/2024,10388/BCT-TTTN,19/12/2024,https://moit.gov.vn/van-ban-phap-luat/van-ban-dieu-hanh/cong-van-ve-viec-dieu-hanh-kinh-doanh-xang-dau-ngay-19-12-2024.html
Công văn về việc điều hành kinh doanh xăng dầu ngày 5/12/2024,9885/BCT-TTTN,05/12/2024,https://moit.gov.vn/van-ban-phap-luat/van-ban-dieu-hanh/cong-van-ve-viec-dieu-hanh-kinh-doanh-xang-dau-ngay-5-12-2024.html
Công văn về việc điều hành kinh doanh xăng dầu ngày 28/11/2024,9690/BCT-TTTN,28/11/2024,https://moit.gov.vn/van-ban-phap-luat/van-ban-dieu-hanh/cong-van-ve-viec-dieu-hanh-kinh-doanh-xang-dau-ngay-28-11-2024.html
Công văn về việc điều hành kinh doanh xăng dầu ngày 21/11/2024,9460/BCT-TTTN,21/11/2024,https://moit.gov.vn/van-ban-phap-luat/van-ban-dieu-hanh/cong-van-ve-viec-dieu-hanh-kinh-doanh-xang-dau-ngay-21-11-2024.html
Công văn về việc điều hành kinh doanh xăng dầu ngày 14/11/2024,9214/BCT-TTTN,14/11/2024,https://moit.gov.vn/van-ban-phap-luat/van-ban-dieu-hanh/cong-van-ve-viec-dieu-hanh-kinh-doanh-xang-dau-ngay-14-11-2024.html
Công văn về việc điều hành kinh doanh xăng dầu ngày 7/11/2024,8984/BCT-TTTN,07/11/2024,https://moit.gov.vn/van-ban-phap-luat/van-ban-dieu-hanh/cong-van-ve-viec-dieu-hanh-kinh-doanh-xang-dau-ngay-7-11-2024.html
Công văn về việc điều hành kinh doanh xăng dầu ngày 31/10/2024,8729/BCT-TTTN,31/10/2024,https://moit.gov.vn/van-ban-phap-luat/van-ban-dieu-hanh/cong-van-ve-viec-dieu-hanh-kinh-doanh-xang-dau-ngay-31-10-2024.html
Công văn điều hành kinh doanh xăng dầu ngày 24/10/2024,8505/BCT-TTTN,24/10/2024,https://moit.gov.vn/van-ban-phap-luat/van-ban-dieu-hanh/cong-van-dieu-hanh-kinh-doanh-xang-dau-ngay-24-10-2024.html
Công văn về việc điều hành kinh doanh xăng dầu ngày 17 tháng 10 năm 2024,8296/BTC-TTTN,17/10/2024,https://moit.gov.vn/van-ban-phap-luat/van-ban-dieu-hanh/cong-van-ve-viec-dieu-hanh-kinh-doanh-xang-dau-ngay-17-thang-10-nam-2024.html
Công văn về việc điều hành kinh doanh xăng dầu ngày 10/10/2024,8066/BCT-TTTN,10/10/2024,https://moit.gov.vn/van-ban-phap-luat/van-ban-dieu-hanh/cong-van-ve-viec-dieu-hanh-kinh-doanh-xang-dau-ngay-10-10-2024.html
Công văn điều hành kinh doanh xăng dầu ngày 3/10/2024,7771/BCT-TTTN,03/10/2024,https://moit.gov.vn/van-ban-phap-luat/van-ban-dieu-hanh/cong-van-dieu-hanh-kinh-doanh-xang-dau-ngay-3-10-2024.html
Công văn điều hành giá xăng dầu kỳ điều hành ngày 26/9/2024,7558/BCT-TTTN,26/09/2024,https://moit.gov.vn/van-ban-phap-luat/van-ban-dieu-hanh/cong-van-dieu-hanh-gia-xang-dau-ky-dieu-hanh-ngay-26-9-2024.html
Công văn về việc điều hành kinh doanh xăng dầu ngày 19/9/2024,7281/BCT-TTTN,19/09/2024,https://moit.gov.vn/van-ban-phap-luat/van-ban-dieu-hanh/cong-van-ve-viec-dieu-hanh-kinh-doanh-xang-dau-ngay-19-9-2024.html
Công văn về việc điều hành kinh doanh xăng dầu ngày 12/9/2024,6996/BCT-TTTN,12/09/2024,https://moit.gov.vn/van-ban-phap-luat/van-ban-dieu-hanh/cong-van-ve-viec-dieu-hanh-kinh-doanh-xang-dau-ngay-12-9-2024.html
Công văn về việc điều hành kinh doanh xăng dầu ngày 05/9/2024,6717/BCT-TTTN,05/09/2024,https://moit.gov.vn/van-ban-phap-luat/van-ban-dieu-hanh/cong-van-ve-viec-dieu-hanh-kinh-doanh-xang-dau-ngay-05-9-2024.html
Công văn về việc điều hành kinh doanh xăng dầu ngày 22/8/2024,6323/BCT-TTTN,22/08/2024,https://moit.gov.vn/van-ban-phap-luat/van-ban-dieu-hanh/cong-van-ve-viec-dieu-hanh-kinh-doanh-xang-dau-ngay-22-8-2024.html
Công văn về việc điều hành kinh doanh xăng dầu ngày 15/8/2024,6040/BCT-TTTN,15/08/2024,https://moit.gov.vn/van-ban-phap-luat/van-ban-dieu-hanh/cong-van-ve-viec-dieu-hanh-kinh-doanh-xang-dau-ngay-15-8-2024.html
Công văn về việc điều hành kinh doanh xăng dầu ngày 8/8/2024,5843/BCT-TTTN,08/08/2024,https://moit.gov.vn/van-ban-phap-luat/van-ban-dieu-hanh/cong-van-ve-viec-dieu-hanh-kinh-doanh-xang-dau-ngay-8-8-2024.html
Công văn về việc điều hành kinh doanh xăng dầu,5345/BTC-TTTN,25/07/2024,https://moit.gov.vn/van-ban-phap-luat/van-ban-dieu-hanh/cong-van-ve-viec-dieu-hanh-kinh-doanh-xang-dau37.html
Công văn về việc điều hành kinh doanh xăng dầu ngày 18/7/2024,5129/BTC-TTTN,18/07/2024,https://moit.gov.vn/van-ban-phap-luat/van-ban-dieu-hanh/cong-van-ve-viec-dieu-hanh-kinh-doanh-xang-dau-ngay-18-7-2024.html
Công văn về việc điều hành kinh doanh xăng dầu,4896/BCT-TTTN,11/07/2024,https://moit.gov.vn/van-ban-phap-luat/van-ban-dieu-hanh/cong-van-ve-viec-dieu-hanh-kinh-doanh-xang-dau36.html
Công văn về việc điều hành kinh doanh xăng dầu,4662/BCT-TTTN,04/07/2024,https://moit.gov.vn/van-ban-phap-luat/van-ban-dieu-hanh/cong-van-ve-viec-dieu-hanh-kinh-doanh-xang-dau35.html
Công văn về việc điều hành kinh doanh xăng dầu ngày 27/6/2024,4477/BCT-TTTN,27/06/2024,https://moit.gov.vn/van-ban-phap-luat/van-ban-dieu-hanh/cong-van-ve-viec-dieu-hanh-kinh-doanh-xang-dau-ngay-27-6-2024.html
Công văn về việc điều hành kinh doanh xăng dầu ngày 20/6/2024,4280/BCT-TTTN,20/06/2024,https://moit.gov.vn/van-ban-phap-luat/van-ban-dieu-hanh/cong-van-ve-viec-dieu-hanh-kinh-doanh-xang-dau-ngay-20-6-2024.html
Công văn về việc điều hành kinh doanh xăng dầu ngày 13/6/2024,4065/BCT-TTTN,13/06/2024,https://moit.gov.vn/van-ban-phap-luat/van-ban-dieu-hanh/cong-van-ve-viec-dieu-hanh-kinh-doanh-xang-dau-ngay-13-6-2024.html
Công văn về việc điều hành kinh doanh xăng dầu ngày 6/6/2024,3845/BCT-TTTN,06/06/2024,https://moit.gov.vn/van-ban-phap-luat/van-ban-dieu-hanh/cong-van-ve-viec-dieu-hanh-kinh-doanh-xang-dau-ngay-6-6-2024.html
Công văn về việc điều hành kinh doanh xăng dầu ngày 30/5/2024,3640/BCT - TTTN,30/05/2024,https://moit.gov.vn/van-ban-phap-luat/van-ban-dieu-hanh/cong-van-ve-viec-dieu-hanh-kinh-doanh-xang-dau-ngay-30-5-2024.html
Công văn điều hành kinh doanh xăng dầu ngày 23/52024,3469/BCT-TTTN,23/05/2024,https://moit.gov.vn/van-ban-phap-luat/van-ban-dieu-hanh/cong-van-dieu-hanh-kinh-doanh-xang-dau-ngay-23-52024.html
Thông tin điều hành giá xăng dầu ngày 9/5/2024,3084/BCT-TTTN,09/05/2024,https://moit.gov.vn/van-ban-phap-luat/van-ban-dieu-hanh/thong-tin-dieu-hanh-gia-xang-dau-ngay-9-5-2024.html
Thông tin điều hành xăng dầu ngày 2/5/2024,2846/BCT-TTTN,02/05/2024,https://moit.gov.vn/van-ban-phap-luat/van-ban-dieu-hanh/thong-tin-dieu-hanh-xang-dau-ngay-2-5-2024.html
Công văn về việc điều hành kinh doanh xăng dầu ngày 25/4/2024,2749/BCt-TTTN,25/04/2024,https://moit.gov.vn/van-ban-phap-luat/van-ban-dieu-hanh/cong-van-ve-viec-dieu-hanh-kinh-doanh-xang-dau-ngay-25-4-2024.html
Công văn về việc điều hành kinh doanh xăng dầu ngày 17/4/2024,25557/BCT-TTTN,17/04/2024,https://moit.gov.vn/van-ban-phap-luat/van-ban-dieu-hanh/cong-van-ve-viec-dieu-hanh-kinh-doanh-xang-dau-ngay-17-4-2024.html
Công văn về việc điều hành kinh doanh xăng dầu ngày 11/4/2024,2384/BCT-TTTN,11/04/2024,https://moit.gov.vn/van-ban-phap-luat/van-ban-dieu-hanh/cong-van-ve-viec-dieu-hanh-kinh-doanh-xang-dau-ngay-11-4-2024.html
Công văn về việc điều hành kinh doanh xăng dầu ngày 4/4/2024,2232/BCT-TTTN,04/04/2024,https://moit.gov.vn/van-ban-phap-luat/van-ban-dieu-hanh/cong-van-ve-viec-dieu-hanh-kinh-doanh-xang-dau-ngay-4-4-2024.html
Công văn về việc điều hành kinh doanh xăng dầu,1987/BTC-TTTN,28/03/2024,https://moit.gov.vn/van-ban-phap-luat/van-ban-phap-quy/cong-van-ve-viec-dieu-hanh-kinh-doanh-xang-dau.html
Công văn về việc điều hành kinh doanh xăng dầu ngày 7/3/2024,1460/BTC-TTTN,07/03/2024,https://moit.gov.vn/van-ban-phap-luat/van-ban-dieu-hanh/cong-van-ve-viec-dieu-hanh-kinh-doanh-xang-dau-ngay-7-3-2024.html
Công văn về việc điều hành kinh doanh xăng dầu ngày 14/3/2024,1613/BTC-TTTN,14/03/2024,https://moit.gov.vn/van-ban-phap-luat/van-ban-dieu-hanh/cong-van-ve-viec-dieu-hanh-kinh-doanh-xang-dau-ngay-14-3-2024.html
Công văn về việc điều hành kinh doanh xăng dầu ngày 21/3/2024,1785/BTC-TTTN,21/03/2024,https://moit.gov.vn/van-ban-phap-luat/van-ban-dieu-hanh/cong-van-ve-viec-dieu-hanh-kinh-doanh-xang-dau-ngay-21-3-2024.html
Công văn điều hành kinh doanh xăng dầu ngày 29/2/2024,1285/BCT-TTTN,29/02/2024,https://moit.gov.vn/van-ban-phap-luat/van-ban-dieu-hanh/cong-van-dieu-hanh-gia-kinh-doanh-xang-dau-ngay-29-12-2024.html
Công văn điều hành kinh doanh giá xăng dầu ngày 8/2/2024,932/BCT-TTTN,08/02/2024,https://moit.gov.vn/van-ban-phap-luat/van-ban-dieu-hanh/cong-van-dieu-hanh-kinh-doanh-gia-xang-dau-ngay-8-2-2024.html
Công văn về việc điều hành kinh doanh xăng dầu ngày 28/12/2023,9275/BCT-TTTN,28/12/2023,https://moit.gov.vn/van-ban-phap-luat/van-ban-dieu-hanh/cong-van-ve-viec-dieu-hanh-kinh-doanh-xang-dau-ngay-28-12-2023.html
Công văn điều hành kinh doanh giá xăng dầu ngày 21/12/2023,9088/BCT-TTTN,21/12/2023,https://moit.gov.vn/van-ban-phap-luat/van-ban-dieu-hanh/cong-van-dieu-hanh-kinh-doanh-gia-xang-dau-ngay-21-12-2023.html
Công văn về việc điều hành kinh doanh xăng dầu,8909/BCT-TTTN,14/12/2023,https://moit.gov.vn/van-ban-phap-luat/van-ban-dieu-hanh/cong-van-ve-viec-dieu-hanh-kinh-doanh-xang-dau34.html
Thông tin điều hành giá xăng dầu ngày 7/12/2023,8746/BCT-TTTN,07/12/2023,https://moit.gov.vn/van-ban-phap-luat/van-ban-dieu-hanh/thong-tin-dieu-hanh-gia-xang-dau-ngay-7-12-2023.html
Công văn về việc điều hành kinh doanh xăng dầu,8035/BCT-TTTN,13/11/2023,https://moit.gov.vn/van-ban-phap-luat/van-ban-dieu-hanh/cong-van-ve-viec-dieu-hanh-kinh-doanh-xang-dau33.html
Công văn điều hành kinh doanh giá xăng dầu ngày 23/10/2023,7378/BCT-TTTN,23/10/2023,https://moit.gov.vn/van-ban-phap-luat/van-ban-dieu-hanh/cong-van-dieu-hanh-kinh-doanh-gia-xang-dau-ngay-23-10-2023.html
Công văn điều hành kinh doanh giá xăng dầu ngày 11/10/2023,7075/BCT-TTTN,11/10/2023,https://moit.gov.vn/van-ban-phap-luat/van-ban-dieu-hanh/cong-van-dieu-hanh-kinh-doanh-gia-xang-dau-ngay-11-10-2023.html
Thông tin điều hành giá xăng dầu ngày 21/9/2023,6504/BTC-TTTN,21/09/2023,https://moit.gov.vn/van-ban-phap-luat/van-ban-dieu-hanh/thong-tin-dieu-hanh-gia-xang-dau-ngay-21-9-2023.html
Công văn điều hành kinh doanh giá xăng dầu ngày 11/9/2023,6237/BCT-TTTN,11/09/2023,https://moit.gov.vn/van-ban-phap-luat/van-ban-dieu-hanh/cong-van-dieu-hanh-kinh-doanh-gia-xang-dau-ngay-11-9-2023.html
Thông tin điều hành giá xăng dầu ngày 05/09/2023,6083/BCT-TTTN,05/09/2023,https://moit.gov.vn/van-ban-phap-luat/van-ban-dieu-hanh/thong-tin-dieu-hanh-gia-xang-dau-ngay-05-09-2023.html
Công văn về việc điều hành kinh doanh xăng dầu,4790/BCT-TTTN,21/07/2023,https://moit.gov.vn/van-ban-phap-luat/van-ban-dieu-hanh/cong-van-ve-viec-dieu-hanh-kinh-doanh-xang-dau32.html
Công văn về việc điều hành kinh doanh xăng dầu,3620/BCT-TTTN,12/06/2023,https://moit.gov.vn/van-ban-phap-luat/van-ban-dieu-hanh/cong-van-dieu-hanh-kinh-doanh-gia-xang-dau-ngay-12-6-2023.html
Công văn về việc điều hành kinh doanh xăng dầu,3380/BTC-TTTN,01/06/2023,https://moit.gov.vn/van-ban-phap-luat/van-ban-dieu-hanh/cong-van-ve-viec-dieu-hanh-kinh-doanh-xang-dau31.html
Công văn về việc điều hành kinh doanh xăng dầu,1576/BCT-TTTN,21/03/2023,https://moit.gov.vn/van-ban-phap-luat/van-ban-dieu-hanh/cong-van-ve-viec-dieu-hanh-kinh-doanh-xang-dau30.html
Công văn về việc điều hành kinh doanh xăng dầu,1325/BCT-TTTN,13/03/2023,https://moit.gov.vn/van-ban-phap-luat/van-ban-dieu-hanh/cong-van-ve-viec-dieu-hanh-kinh-doanh-xang-dau29.html
Công văn về việc điều hành kinh doanh xăng dầu,831/BCT-TTTN,21/02/2023,https://moit.gov.vn/van-ban-phap-luat/van-ban-dieu-hanh/cong-van-ve-viec-dieu-hanh-kinh-doanh-xang-dau28.html
Công văn về việc điều hành kinh doanh xăng dầu ngày 30/1/2023,413/BCT-TTTN,30/01/2023,https://moit.gov.vn/van-ban-phap-luat/van-ban-dieu-hanh/cong-van-ve-viec-dieu-hanh-gia-kinh-doanh-xang-dau-ngay-30-1-2023.html
Công văn về việc điều hành kinh doanh xăng dầu ngày 3/1/2022,10/BTC-TTTN,03/01/2023,https://moit.gov.vn/van-ban-phap-luat/van-ban-dieu-hanh/cong-van-ve-viec-dieu-hanh-kinh-doanh-xang-dau-ngay-3-1-2022.html
Công văn về việc điều hành kinh doanh xăng dầu ngày 11/11/2022,7180/BTC-TTTN,11/11/2022,https://moit.gov.vn/van-ban-phap-luat/van-ban-dieu-hanh/cong-van-ve-viec-dieu-hanh-kinh-doanh-xang-dau-ngay-11-11-2022.html
Công văn về việc điều hành kinh doanh xăng dầu ngày 21/10/2022,6501/BCT-TTTN,21/10/2022,https://moit.gov.vn/van-ban-phap-luat/van-ban-dieu-hanh/cong-van-ve-viec-dieu-hanh-kinh-doanh-xang-dau-ngay-21-10-2022.html
Công văn về việc điều hành kinh doanh xăng dầu ngày 03/10/2022,5938/BTC-TTTN,03/10/2022,https://moit.gov.vn/van-ban-phap-luat/van-ban-dieu-hanh/cong-van-ve-viec-dieu-hanh-kinh-doanh-xang-dau-ngay-03-10-2022.html
Công văn về việc điều hành kinh doanh xăng dầu ngày 12/9/2022,5621/BCT-TTTN,21/09/2022,https://moit.gov.vn/van-ban-phap-luat/van-ban-dieu-hanh/cong-van-ve-viec-dieu-hanh-kinh-doanh-xang-dau-ngay-12-9-20222.html
Công văn về việc điều hành kinh doanh xăng dầu ngày 12/9/2022,5404/BCT-TTTN,12/09/2022,https://moit.gov.vn/van-ban-phap-luat/van-ban-dieu-hanh/cong-van-ve-viec-dieu-hanh-kinh-doanh-xang-dau-ngay-12-9-2022.html
Công văn về việc điều hành kinh doanh xăng dầu ngày 5/9/2022,5274/BCT-TTTN,05/09/2022,https://moit.gov.vn/van-ban-phap-luat/van-ban-dieu-hanh/cong-van-ve-viec-dieu-hanh-kinh-doanh-xang-dau-ngay-5-9-2022.html
Công văn về việc điều hành kinh doanh xăng dầu ngày 22/8/2022,5011/BTC-TTTN,22/08/2022,https://moit.gov.vn/van-ban-phap-luat/van-ban-dieu-hanh/cong-van-ve-viec-dieu-hanh-kinh-doanh-xang-dau-ngay-22-8-2022.html
Công văn về việc điều hành kinh doanh xăng dầu,4750/BCT-TTTN,11/08/2022,https://moit.gov.vn/van-ban-phap-luat/van-ban-dieu-hanh/cong-van-ve-viec-dieu-hanh-kinh-doanh-xang-dau26.html
Công văn về việc điều hành kinh doanh xăng dầu,4750/BCT-TTTN,11/08/2022,https://moit.gov.vn/van-ban-phap-luat/van-ban-dieu-hanh/cong-van-ve-viec-dieu-hanh-kinh-doanh-xang-dau27.html
Công văn về việc điều hành kinh doanh xăng dầu ngày 21/7/2022,4479/BCT-TTTN,01/08/2022,https://moit.gov.vn/van-ban-phap-luat/van-ban-dieu-hanh/cong-van-ve-viec-dieu-hanh-kinh-doanh-xang-dau-ngay-21-7-20222.html
Công văn về việc điều hành kinh doanh xăng dầu ngày 21/7/2022,4202/BCT-TTTN,21/07/2022,https://moit.gov.vn/van-ban-phap-luat/van-ban-dieu-hanh/cong-van-ve-viec-dieu-hanh-kinh-doanh-xang-dau-ngay-21-7-2022.html
Công văn về việc điều hành xăng dầu ngày 11/7/2022,3942/BCT-TTTN,11/07/2022,https://moit.gov.vn/van-ban-phap-luat/van-ban-dieu-hanh/cong-van-ve-viec-dieu-hanh-xang-dau-ngay-11-7-2022.html
Công văn về việc điều hành xăng dầu ngày 1/7/2022,3742/BCT-TTTN,01/07/2022,https://moit.gov.vn/van-ban-phap-luat/van-ban-dieu-hanh/cong-van-ve-viec-dieu-hanh-xang-dau-ngay-1-7-2022.html
Công văn về việc điều hành xăng dầu ngày 21/6/2022,3460/BCT-TTTN,21/06/2022,https://moit.gov.vn/van-ban-phap-luat/van-ban-dieu-hanh/cong-van-ve-viec-dieu-hanh-xang-dau-ngay-21-6-2022.html
Công văn về việc điều hành kinh doanh xăng dầu,3309/BCT-TTTN,13/06/2022,https://moit.gov.vn/van-ban-phap-luat/van-ban-dieu-hanh/cong-van-ve-viec-dieu-hanh-kinh-doanh-xang-dau25.html
Công văn về việc điều hành kinh doanh xăng dầu,3011/BCT-TTTN,01/06/2022,https://moit.gov.vn/van-ban-phap-luat/van-ban-dieu-hanh/cong-van-ve-viec-dieu-hanh-kinh-doanh-xang-dau24.html
Công văn về việc điều hành kinh doanh xăng dầu,2738/BCT-TTTN,23/05/2022,https://moit.gov.vn/van-ban-phap-luat/van-ban-dieu-hanh/cong-van-ve-viec-dieu-hanh-kinh-doanh-xang-dau23.html
Công văn về việc điều hành kinh doanh xăng dầu,2078/BCT-TTTN,21/04/2022,https://moit.gov.vn/van-ban-phap-luat/van-ban-dieu-hanh/cong-van-ve-viec-dieu-hanh-kinh-doanh-xang-dau22.html
Công văn về việc điều hành kinh doanh xăng dầu,1674/BCT-TTTN,01/04/2022,https://moit.gov.vn/van-ban-phap-luat/van-ban-dieu-hanh/cong-van-ve-viec-dieu-hanh-kinh-doanh-xang-dau21.html
Công văn về việc điều hành kinh doanh xăng dầu,1403/BCT-TTTN,21/03/2022,https://moit.gov.vn/van-ban-phap-luat/van-ban-dieu-hanh/cong-van-ve-viec-dieu-hanh-kinh-doanh-xang-dau20.html
Công văn về việc điều hành kinh doanh xăng dầu,1214/BCT-TTTN,11/03/2022,https://moit.gov.vn/van-ban-phap-luat/van-ban-dieu-hanh/cong-van-ve-viec-dieu-hanh-kinh-doanh-xang-dau19.html
Công văn về việc điều hành kinh doanh xăng dầu,961/BCT-TTTN,01/03/2022,https://moit.gov.vn/van-ban-phap-luat/van-ban-dieu-hanh/cong-van-ve-viec-dieu-hanh-kinh-doanh-xang-dau18.html
Công văn về việc điều hành kinh doanh xăng dầu,791/BTC-TTTN,21/02/2022,https://moit.gov.vn/van-ban-phap-luat/van-ban-dieu-hanh/cong-van-ve-viec-dieu-hanh-kinh-doanh-xang-dau17.html
Công văn về việc điều hành kinh doanh xăng dầu,603/BTC-TTTN,11/02/2022,https://moit.gov.vn/van-ban-phap-luat/van-ban-dieu-hanh/cong-van-ve-viec-dieu-hanh-kinh-doanh-xang-dau16.html
Công văn về việc điều hành kinh doanh xăng dầu,162/BCT-TTTN,11/01/2022,https://moit.gov.vn/van-ban-phap-luat/van-ban-dieu-hanh/cong-van-ve-viec-dieu-hanh-kinh-doanh-xang-dau15.html
Công văn về việc điều hành kinh doanh xăng dầu,8362/BCT-TTTN,25/12/2021,https://moit.gov.vn/van-ban-phap-luat/van-ban-dieu-hanh/cong-van-ve-viec-dieu-hanh-kinh-doanh-xang-dau12.html
Công văn về việc điều hành kinh doanh xăng dầu,7877/BCT-TTTN,10/12/2021,https://moit.gov.vn/van-ban-phap-luat/van-ban-dieu-hanh/cong-van-ve-viec-dieu-hanh-kinh-doanh-xang-dau13.html
Công văn về việc điều hành kinh doanh xăng dầu,7477/BCT-TTTN,25/11/2021,https://moit.gov.vn/van-ban-phap-luat/van-ban-dieu-hanh/cong-van-ve-viec-dieu-hanh-kinh-doanh-xang-dau11.html
Công văn về việc điều hành kinh doanh xăng dầu,7101/BCT-TTTN,10/11/2021,https://moit.gov.vn/van-ban-phap-luat/van-ban-dieu-hanh/cong-van-ve-viec-dieu-hanh-kinh-doanh-xang-dau10.html
Công văn về việc điều hành kinh doanh xăng dầu,6716/BCT-TTTN,26/10/2021,https://moit.gov.vn/van-ban-phap-luat/van-ban-dieu-hanh/cong-van-ve-viec-dieu-hanh-kinh-doanh-xang-dau9.html
Công văn về việc điều hành kinh doanh xăng dầu,6295/BCT-TTTN,11/10/2021,https://moit.gov.vn/van-ban-phap-luat/van-ban-dieu-hanh/cong-van-ve-viec-dieu-hanh-kinh-doanh-xang-dau8.html
Công văn về việc điều hành kinh doanh xăng dầu,5909/BCT-TTTN,25/09/2021,https://moit.gov.vn/van-ban-phap-luat/van-ban-dieu-hanh/cong-van-ve-viec-dieu-hanh-kinh-doanh-xang-dau7.html
Công văn về việc điều hành kinh doanh xăng dầu,5522/BCT-TTTN,10/09/2021,https://moit.gov.vn/van-ban-phap-luat/van-ban-dieu-hanh/cong-van-ve-viec-dieu-hanh-kinh-doanh-xang-dau6.html
Công văn về việc điều hành kinh doanh xăng dầu,5204/BCT-TTTN,26/08/2021,https://moit.gov.vn/van-ban-phap-luat/van-ban-dieu-hanh/cong-van-ve-viec-dieu-hanh-kinh-doanh-xang-dau5.html
Công văn về việc điều hành kinh doanh xăng dầu,4843/BCT-TTTN,11/08/2021,https://moit.gov.vn/van-ban-phap-luat/van-ban-dieu-hanh/cong-van-ve-viec-dieu-hanh-kinh-doanh-xang-dau4.html
Công văn về việc điều hành kinh doanh xăng dầu,4469/BCT-TTTN,27/07/2021,https://moit.gov.vn/van-ban-phap-luat/van-ban-dieu-hanh/cong-van-ve-viec-dieu-hanh-kinh-doanh-xang-dau3.html
Công văn về việc điều hành kinh doanh xăng dầu,4104/BCT-TTTN,12/07/2021,https://moit.gov.vn/van-ban-phap-luat/van-ban-dieu-hanh/cong-van-ve-viec-dieu-hanh-kinh-doanh-xang-dau2.html
Công văn về việc điều hành kinh doanh xăng dầu,3382/BCT-TTTN,11/06/2021,https://moit.gov.vn/van-ban-phap-luat/van-ban-dieu-hanh/-cong-van-ve-viec-dieu-hanh-kinh-doanh-xang-dau6.html
Công văn về việc điều hành kinh doanh xăng dầu,2621/BCT-TTTN,12/05/2021,https://moit.gov.vn/van-ban-phap-luat/van-ban-dieu-hanh/-cong-van-ve-viec-dieu-hanh-kinh-doanh-xang-dau7.html
Công văn về việc điều hành kinh doanh xăng dầu,2333/BCT-TTTN,27/04/2021,https://moit.gov.vn/van-ban-phap-luat/van-ban-dieu-hanh/-cong-van-ve-viec-dieu-hanh-kinh-doanh-xang-dau2.html
Công văn về việc điều hành kinh doanh xăng dầu,2333/BCT-TTTN,27/04/2021,https://moit.gov.vn/van-ban-phap-luat/van-ban-dieu-hanh/cong-van-ve-viec-dieu-hanh-kinh-doanh-xang-dau.html
Công văn về việc điều hành kinh doanh xăng dầu,2055/BCT-TTTN,12/04/2021,https://moit.gov.vn/van-ban-phap-luat/van-ban-dieu-hanh/-cong-van-ve-viec-dieu-hanh-kinh-doanh-xang-dau9.html
Công văn về việc điều hành kinh doanh xăng dầu,1685/BCT-TTTN,27/03/2021,https://moit.gov.vn/van-ban-phap-luat/van-ban-dieu-hanh/-cong-van-ve-viec-dieu-hanh-kinh-doanh-xang-dau.html
Công văn về việc điều hành kinh doanh xăng dầu,992/BCT-TTTN,25/02/2021,https://moit.gov.vn/van-ban-phap-luat/van-ban-dieu-hanh/-cong-van-ve-viec-dieu-hanh-kinh-doanh-xang-dau134.html
Công văn về việc điều hành kinh doanh xăng dầu,856/BCT-TTTN,10/02/2021,https://moit.gov.vn/van-ban-phap-luat/van-ban-dieu-hanh/-cong-van-ve-viec-dieu-hanh-kinh-doanh-xang-dau135.html
Công văn về việc điều hành kinh doanh xăng dầu,466/BCT-TTTN,26/01/2021,https://moit.gov.vn/van-ban-phap-luat/van-ban-dieu-hanh/-cong-van-ve-viec-dieu-hanh-kinh-doanh-xang-dau136.html
Công văn về việc điều hành kinh doanh xăng dầu,150/BCT-TTTN,11/01/2021,https://moit.gov.vn/van-ban-phap-luat/van-ban-dieu-hanh/-cong-van-ve-viec-dieu-hanh-kinh-doanh-xang-dau137.html
Công văn về việc điều hành kinh doanh xăng dầu,8138/BCT-TTTN,27/10/2020,https://moit.gov.vn/van-ban-phap-luat/van-ban-dieu-hanh/-cong-van-ve-viec-dieu-hanh-kinh-doanh-xang-dau138.html
Công văn về việc điều hành kinh doanh xăng dầu,7651/BCT-TTTN,12/10/2020,https://moit.gov.vn/van-ban-phap-luat/van-ban-dieu-hanh/-cong-van-ve-viec-dieu-hanh-kinh-doanh-xang-dau11.html
Công văn về việc điều hành kinh doanh xăng dầu,6747/BCT-TTTN,11/09/2020,https://moit.gov.vn/van-ban-phap-luat/van-ban-dieu-hanh/-cong-van-ve-viec-dieu-hanh-kinh-doanh-xang-dau12.html
Công văn về việc điều hành kinh doanh xăng dầu,6393/BCT-TTTN,27/08/2020,https://moit.gov.vn/van-ban-phap-luat/van-ban-dieu-hanh/-cong-van-ve-viec-dieu-hanh-kinh-doanh-xang-dau13.html
Công văn về việc điều hành kinh doanh xăng dầu,5919/BCT-TTTN,12/08/2020,https://moit.gov.vn/van-ban-phap-luat/van-ban-dieu-hanh/-cong-van-ve-viec-dieu-hanh-kinh-doanh-xang-dau14.html
Công văn về việc điều hành kinh doanh xăng dầu,5464/BCT-TTTN,28/07/2020,https://moit.gov.vn/van-ban-phap-luat/van-ban-dieu-hanh/-cong-van-ve-viec-dieu-hanh-kinh-doanh-xang-dau15.html
Công văn về việc điều hành kinh doanh xăng dầu,5046/BCT-TTTN,13/07/2020,https://moit.gov.vn/van-ban-phap-luat/van-ban-dieu-hanh/-cong-van-ve-viec-dieu-hanh-kinh-doanh-xang-dau16.html
Công văn về việc điều hành kinh doanh xăng dầu,4227/BCT-TTTN,12/06/2020,https://moit.gov.vn/van-ban-phap-luat/van-ban-dieu-hanh/-cong-van-ve-viec-dieu-hanh-kinh-doanh-xang-dau17.html
Công văn về việc điều hành kinh doanh xăng dầu,3824/BCT-TTTN,28/05/2020,https://moit.gov.vn/van-ban-phap-luat/van-ban-dieu-hanh/-cong-van-ve-viec-dieu-hanh-kinh-doanh-xang-dau18.html
Công văn về việc điều hành kinh doanh xăng dầu,3397/BCT-TTTN,13/05/2020,https://moit.gov.vn/van-ban-phap-luat/van-ban-dieu-hanh/-cong-van-ve-viec-dieu-hanh-kinh-doanh-xang-dau19.html
Công văn về việc điều hành kinh doanh xăng dầu,2587/BCT-TTTN,13/04/2020,https://moit.gov.vn/van-ban-phap-luat/van-ban-dieu-hanh/-cong-van-ve-viec-dieu-hanh-kinh-doanh-xang-dau20.html
Công văn về việc điều hành kinh doanh xăng dầu,944/BCT-TTTN,14/02/2020,https://moit.gov.vn/van-ban-phap-luat/van-ban-dieu-hanh/-cong-van-ve-viec-dieu-hanh-kinh-doanh-xang-dau21.html
Công văn về việc điều hành kinh doanh xăng dầu,343/BCT-TTTN,15/01/2020,https://moit.gov.vn/van-ban-phap-luat/van-ban-dieu-hanh/-cong-van-ve-viec-dieu-hanh-kinh-doanh-xang-dau22.html
Công văn về việc điều hành kinh doanh xăng dầu,8258/BCT-TTTN,31/10/2019,https://moit.gov.vn/van-ban-phap-luat/van-ban-dieu-hanh/-cong-van-ve-viec-dieu-hanh-kinh-doanh-xang-dau23.html
Công văn về việc điều hành kinh doanh xăng dầu,7785/BCT-TTTN,16/10/2019,https://moit.gov.vn/van-ban-phap-luat/van-ban-dieu-hanh/-cong-van-ve-viec-dieu-hanh-kinh-doanh-xang-dau24.html
Công văn về việc điều hành kinh doanh xăng dầu,6817/QĐ-BCT,16/09/2019,https://moit.gov.vn/van-ban-phap-luat/van-ban-dieu-hanh/-cong-van-ve-viec-dieu-hanh-kinh-doanh-xang-dau25.html
Công văn về việc điều hành kinh doanh xăng dầu,6012/BCT-TTTN,16/08/2019,https://moit.gov.vn/van-ban-phap-luat/van-ban-dieu-hanh/-cong-van-ve-viec-dieu-hanh-kinh-doanh-xang-dau26.html
Công văn về việc điều hành kinh doanh xăng dầu,5531/BCT-TTTN,01/08/2019,https://moit.gov.vn/van-ban-phap-luat/van-ban-dieu-hanh/-cong-van-ve-viec-dieu-hanh-kinh-doanh-xang-dau27.html
Công văn về việc điều hành kinh doanh xăng dầu,5087/BCT-TTTN,17/07/2019,https://moit.gov.vn/van-ban-phap-luat/van-ban-dieu-hanh/-cong-van-ve-viec-dieu-hanh-kinh-doanh-xang-dau28.html
Công văn về việc điều hành kinh doanh xăng dầu,4720/BCT-TTTN,02/07/2019,https://moit.gov.vn/van-ban-phap-luat/van-ban-dieu-hanh/-cong-van-ve-viec-dieu-hanh-kinh-doanh-xang-dau29.html
Công văn về việc điều hành kinh doanh xăng dầu,4286/BCT-TTTN,17/06/2019,https://moit.gov.vn/van-ban-phap-luat/van-ban-dieu-hanh/-cong-van-ve-viec-dieu-hanh-kinh-doanh-xang-dau30.html
Công văn về việc điều hành kinh doanh xăng dầu,3466/BCT-TTTN,17/05/2019,https://moit.gov.vn/van-ban-phap-luat/van-ban-dieu-hanh/-cong-van-ve-viec-dieu-hanh-kinh-doanh-xang-dau31.html
Công văn về việc điều hành kinh doanh xăng dầu,3006/BCT-TTTN,02/05/2019,https://moit.gov.vn/van-ban-phap-luat/van-ban-dieu-hanh/-cong-van-ve-viec-dieu-hanh-kinh-doanh-xang-dau32.html
Về việc điều hành kinh doanh xăng dầu,2647/BCT-TTTN,17/04/2019,https://moit.gov.vn/van-ban-phap-luat/van-ban-dieu-hanh/-ve-viec-dieu-hanh-kinh-doanh-xang-dau.html
Công văn về việc điều hành kinh doanh xăng dầu,926/BCT-TTTN,15/02/2019,https://moit.gov.vn/van-ban-phap-luat/van-ban-dieu-hanh/-cong-van-ve-viec-dieu-hanh-kinh-doanh-xang-dau33.html
Công văn về việc điều hành kinh doanh xăng dầu,745/BCT-TTTN,31/01/2019,https://moit.gov.vn/van-ban-phap-luat/van-ban-dieu-hanh/-cong-van-ve-viec-dieu-hanh-kinh-doanh-xang-dau34.html
Công văn về việc điều hành kinh doanh xăng dầu,10411/BCT-TTTN,21/12/2018,https://moit.gov.vn/van-ban-phap-luat/van-ban-dieu-hanh/-cong-van-ve-viec-dieu-hanh-kinh-doanh-xang-dau35.html
Công văn về việc điều hành kinh doanh xăng dầu,9946/BCT-TTTN,06/12/2018,https://moit.gov.vn/van-ban-phap-luat/van-ban-dieu-hanh/-cong-van-ve-viec-dieu-hanh-kinh-doanh-xang-dau36.html
Công văn về việc điều hành kinh doanh xăng dầu,9505/BCT-TTTN,21/11/2018,https://moit.gov.vn/van-ban-phap-luat/van-ban-dieu-hanh/-cong-van-ve-viec-dieu-hanh-kinh-doanh-xang-dau37.html
Công văn về việc điều hành kinh doanh xăng dầu,8989/BCT-TTTN,06/11/2018,https://moit.gov.vn/van-ban-phap-luat/van-ban-dieu-hanh/-cong-van-ve-viec-dieu-hanh-kinh-doanh-xang-dau38.html
Công văn về việc điều hành kinh doanh xăng dầu,8563/BCT-TTTN,22/10/2018,https://moit.gov.vn/van-ban-phap-luat/van-ban-dieu-hanh/-cong-van-ve-viec-dieu-hanh-kinh-doanh-xang-dau39.html
Công văn về việc điều hành kinh doanh xăng dầu,7657/BCT-TTTN,21/09/2018,https://moit.gov.vn/van-ban-phap-luat/van-ban-dieu-hanh/-cong-van-ve-viec-dieu-hanh-kinh-doanh-xang-dau40.html
Công văn về việc điều hành kinh doanh xăng dầu,7194/BCT-TTTN,06/09/2018,https://moit.gov.vn/van-ban-phap-luat/van-ban-dieu-hanh/-cong-van-ve-viec-dieu-hanh-kinh-doanh-xang-dau41.html
Công văn về việc điều hành kinh doanh xăng dầu,6761/BCT-TTTN,22/08/2018,https://moit.gov.vn/van-ban-phap-luat/van-ban-dieu-hanh/-cong-van-ve-viec-dieu-hanh-kinh-doanh-xang-dau42.html
Công văn về việc điều hành kinh doanh xăng dầu,6181/BCT-TTTN,07/08/2018,https://moit.gov.vn/van-ban-phap-luat/van-ban-dieu-hanh/-cong-van-ve-viec-dieu-hanh-kinh-doanh-xang-dau43.html
Công văn về việc điều hành kinh doanh xăng dầu,5778/BCT-TTTN,23/07/2018,https://moit.gov.vn/van-ban-phap-luat/van-ban-dieu-hanh/-cong-van-ve-viec-dieu-hanh-kinh-doanh-xang-dau44.html
Công văn về việc điều hành kinh doanh xăng dầu,4530/QĐ-TTTN,07/06/2018,https://moit.gov.vn/van-ban-phap-luat/van-ban-dieu-hanh/-cong-van-ve-viec-dieu-hanh-kinh-doanh-xang-dau45.html
Công văn về việc điều hành kinh doanh xăng dầu,4057/BCT-TTTN,23/05/2018,https://moit.gov.vn/van-ban-phap-luat/van-ban-dieu-hanh/-cong-van-ve-viec-dieu-hanh-kinh-doanh-xang-dau46.html
Công văn về việc điều hành kinh doanh xăng dầu,3585/BCT-TTTN,08/05/2018,https://moit.gov.vn/van-ban-phap-luat/van-ban-dieu-hanh/-cong-van-ve-viec-dieu-hanh-kinh-doanh-xang-dau47.html
Công văn về việc điều hành kinh doanh xăng dầu,1757/BCT-TTTN,08/03/2018,https://moit.gov.vn/van-ban-phap-luat/van-ban-dieu-hanh/-cong-van-ve-viec-dieu-hanh-kinh-doanh-xang-dau48.html
Công văn về việc điều hành kinh doanh xăng dầu,1377/BCT-TTTN,21/02/2018,https://moit.gov.vn/van-ban-phap-luat/van-ban-dieu-hanh/-cong-van-ve-viec-dieu-hanh-kinh-doanh-xang-dau49.html
Công văn về việc điều hành kinh doanh xăng dầu,1073/BCT-TTTN,03/02/2018,https://moit.gov.vn/van-ban-phap-luat/van-ban-dieu-hanh/-cong-van-ve-viec-dieu-hanh-kinh-doanh-xang-dau50.html
Công văn về việc điều hành kinh doanh xăng dầu,552/BCT-TTTN,19/01/2018,https://moit.gov.vn/van-ban-phap-luat/van-ban-dieu-hanh/-cong-van-ve-viec-dieu-hanh-kinh-doanh-xang-dau51.html
Công văn về việc điều hành kinh doanh xăng dầu,51/BCT-TTTN,04/01/2018,https://moit.gov.vn/van-ban-phap-luat/van-ban-dieu-hanh/-cong-van-ve-viec-dieu-hanh-kinh-doanh-xang-dau52.html
Công văn về việc điều hành kinh doanh xăng dầu,11964/BCT-TTTN,20/12/2017,https://moit.gov.vn/van-ban-phap-luat/van-ban-dieu-hanh/-cong-van-ve-viec-dieu-hanh-kinh-doanh-xang-dau53.html
Công văn về việc điều hành kinh doanh xăng dầu,11448/BCT-TTTN,05/12/2017,https://moit.gov.vn/van-ban-phap-luat/van-ban-dieu-hanh/-cong-van-ve-viec-dieu-hanh-kinh-doanh-xang-dau54.html
Công văn về việc điều hành kinh doanh xăng dầu,10896/BCT-TTTN,20/11/2017,https://moit.gov.vn/van-ban-phap-luat/van-ban-dieu-hanh/-cong-van-ve-viec-dieu-hanh-kinh-doanh-xang-dau55.html
Công văn về việc điều hành kinh doanh xăng dầu,10365/BCT-TTTN,04/11/2017,https://moit.gov.vn/van-ban-phap-luat/van-ban-dieu-hanh/-cong-van-ve-viec-dieu-hanh-kinh-doanh-xang-dau56.html
Công văn về việc điều hành kinh doanh xăng dầu,9759/BCT-TTTN,20/10/2017,https://moit.gov.vn/van-ban-phap-luat/van-ban-dieu-hanh/-cong-van-ve-viec-dieu-hanh-kinh-doanh-xang-dau57.html
Công văn về việc điều hành kinh doanh xăng dầu,9278/BCT-TTTN,05/10/2017,https://moit.gov.vn/van-ban-phap-luat/van-ban-dieu-hanh/-cong-van-ve-viec-dieu-hanh-kinh-doanh-xang-dau58.html
Công văn về việc điều hành kinh doanh xăng dầu,8724/BCT-TTTN,20/09/2017,https://moit.gov.vn/van-ban-phap-luat/van-ban-dieu-hanh/-cong-van-ve-viec-dieu-hanh-kinh-doanh-xang-dau59.html
Công văn về việc điều hành kinh doanh xăng dầu,8178/BCT-TTTN,05/09/2017,https://moit.gov.vn/van-ban-phap-luat/van-ban-dieu-hanh/-cong-van-ve-viec-dieu-hanh-kinh-doanh-xang-dau60.html
Công văn về việc điều hành kinh doanh xăng dầu,7616/BCT-TTTN,19/08/2017,https://moit.gov.vn/van-ban-phap-luat/van-ban-dieu-hanh/-cong-van-ve-viec-dieu-hanh-kinh-doanh-xang-dau61.html
Công văn về việc điều hành kinh doanh xăng dầu,7027/BCT-TTTN,04/08/2017,https://moit.gov.vn/van-ban-phap-luat/van-ban-dieu-hanh/-cong-van-ve-viec-dieu-hanh-kinh-doanh-xang-dau62.html
Công văn về việc điều hành kinh doanh xăng dầu,6473/BCT-TTTN,20/07/2017,https://moit.gov.vn/van-ban-phap-luat/van-ban-dieu-hanh/-cong-van-ve-viec-dieu-hanh-kinh-doanh-xang-dau63.html
Công văn về việc điều hành kinh doanh xăng dầu,5977/BCT-TTTN,05/07/2017,https://moit.gov.vn/van-ban-phap-luat/van-ban-dieu-hanh/-cong-van-ve-viec-dieu-hanh-kinh-doanh-xang-dau64.html
Công văn về việc điều hành kinh doanh xăng dầu,5977/QĐ-BCT,05/07/2017,https://moit.gov.vn/van-ban-phap-luat/van-ban-dieu-hanh/-cong-van-ve-viec-dieu-hanh-kinh-doanh-xang-dau65.html
Công văn về việc điều hành kinh doanh xăng dầu,5430/BCT-TTTN,20/06/2017,https://moit.gov.vn/van-ban-phap-luat/van-ban-dieu-hanh/-cong-van-ve-viec-dieu-hanh-kinh-doanh-xang-dau66.html
Công văn về việc điều hành kinh doanh xăng dầu,4881/BCT-TTTN,05/06/2017,https://moit.gov.vn/van-ban-phap-luat/van-ban-dieu-hanh/-cong-van-ve-viec-dieu-hanh-kinh-doanh-xang-dau67.html
Công văn về việc điều hành kinh doanh xăng dầu,4442/BCT-TTTN,20/05/2017,https://moit.gov.vn/van-ban-phap-luat/van-ban-dieu-hanh/-cong-van-ve-viec-dieu-hanh-kinh-doanh-xang-dau68.html
Công văn về việc điều hành kinh doanh xăng dầu,3886/BCT-TTTN,05/05/2017,https://moit.gov.vn/van-ban-phap-luat/van-ban-dieu-hanh/-cong-van-ve-viec-dieu-hanh-kinh-doanh-xang-dau69.html
Công văn về việc điều hành kinh doanh xăng dầu,3372/BCT-TTTN,20/04/2017,https://moit.gov.vn/van-ban-phap-luat/van-ban-dieu-hanh/-cong-van-ve-viec-dieu-hanh-kinh-doanh-xang-dau70.html
Công văn về việc điều hành kinh doanh xăng dầu,2833/BCT-TTTN,05/04/2017,https://moit.gov.vn/van-ban-phap-luat/van-ban-dieu-hanh/-cong-van-ve-viec-dieu-hanh-kinh-doanh-xang-dau71.html
Công văn về việc điều hành kinh doanh xăng dầu,2284/BCT-TTTN,21/03/2017,https://moit.gov.vn/van-ban-phap-luat/van-ban-dieu-hanh/-cong-van-ve-viec-dieu-hanh-kinh-doanh-xang-dau72.html
Công văn về việc điều hành kinh doanh xăng dầu,1775/BCT-TTTN,06/03/2017,https://moit.gov.vn/van-ban-phap-luat/van-ban-dieu-hanh/-cong-van-ve-viec-dieu-hanh-kinh-doanh-xang-dau73.html
Công văn về việc điều hành kinh doanh xăng dầu,1315/BCT-TTTN,18/02/2017,https://moit.gov.vn/van-ban-phap-luat/van-ban-dieu-hanh/-cong-van-ve-viec-dieu-hanh-kinh-doanh-xang-dau74.html
Công văn về việc điều hành kinh doanh xăng dầu,845/BCT-TTTN,03/02/2017,https://moit.gov.vn/van-ban-phap-luat/van-ban-dieu-hanh/-cong-van-ve-viec-dieu-hanh-kinh-doanh-xang-dau75.html
Công văn về việc điều hành kinh doanh xăng dầu,562/BCT-TTTN,19/01/2017,https://moit.gov.vn/van-ban-phap-luat/van-ban-dieu-hanh/-cong-van-ve-viec-dieu-hanh-kinh-doanh-xang-dau76.html
Công văn về việc điều hành kinh doanh xăng dầu,88/BCT-TTTN,04/01/2017,https://moit.gov.vn/van-ban-phap-luat/van-ban-dieu-hanh/-cong-van-ve-viec-dieu-hanh-kinh-doanh-xang-dau77.html
Công văn về việc điều hành kinh doanh xăng dầu,12255/BCT-TTTN,20/12/2016,https://moit.gov.vn/van-ban-phap-luat/van-ban-dieu-hanh/-cong-van-ve-viec-dieu-hanh-kinh-doanh-xang-dau78.html
Công văn về việc điều hành kinh doanh xăng dầu,11674/BCT-TTTN,05/12/2016,https://moit.gov.vn/van-ban-phap-luat/van-ban-dieu-hanh/-cong-van-ve-viec-dieu-hanh-kinh-doanh-xang-dau79.html
Công văn về việc điều hành kinh doanh xăng dầu,11070/BCT-TTTN,19/11/2016,https://moit.gov.vn/van-ban-phap-luat/van-ban-dieu-hanh/-cong-van-ve-viec-dieu-hanh-kinh-doanh-xang-dau80.html
Công văn về việc điều hành kinh doanh xăng dầu,10541/BCT-TTTN,04/11/2016,https://moit.gov.vn/van-ban-phap-luat/van-ban-dieu-hanh/-cong-van-ve-viec-dieu-hanh-kinh-doanh-xang-dau81.html
Công văn về việc điều hành kinh doanh xăng dầu,9999/BCT-TTTN,20/10/2016,https://moit.gov.vn/van-ban-phap-luat/van-ban-dieu-hanh/-cong-van-ve-viec-dieu-hanh-kinh-doanh-xang-dau82.html
Công văn về việc điều hành kinh doanh xăng dầu,9434/BCT-TTTN,05/10/2016,https://moit.gov.vn/van-ban-phap-luat/van-ban-dieu-hanh/-cong-van-ve-viec-dieu-hanh-kinh-doanh-xang-dau83.html
Công văn về việc điều hành kinh doanh xăng dầu,8811/BCT-TTTN,20/09/2016,https://moit.gov.vn/van-ban-phap-luat/van-ban-dieu-hanh/-cong-van-ve-viec-dieu-hanh-kinh-doanh-xang-dau84.html
Công văn về việc điều hành kinh doanh xăng dầu,8239/BCT-TTTN,05/09/2016,https://moit.gov.vn/van-ban-phap-luat/van-ban-dieu-hanh/-cong-van-ve-viec-dieu-hanh-kinh-doanh-xang-dau85.html
Công văn về việc điều hành kinh doanh xăng dầu,7716/BCT-TTTN,19/08/2016,https://moit.gov.vn/van-ban-phap-luat/van-ban-dieu-hanh/-cong-van-ve-viec-dieu-hanh-kinh-doanh-xang-dau86.html
Công văn về việc điều hành kinh doanh xăng dầu,7204/BCT-TTTN,04/08/2016,https://moit.gov.vn/van-ban-phap-luat/van-ban-dieu-hanh/-cong-van-ve-viec-dieu-hanh-kinh-doanh-xang-dau87.html
Công văn về việc điều hành kinh doanh xăng dầu,6695/BCT-TTTN,20/07/2016,https://moit.gov.vn/van-ban-phap-luat/van-ban-dieu-hanh/-cong-van-ve-viec-dieu-hanh-kinh-doanh-xang-dau88.html
Công văn về việc điều hành kinh doanh xăng dầu,6695/BCT-TTN,20/07/2016,https://moit.gov.vn/van-ban-phap-luat/van-ban-dieu-hanh/-cong-van-ve-viec-dieu-hanh-kinh-doanh-xang-dau89.html
Công văn về việc điều hành kinh doanh xăng dầu,6056/BCT-TTTN,05/07/2016,https://moit.gov.vn/van-ban-phap-luat/van-ban-dieu-hanh/-cong-van-ve-viec-dieu-hanh-kinh-doanh-xang-dau90.html
Công văn về việc điều hành kinh doanh xăng dầu,5450/BCT-TTTN,20/06/2016,https://moit.gov.vn/van-ban-phap-luat/van-ban-dieu-hanh/-cong-van-ve-viec-dieu-hanh-kinh-doanh-xang-dau91.html
Công văn về việc điều hành kinh doanh xăng dầu,4951/BCT-TTTN,04/06/2016,https://moit.gov.vn/van-ban-phap-luat/van-ban-dieu-hanh/-cong-van-ve-viec-dieu-hanh-kinh-doanh-xang-dau92.html
Công văn về việc điều hành kinh doanh xăng dầu,4353/BCT-TTTN,20/05/2016,https://moit.gov.vn/van-ban-phap-luat/van-ban-dieu-hanh/-cong-van-ve-viec-dieu-hanh-kinh-doanh-xang-dau93.html
Công văn về việc điều hành kinh doanh xăng dầu,3835/BCT-TTTN,05/05/2016,https://moit.gov.vn/van-ban-phap-luat/van-ban-dieu-hanh/-cong-van-ve-viec-dieu-hanh-kinh-doanh-xang-dau94.html
Công văn về việc điều hành kinh doanh xăng dầu,3407/BCT-TTTN,20/04/2016,https://moit.gov.vn/van-ban-phap-luat/van-ban-dieu-hanh/-cong-van-ve-viec-dieu-hanh-kinh-doanh-xang-dau95.html
Công văn về việc điều hành kinh doanh xăng dầu,2974/BCT-TTTN,05/04/2016,https://moit.gov.vn/van-ban-phap-luat/van-ban-dieu-hanh/-cong-van-ve-viec-dieu-hanh-kinh-doanh-xang-dau96.html
Công văn về việc điều hành kinh doanh xăng dầu,2427/BCT-TTTN,21/03/2016,https://moit.gov.vn/van-ban-phap-luat/van-ban-dieu-hanh/-cong-van-ve-viec-dieu-hanh-kinh-doanh-xang-dau97.html
Công văn về việc điều hành kinh doanh xăng dầu,1851/BCT-TTTN,04/03/2016,https://moit.gov.vn/van-ban-phap-luat/van-ban-dieu-hanh/-cong-van-ve-viec-dieu-hanh-kinh-doanh-xang-dau98.html
Công văn về việc điều hành kinh doanh xăng dầu,1407/BCT-TTTN,18/02/2016,https://moit.gov.vn/van-ban-phap-luat/van-ban-dieu-hanh/-cong-van-ve-viec-dieu-hanh-kinh-doanh-xang-dau99.html
Công văn về việc điều hành kinh doanh xăng dầu,1273/BCT-TTTN,03/02/2016,https://moit.gov.vn/van-ban-phap-luat/van-ban-dieu-hanh/-cong-van-ve-viec-dieu-hanh-kinh-doanh-xang-dau100.html
Công văn về việc điều hành kinh doanh xăng dầu,564/BCT-TTTN,19/01/2016,https://moit.gov.vn/van-ban-phap-luat/van-ban-dieu-hanh/-cong-van-ve-viec-dieu-hanh-kinh-doanh-xang-dau101.html
Công văn về việc điều hành kinh doanh xăng dầu,12/BCT-TTTN,04/01/2016,https://moit.gov.vn/van-ban-phap-luat/van-ban-dieu-hanh/-cong-van-ve-viec-dieu-hanh-kinh-doanh-xang-dau102.html
Công văn về việc điều hành kinh doanh xăng dầu,12925/BCT - TTTN,18/12/2015,https://moit.gov.vn/van-ban-phap-luat/van-ban-dieu-hanh/-cong-van-ve-viec-dieu-hanh-kinh-doanh-xang-dau103.html
Công văn về việc điều hành kinh doanh xăng dầu,12401/BCT-TTTN,03/12/2015,https://moit.gov.vn/van-ban-phap-luat/van-ban-dieu-hanh/-cong-van-ve-viec-dieu-hanh-kinh-doanh-xang-dau104.html
Công văn về việc điều hành kinh doanh xăng dầu,11858/BCT-TTTN,18/11/2015,https://moit.gov.vn/van-ban-phap-luat/van-ban-dieu-hanh/-cong-van-ve-viec-dieu-hanh-kinh-doanh-xang-dau105.html
Công văn về việc điều hành kinh doanh xăng dầu,11330/BCT-TTTN,03/11/2015,https://moit.gov.vn/van-ban-phap-luat/van-ban-dieu-hanh/-cong-van-ve-viec-dieu-hanh-kinh-doanh-xang-dau106.html
Công văn về việc điều hành kinh doanh xăng dầu,10755/BCT-TTTN,19/10/2015,https://moit.gov.vn/van-ban-phap-luat/van-ban-dieu-hanh/-cong-van-ve-viec-dieu-hanh-kinh-doanh-xang-dau107.html
Công văn về việc điều hành kinh doanh xăng dầu,10225/BCT-TTTN,03/10/2015,https://moit.gov.vn/van-ban-phap-luat/van-ban-dieu-hanh/-cong-van-ve-viec-dieu-hanh-kinh-doanh-xang-dau108.html
Công văn về việc điều hành kinh doanh xăng dầu.,9709/BCT-TTTN,18/09/2015,https://moit.gov.vn/van-ban-phap-luat/van-ban-dieu-hanh/-cong-van-ve-viec-dieu-hanh-kinh-doanh-xang-dau..html
Công văn về việc điều hành kinh doanh xăng dầu,9144/BCT-TTTN,03/09/2015,https://moit.gov.vn/van-ban-phap-luat/van-ban-dieu-hanh/-cong-van-ve-viec-dieu-hanh-kinh-doanh-xang-dau109.html
Công văn về việc điều hành kinh doanh xăng dầu,8616/BCT-TTTN,19/08/2015,https://moit.gov.vn/van-ban-phap-luat/van-ban-dieu-hanh/-cong-van-ve-viec-dieu-hanh-kinh-doanh-xang-dau110.html
Công văn về việc điều hành kinh doanh xăng dầu,8047/BCT-TTTN,04/08/2015,https://moit.gov.vn/van-ban-phap-luat/van-ban-dieu-hanh/-cong-van-ve-viec-dieu-hanh-kinh-doanh-xang-dau111.html
Công văn về việc điều hành kinh doanh xăng dầu,7294/BCT-TTTN,20/07/2015,https://moit.gov.vn/van-ban-phap-luat/van-ban-dieu-hanh/-cong-van-ve-viec-dieu-hanh-kinh-doanh-xang-dau112.html
Công văn về việc điều hành kinh doanh xăng dầu,6714/BCT-TTTN,04/07/2015,https://moit.gov.vn/van-ban-phap-luat/van-ban-dieu-hanh/-cong-van-ve-viec-dieu-hanh-kinh-doanh-xang-dau113.html
Công văn về việc điều hành kinh doanh xăng dầu,6056/BCT-TTTN,19/06/2015,https://moit.gov.vn/van-ban-phap-luat/van-ban-dieu-hanh/-cong-van-ve-viec-dieu-hanh-kinh-doanh-xang-dau114.html
Công văn về việc điều hành kinh doanh xăng dầu,5507/BCT-TTTN,04/06/2015,https://moit.gov.vn/van-ban-phap-luat/van-ban-dieu-hanh/-cong-van-ve-viec-dieu-hanh-kinh-doanh-xang-dau115.html
Công văn về việc điều hành kinh doanh xăng dầu,4972/BCT-TTTN,20/05/2015,https://moit.gov.vn/van-ban-phap-luat/van-ban-dieu-hanh/-cong-van-ve-viec-dieu-hanh-kinh-doanh-xang-dau116.html
Công văn về việc điều hành kinh doanh xăng dầu,4391/BCT-TTTN,05/05/2015,https://moit.gov.vn/van-ban-phap-luat/van-ban-dieu-hanh/-cong-van-ve-viec-dieu-hanh-kinh-doanh-xang-dau117.html
Công văn về việc điều hành kinh doanh xăng dầu,3543/BCT-TTTN,13/04/2015,https://moit.gov.vn/van-ban-phap-luat/van-ban-dieu-hanh/-cong-van-ve-viec-dieu-hanh-kinh-doanh-xang-dau118.html
Công văn về việc điều hành kinh doanh xăng dầu,2943/BCT-TTTN,26/03/2015,https://moit.gov.vn/van-ban-phap-luat/van-ban-dieu-hanh/-cong-van-ve-viec-dieu-hanh-kinh-doanh-xang-dau119.html
Công văn về việc điều hành kinh doanh xăng dầu,2374/BCT-TTTN,11/03/2015,https://moit.gov.vn/van-ban-phap-luat/van-ban-dieu-hanh/-cong-van-ve-viec-dieu-hanh-kinh-doanh-xang-dau120.html
Công văn về việc điều hành kinh doanh xăng dầu,1860/BCT-TTTN,24/02/2015,https://moit.gov.vn/van-ban-phap-luat/van-ban-dieu-hanh/-cong-van-ve-viec-dieu-hanh-kinh-doanh-xang-dau121.html
Công văn về việc điều hành kinh doanh xăng dầu,1337/BCT-TTTN,05/02/2015,https://moit.gov.vn/van-ban-phap-luat/van-ban-dieu-hanh/-cong-van-ve-viec-dieu-hanh-kinh-doanh-xang-dau122.html
Công văn về việc điều hành kinh doanh xăng dầu,687/BCT-TTTN,21/01/2015,https://moit.gov.vn/van-ban-phap-luat/van-ban-dieu-hanh/-cong-van-ve-viec-dieu-hanh-kinh-doanh-xang-dau123.html
Công văn về việc điều hành kinh doanh xăng dầu,54/BCT-TTTN,06/01/2015,https://moit.gov.vn/van-ban-phap-luat/van-ban-dieu-hanh/-cong-van-ve-viec-dieu-hanh-kinh-doanh-xang-dau124.html
Công văn về việc điều hành kinh doanh xăng dầu,12826/QĐ-BCT,22/12/2014,https://moit.gov.vn/van-ban-phap-luat/van-ban-dieu-hanh/-cong-van-ve-viec-dieu-hanh-kinh-doanh-xang-dau125.html
Công văn về việc điều hành kinh doanh xăng dầu,12826/BCT-TTTN,22/12/2014,https://moit.gov.vn/van-ban-phap-luat/van-ban-dieu-hanh/-cong-van-ve-viec-dieu-hanh-kinh-doanh-xang-dau126.html
Công văn về việc điều hành kinh doanh xăng dầu,12248/BCT-TTTN,06/12/2014,https://moit.gov.vn/van-ban-phap-luat/van-ban-dieu-hanh/-cong-van-ve-viec-dieu-hanh-kinh-doanh-xang-dau127.html
Công văn về việc điều hành kinh doanh xăng dầu,12248/BCT-TTTN,06/12/2014,https://moit.gov.vn/van-ban-phap-luat/van-ban-dieu-hanh/cong-van-ve-viec-dieu-hanh-kinh-doanh-xang-dau14.html
Công văn về việc điều hành kinh doanh xăng dầu,11747/BCT-TTTN,22/11/2014,https://moit.gov.vn/van-ban-phap-luat/van-ban-dieu-hanh/-cong-van-ve-viec-dieu-hanh-kinh-doanh-xang-dau128.html
Công văn về việc điều hành kinh doanh xăng dầu,11088/BCT-TTTN,07/11/2014,https://moit.gov.vn/van-ban-phap-luat/van-ban-dieu-hanh/-cong-van-ve-viec-dieu-hanh-kinh-doanh-xang-dau129.html
Công văn về việc điều hành kinh doanh xăng dầu,14479/BTC-QLG,13/10/2014,https://moit.gov.vn/van-ban-phap-luat/van-ban-dieu-hanh/-cong-van-ve-viec-dieu-hanh-kinh-doanh-xang-dau130.html
Công văn về điều hành kinh doanh xăng dầu,13792/BTC-QLG,30/09/2014,https://moit.gov.vn/van-ban-phap-luat/van-ban-dieu-hanh/-cong-van-ve-dieu-hanh-kinh-doanh-xang-dau.html
Công văn về việc điều hành kinh doanh xăng dầu,12680/BTC-QLG,09/09/2014,https://moit.gov.vn/van-ban-phap-luat/van-ban-dieu-hanh/-cong-van-ve-viec-dieu-hanh-kinh-doanh-xang-dau131.html
Công văn về điều hành kinh doanh xăng dầu,12143/BTC-QLG,29/08/2014,https://moit.gov.vn/van-ban-phap-luat/van-ban-dieu-hanh/-cong-van-ve-dieu-hanh-kinh-doanh-xang-dau2.html
Công văn về việc điều hành kinh doanh xăng dầu,11533/BTC-QLG,18/08/2014,https://moit.gov.vn/van-ban-phap-luat/van-ban-dieu-hanh/-cong-van-ve-viec-dieu-hanh-kinh-doanh-xang-dau132.html
Công văn về việc điều hành kinh doanh xăng dầu,7831/BTC-QLG,12/06/2014,https://moit.gov.vn/van-ban-phap-luat/van-ban-dieu-hanh/-cong-van-ve-viec-dieu-hanh-kinh-doanh-xang-dau133.html
